,all_done,seed,configs,num_running,num_done,coarse_job_obj,coarse_output_folder,coarse_submitted,coarse_crash_recorded,any_fatal_crash
0,crashed,26e77124,['canyon'],0,1,"LocalJob(job_id=24576193633, process=None, finalized=True)",/root/ig7_official/26e77124/coarse,1.0,True,True
1,notdone,2b99ffe8,['coast'],1,0,"LocalJob(job_id=64191197641, process=<Process name='ig7_official_2b99ffe8_coarse' pid=1223904 parent=1222819 started>, finalized=False)",/root/ig7_official/2b99ffe8/coarse,1.0,,
2,notdone,6ccbdbfb,['forest'],1,0,"LocalJob(job_id=59601843456, process=<Process name='ig7_official_6ccbdbfb_coarse' pid=1224493 parent=1222819 started>, finalized=False)",/root/ig7_official/6ccbdbfb/coarse,1.0,,
3,notdone,593cd7be,['coast'],1,0,"LocalJob(job_id=98502511788, process=<Process name='ig7_official_593cd7be_coarse' pid=1225899 parent=1222819 started>, finalized=False)",/root/ig7_official/593cd7be/coarse,1.0,,
4,notdone,84086aa,['coast'],1,0,"LocalJob(job_id=19130134477, process=<Process name='ig7_official_84086aa_coarse' pid=1232759 parent=1222819 started>, finalized=False)",/root/ig7_official/84086aa/coarse,1.0,,
5,notdone,78fcddc0,['coast'],0,0,,,,,
6,notdone,6cd94dad,['plain'],0,0,,,,,
7,notdone,1dc4d8dd,['desert'],0,0,,,,,
8,notdone,28c97b0a,['plain'],0,0,,,,,
9,notdone,7d6f37ca,['forest'],0,0,,,,,
10,notdone,7c0c0eeb,['forest'],0,0,,,,,
11,notdone,5b67afc9,['coast'],0,0,,,,,
12,notdone,6fb34208,['coast'],0,0,,,,,
13,notdone,4a40d058,['canyon'],0,0,,,,,
14,notdone,43032da8,['desert'],0,0,,,,,
15,notdone,3aa7dc39,['plain'],0,0,,,,,
16,notdone,6c1afe7d,['forest'],0,0,,,,,
17,notdone,4dc92aa4,['plain'],0,0,,,,,
18,notdone,3c007bbc,['coast'],0,0,,,,,
19,notdone,5fcbd89d,['river'],0,0,,,,,
20,notdone,29d14496,['canyon'],0,0,,,,,
21,notdone,349a9ba,['coast'],0,0,,,,,
22,notdone,667b570f,['coast'],0,0,,,,,
23,notdone,50c75423,['desert'],0,0,,,,,
24,notdone,14b6a9c,['coast'],0,0,,,,,
25,notdone,251c98ab,['plain'],0,0,,,,,
26,notdone,3c5c4d2f,['coast'],0,0,,,,,
27,notdone,4f7f3c2c,['river'],0,0,,,,,
28,notdone,13bbfe08,['plain'],0,0,,,,,
29,notdone,74124b36,['forest'],0,0,,,,,
30,notdone,3a9a202,['coast'],0,0,,,,,
31,notdone,5b35d753,['forest'],0,0,,,,,
32,notdone,20fe00e3,['coast'],0,0,,,,,
33,notdone,1b64d04c,['desert'],0,0,,,,,
34,notdone,694fd8ca,['coast'],0,0,,,,,
35,notdone,3c7cfa23,['coast'],0,0,,,,,
36,notdone,65f80573,['canyon'],0,0,,,,,
37,notdone,4bff666f,['plain'],0,0,,,,,
38,notdone,12b57137,['mountain'],0,0,,,,,
39,notdone,71280d,['desert'],0,0,,,,,
40,notdone,6acecaab,['river'],0,0,,,,,
41,notdone,35b4a55b,['plain'],0,0,,,,,
42,notdone,7a23550a,['canyon'],0,0,,,,,
43,notdone,482e6656,['forest'],0,0,,,,,
44,notdone,63c485ed,['desert'],0,0,,,,,
45,notdone,73325d64,['mountain'],0,0,,,,,
46,notdone,4e3b64a5,['coast'],0,0,,,,,
47,notdone,5b53b4a4,['coast'],0,0,,,,,
48,notdone,3da6e192,['coast'],0,0,,,,,
49,notdone,1690cf98,['plain'],0,0,,,,,
50,notdone,2cdb342d,['desert'],0,0,,,,,
51,notdone,41df932e,['river'],0,0,,,,,
52,notdone,3efe26e1,['desert'],0,0,,,,,
53,notdone,49b4bd72,['mountain'],0,0,,,,,
54,notdone,66f78ac1,['plain'],0,0,,,,,
55,notdone,45d43fa7,['canyon'],0,0,,,,,
56,notdone,665b3eaa,['desert'],0,0,,,,,
57,notdone,5d7d29bc,['mountain'],0,0,,,,,
58,notdone,4658be8b,['plain'],0,0,,,,,
59,notdone,6a3b83c,['plain'],0,0,,,,,
60,notdone,46724c71,['forest'],0,0,,,,,
61,notdone,596219bb,['forest'],0,0,,,,,
62,notdone,666ae21f,['plain'],0,0,,,,,
63,notdone,26d15bc2,['coast'],0,0,,,,,
64,notdone,26681010,['desert'],0,0,,,,,
65,notdone,3fb686c0,['river'],0,0,,,,,
66,notdone,227b4456,['desert'],0,0,,,,,
67,notdone,71349e03,['coast'],0,0,,,,,
68,notdone,3348986a,['plain'],0,0,,,,,
69,notdone,d0f274f,['canyon'],0,0,,,,,
70,notdone,36129bc1,['coast'],0,0,,,,,
71,notdone,1b584c8d,['river'],0,0,,,,,
72,notdone,11b7029f,['coast'],0,0,,,,,
73,notdone,20a282d2,['canyon'],0,0,,,,,
74,notdone,2f40396d,['canyon'],0,0,,,,,
75,notdone,23684e49,['forest'],0,0,,,,,
76,notdone,1837bdf3,['coast'],0,0,,,,,
77,notdone,1b9f89fd,['desert'],0,0,,,,,
78,notdone,3300d208,['coast'],0,0,,,,,
79,notdone,2ccf4352,['desert'],0,0,,,,,
80,notdone,38d4d23,['plain'],0,0,,,,,
81,notdone,38a1daf5,['coast'],0,0,,,,,
82,notdone,1c0e727,['plain'],0,0,,,,,
83,notdone,723c4a41,['river'],0,0,,,,,
84,notdone,5cc800dd,['mountain'],0,0,,,,,
85,notdone,5fd9011,['coast'],0,0,,,,,
86,notdone,3130bc4c,['forest'],0,0,,,,,
87,notdone,5c41afa7,['coast'],0,0,,,,,
88,notdone,2d0fcce3,['desert'],0,0,,,,,
89,notdone,649a5400,['coast'],0,0,,,,,
90,notdone,43a5ace6,['plain'],0,0,,,,,
91,notdone,5c9f443,['forest'],0,0,,,,,
92,notdone,2e578ba0,['coast'],0,0,,,,,
93,notdone,7b0b40ff,['plain'],0,0,,,,,
94,notdone,1a9bf14b,['plain'],0,0,,,,,
95,notdone,2406e3,['forest'],0,0,,,,,
96,notdone,2160a34b,['coast'],0,0,,,,,
97,notdone,196e0771,['desert'],0,0,,,,,
98,notdone,40c6a5e3,['forest'],0,0,,,,,
99,notdone,303411f8,['canyon'],0,0,,,,,
100,notdone,3479b45f,['plain'],0,0,,,,,
101,notdone,5614da6b,['forest'],0,0,,,,,
102,notdone,1175ee7e,['coast'],0,0,,,,,
103,notdone,220d3cc4,['coast'],0,0,,,,,
104,notdone,51d13ed,['desert'],0,0,,,,,
105,notdone,66e44fc7,['coast'],0,0,,,,,
106,notdone,6f97d3e3,['river'],0,0,,,,,
107,notdone,66b96735,['forest'],0,0,,,,,
108,notdone,4dd14dbe,['forest'],0,0,,,,,
109,notdone,775ba06c,['plain'],0,0,,,,,
110,notdone,2b3c51c3,['river'],0,0,,,,,
111,notdone,46fbd66,['desert'],0,0,,,,,
112,notdone,6fe9f9a3,['coast'],0,0,,,,,
113,notdone,5066e691,['plain'],0,0,,,,,
114,notdone,7f10aea8,['forest'],0,0,,,,,
115,notdone,5c97d8c0,['desert'],0,0,,,,,
116,notdone,111b1970,['river'],0,0,,,,,
117,notdone,17bb94e0,['forest'],0,0,,,,,
118,notdone,2a4150d,['river'],0,0,,,,,
119,notdone,251fcdb7,['river'],0,0,,,,,
120,notdone,4d24660c,['coast'],0,0,,,,,
121,notdone,59a774b3,['coast'],0,0,,,,,
122,notdone,11186532,['plain'],0,0,,,,,
123,notdone,3695df73,['river'],0,0,,,,,
124,notdone,5d3c6391,['mountain'],0,0,,,,,
125,notdone,44dcd858,['river'],0,0,,,,,
126,notdone,10781dc,['forest'],0,0,,,,,
127,notdone,17e5e626,['plain'],0,0,,,,,
128,notdone,48aaa56a,['plain'],0,0,,,,,
129,notdone,426b0ed6,['desert'],0,0,,,,,
130,notdone,3fc84d82,['river'],0,0,,,,,
131,notdone,6287fac0,['forest'],0,0,,,,,
132,notdone,26839442,['coast'],0,0,,,,,
133,notdone,40037b09,['coast'],0,0,,,,,
134,notdone,2bcb337b,['coast'],0,0,,,,,
135,notdone,445aae33,['forest'],0,0,,,,,
136,notdone,3bb2271,['river'],0,0,,,,,
137,notdone,67910f09,['river'],0,0,,,,,
138,notdone,6e71ec37,['river'],0,0,,,,,
139,notdone,78bb6810,['forest'],0,0,,,,,
140,notdone,7524aece,['mountain'],0,0,,,,,
141,notdone,b0e4694,['coast'],0,0,,,,,
142,notdone,3e4aa2c6,['mountain'],0,0,,,,,
143,notdone,1b4ca2ad,['coast'],0,0,,,,,
144,notdone,65ca5bda,['plain'],0,0,,,,,
145,notdone,39e44fae,['forest'],0,0,,,,,
146,notdone,2c324677,['plain'],0,0,,,,,
147,notdone,13a739de,['coast'],0,0,,,,,
148,notdone,344e4e35,['forest'],0,0,,,,,
149,notdone,40112ff4,['plain'],0,0,,,,,
150,notdone,7cc3aec6,['desert'],0,0,,,,,
151,notdone,421ec09f,['desert'],0,0,,,,,
152,notdone,89b824b,['forest'],0,0,,,,,
153,notdone,2ab8792,['river'],0,0,,,,,
154,notdone,41ff400c,['canyon'],0,0,,,,,
155,notdone,9954b08,['canyon'],0,0,,,,,
156,notdone,561626da,['plain'],0,0,,,,,
157,notdone,7bfc6431,['plain'],0,0,,,,,
158,notdone,7d241339,['forest'],0,0,,,,,
159,notdone,39e3b44a,['canyon'],0,0,,,,,
160,notdone,23a18af4,['forest'],0,0,,,,,
161,notdone,1da3d011,['plain'],0,0,,,,,
162,notdone,65e51e8c,['coast'],0,0,,,,,
163,notdone,6ca3df46,['desert'],0,0,,,,,
164,notdone,7b3374f5,['canyon'],0,0,,,,,
165,notdone,ab5dd20,['coast'],0,0,,,,,
166,notdone,32f88296,['coast'],0,0,,,,,
167,notdone,61644ba8,['plain'],0,0,,,,,
168,notdone,8a91cdf,['coast'],0,0,,,,,
169,notdone,3c1f8115,['plain'],0,0,,,,,
170,notdone,2e81ff7,['coast'],0,0,,,,,
171,notdone,3728f620,['canyon'],0,0,,,,,
172,notdone,671ddbf8,['river'],0,0,,,,,
173,notdone,5873d1fc,['coast'],0,0,,,,,
174,notdone,2a64b244,['coast'],0,0,,,,,
175,notdone,4f295863,['plain'],0,0,,,,,
176,notdone,34a2bc70,['canyon'],0,0,,,,,
177,notdone,21e904a6,['forest'],0,0,,,,,
178,notdone,fd80009,['canyon'],0,0,,,,,
179,notdone,399a1d0,['river'],0,0,,,,,
180,notdone,2111d528,['desert'],0,0,,,,,
181,notdone,f1f0ec0,['mountain'],0,0,,,,,
182,notdone,570917b1,['desert'],0,0,,,,,
183,notdone,6c83270c,['plain'],0,0,,,,,
184,notdone,5becc7a4,['desert'],0,0,,,,,
185,notdone,1f1acf1c,['coast'],0,0,,,,,
186,notdone,155ac31b,['forest'],0,0,,,,,
187,notdone,2bc35e66,['coast'],0,0,,,,,
188,notdone,6c72a7ba,['river'],0,0,,,,,
189,notdone,251f9874,['forest'],0,0,,,,,
190,notdone,64e4d82e,['desert'],0,0,,,,,
191,notdone,ffc31c4,['river'],0,0,,,,,
192,notdone,22ce10a5,['canyon'],0,0,,,,,
193,notdone,44957473,['plain'],0,0,,,,,
194,notdone,2a9c8113,['coast'],0,0,,,,,
195,notdone,2949b0b6,['coast'],0,0,,,,,
196,notdone,57287d73,['forest'],0,0,,,,,
197,notdone,6d70c63d,['forest'],0,0,,,,,
198,notdone,3836cbe6,['desert'],0,0,,,,,
199,notdone,72946d7a,['coast'],0,0,,,,,
200,notdone,70a3b84c,['desert'],0,0,,,,,
201,notdone,7fe7cd06,['plain'],0,0,,,,,
202,notdone,75fc3bb5,['forest'],0,0,,,,,
203,notdone,15826934,['forest'],0,0,,,,,
204,notdone,2854b6f8,['plain'],0,0,,,,,
205,notdone,1cea2f1,['forest'],0,0,,,,,
206,notdone,469893d1,['plain'],0,0,,,,,
207,notdone,62a065c,['desert'],0,0,,,,,
208,notdone,2b599355,['coast'],0,0,,,,,
209,notdone,10974ef3,['coast'],0,0,,,,,
210,notdone,6650c672,['mountain'],0,0,,,,,
211,notdone,136d192d,['coast'],0,0,,,,,
212,notdone,6070446d,['desert'],0,0,,,,,
213,notdone,2b19d62b,['river'],0,0,,,,,
214,notdone,c284ae2,['mountain'],0,0,,,,,
215,notdone,5d9256bb,['desert'],0,0,,,,,
216,notdone,283f169c,['river'],0,0,,,,,
217,notdone,5e0d9ab7,['coast'],0,0,,,,,
218,notdone,e67b677,['mountain'],0,0,,,,,
219,notdone,137b518b,['river'],0,0,,,,,
220,notdone,16386fb3,['river'],0,0,,,,,
221,notdone,48761582,['plain'],0,0,,,,,
222,notdone,610bbbbf,['mountain'],0,0,,,,,
223,notdone,6d5ad1d9,['forest'],0,0,,,,,
224,notdone,69c773e3,['canyon'],0,0,,,,,
225,notdone,57202af5,['coast'],0,0,,,,,
226,notdone,623d821d,['river'],0,0,,,,,
227,notdone,6a3430c8,['canyon'],0,0,,,,,
228,notdone,21b0ac2e,['desert'],0,0,,,,,
229,notdone,4ad8978,['canyon'],0,0,,,,,
230,notdone,22c1737b,['plain'],0,0,,,,,
231,notdone,43ec812d,['coast'],0,0,,,,,
232,notdone,720245b7,['river'],0,0,,,,,
233,notdone,323f885,['forest'],0,0,,,,,
234,notdone,4b60c0f9,['forest'],0,0,,,,,
235,notdone,451ca5db,['river'],0,0,,,,,
236,notdone,2003cec2,['forest'],0,0,,,,,
237,notdone,22f12dda,['coast'],0,0,,,,,
238,notdone,3735b72e,['river'],0,0,,,,,
239,notdone,2c57f3d4,['canyon'],0,0,,,,,
240,notdone,51bc3b4f,['plain'],0,0,,,,,
241,notdone,5853b455,['coast'],0,0,,,,,
242,notdone,281c640b,['coast'],0,0,,,,,
243,notdone,3a697b9d,['desert'],0,0,,,,,
244,notdone,96d81af,['plain'],0,0,,,,,
245,notdone,7484c175,['forest'],0,0,,,,,
246,notdone,549f6a67,['forest'],0,0,,,,,
247,notdone,5bea3ab4,['coast'],0,0,,,,,
248,notdone,32aad671,['plain'],0,0,,,,,
249,notdone,4c601257,['desert'],0,0,,,,,
250,notdone,2c509ea3,['coast'],0,0,,,,,
251,notdone,39037166,['canyon'],0,0,,,,,
252,notdone,4789f0d4,['coast'],0,0,,,,,
253,notdone,6fc6ff99,['plain'],0,0,,,,,
254,notdone,1032c3e1,['desert'],0,0,,,,,
255,notdone,3d1b0987,['plain'],0,0,,,,,
256,notdone,6414608a,['plain'],0,0,,,,,
257,notdone,6d641ea,['forest'],0,0,,,,,
258,notdone,6e9bcdb9,['forest'],0,0,,,,,
259,notdone,74b10d1c,['forest'],0,0,,,,,
260,notdone,4af0267c,['plain'],0,0,,,,,
261,notdone,61234336,['coast'],0,0,,,,,
262,notdone,34ec2fd3,['desert'],0,0,,,,,
263,notdone,6fc4ad5a,['desert'],0,0,,,,,
264,notdone,2632e2ac,['coast'],0,0,,,,,
265,notdone,624a6c40,['coast'],0,0,,,,,
266,notdone,2b4981a0,['coast'],0,0,,,,,
267,notdone,6ca12191,['canyon'],0,0,,,,,
268,notdone,fb9bf7f,['desert'],0,0,,,,,
269,notdone,183ca94d,['river'],0,0,,,,,
270,notdone,7e4426db,['plain'],0,0,,,,,
271,notdone,418856cc,['plain'],0,0,,,,,
272,notdone,6472457a,['coast'],0,0,,,,,
273,notdone,11a44b82,['river'],0,0,,,,,
274,notdone,792beb73,['desert'],0,0,,,,,
275,notdone,611ed412,['plain'],0,0,,,,,
276,notdone,307bf481,['river'],0,0,,,,,
277,notdone,450d5877,['coast'],0,0,,,,,
278,notdone,5063bab1,['plain'],0,0,,,,,
279,notdone,3dfdbac1,['coast'],0,0,,,,,
280,notdone,5dc2aaef,['plain'],0,0,,,,,
281,notdone,76d9c27,['plain'],0,0,,,,,
282,notdone,4eb8bcb0,['plain'],0,0,,,,,
283,notdone,10b59a69,['coast'],0,0,,,,,
284,notdone,2c3aa0b,['coast'],0,0,,,,,
285,notdone,ce56af1,['desert'],0,0,,,,,
286,notdone,edc510e,['canyon'],0,0,,,,,
287,notdone,530155d9,['forest'],0,0,,,,,
288,notdone,4179b643,['mountain'],0,0,,,,,
289,notdone,3d3a0ac7,['coast'],0,0,,,,,
290,notdone,668d8d68,['river'],0,0,,,,,
291,notdone,3b1c0c7c,['coast'],0,0,,,,,
292,notdone,1e5c88dc,['coast'],0,0,,,,,
293,notdone,6e492241,['desert'],0,0,,,,,
294,notdone,22613219,['plain'],0,0,,,,,
295,notdone,31a9c111,['canyon'],0,0,,,,,
296,notdone,287ed787,['desert'],0,0,,,,,
297,notdone,6c39035a,['plain'],0,0,,,,,
298,notdone,1c067596,['plain'],0,0,,,,,
299,notdone,2c36f01b,['coast'],0,0,,,,,
