,all_done,seed,configs,num_running,num_done,coarse_job_obj,coarse_output_folder,coarse_submitted
0,notdone,58afefcc,['mountain'],1,0,"LocalJob(job_id=10923231608, process=<Process name='ig7_official_58afefcc_coarse' pid=1235325 parent=1234793 started>, finalized=False)",/root/ig7_official/58afefcc/coarse,1.0
1,notdone,7eebe7a,['coast'],1,0,"LocalJob(job_id=16691537723, process=<Process name='ig7_official_7eebe7a_coarse' pid=1235878 parent=1234793 started>, finalized=False)",/root/ig7_official/7eebe7a/coarse,1.0
2,notdone,1c8c007e,['coast'],1,0,"LocalJob(job_id=39881592532, process=<Process name='ig7_official_1c8c007e_coarse' pid=1236463 parent=1234793 started>, finalized=False)",/root/ig7_official/1c8c007e/coarse,1.0
3,notdone,282a16ff,['coast'],1,0,"LocalJob(job_id=15274548472, process=<Process name='ig7_official_282a16ff_coarse' pid=1238560 parent=1234793 started>, finalized=False)",/root/ig7_official/282a16ff/coarse,1.0
4,notdone,7f3df07d,['forest'],0,0,,,
5,notdone,3f632ed5,['desert'],0,0,,,
6,notdone,28ab3589,['plain'],0,0,,,
7,notdone,fe8e8e,['plain'],0,0,,,
8,notdone,7140874c,['river'],0,0,,,
9,notdone,56ea2351,['coast'],0,0,,,
10,notdone,6fdb59eb,['river'],0,0,,,
11,notdone,5f8ddf80,['forest'],0,0,,,
12,notdone,76440efe,['desert'],0,0,,,
13,notdone,7b712b8a,['plain'],0,0,,,
14,notdone,2409e363,['coast'],0,0,,,
15,notdone,3d9af6a4,['desert'],0,0,,,
16,notdone,7d0bbf80,['coast'],0,0,,,
17,notdone,710111ae,['coast'],0,0,,,
18,notdone,451ca80d,['river'],0,0,,,
19,notdone,31f4a0cd,['coast'],0,0,,,
20,notdone,2fa313e6,['coast'],0,0,,,
21,notdone,5633ab50,['plain'],0,0,,,
22,notdone,7cad8b70,['plain'],0,0,,,
23,notdone,413c0496,['coast'],0,0,,,
24,notdone,6c8ba68e,['coast'],0,0,,,
25,notdone,39b6de5f,['canyon'],0,0,,,
26,notdone,1134e022,['coast'],0,0,,,
27,notdone,149aaf79,['desert'],0,0,,,
28,notdone,208b8e56,['plain'],0,0,,,
29,notdone,153045d5,['coast'],0,0,,,
30,notdone,626f1e4,['plain'],0,0,,,
31,notdone,49fe1f09,['coast'],0,0,,,
32,notdone,416f6376,['coast'],0,0,,,
33,notdone,620767a9,['coast'],0,0,,,
34,notdone,17866ce8,['coast'],0,0,,,
35,notdone,4c66dbf3,['coast'],0,0,,,
36,notdone,73d4f544,['desert'],0,0,,,
37,notdone,1d7cedb3,['river'],0,0,,,
38,notdone,20d61b6e,['river'],0,0,,,
39,notdone,7dbbae82,['desert'],0,0,,,
40,notdone,32d04486,['river'],0,0,,,
41,notdone,4414bd9,['desert'],0,0,,,
42,notdone,6f8a7528,['river'],0,0,,,
43,notdone,546ea392,['forest'],0,0,,,
44,notdone,30e608b0,['mountain'],0,0,,,
45,notdone,368ebf1b,['plain'],0,0,,,
46,notdone,1d979393,['canyon'],0,0,,,
47,notdone,14460b2d,['forest'],0,0,,,
48,notdone,2889f0fe,['plain'],0,0,,,
49,notdone,557a0235,['forest'],0,0,,,
50,notdone,6e69ca3f,['mountain'],0,0,,,
51,notdone,37fa276,['plain'],0,0,,,
52,notdone,3fff964f,['forest'],0,0,,,
53,notdone,43a993b,['desert'],0,0,,,
54,notdone,1419c878,['coast'],0,0,,,
55,notdone,31859e5d,['coast'],0,0,,,
56,notdone,5c26d074,['mountain'],0,0,,,
57,notdone,ed40572,['river'],0,0,,,
58,notdone,4f8d5564,['forest'],0,0,,,
59,notdone,3a621fdb,['river'],0,0,,,
60,notdone,67a55ad3,['desert'],0,0,,,
61,notdone,3fc57ff6,['coast'],0,0,,,
62,notdone,578d3d5e,['plain'],0,0,,,
63,notdone,3f141975,['desert'],0,0,,,
64,notdone,4d5da90e,['coast'],0,0,,,
65,notdone,3f9f89c1,['river'],0,0,,,
66,notdone,386e68cc,['coast'],0,0,,,
67,notdone,46a2d344,['canyon'],0,0,,,
68,notdone,7400e7bf,['river'],0,0,,,
69,notdone,9174497,['desert'],0,0,,,
70,notdone,477312c5,['coast'],0,0,,,
71,notdone,3dc8752a,['plain'],0,0,,,
72,notdone,5df68ada,['coast'],0,0,,,
73,notdone,5c9f24f4,['desert'],0,0,,,
74,notdone,223b0f6e,['coast'],0,0,,,
75,notdone,31727edd,['canyon'],0,0,,,
76,notdone,4792d88c,['river'],0,0,,,
77,notdone,7fe7c85d,['plain'],0,0,,,
78,notdone,e5964d7,['forest'],0,0,,,
79,notdone,2e62b8e,['desert'],0,0,,,
80,notdone,903fbd8,['forest'],0,0,,,
81,notdone,3d5b486e,['river'],0,0,,,
82,notdone,3bae3e50,['mountain'],0,0,,,
83,notdone,7349d5c2,['coast'],0,0,,,
84,notdone,37af700b,['river'],0,0,,,
85,notdone,bf5b791,['coast'],0,0,,,
86,notdone,2fbf542a,['river'],0,0,,,
87,notdone,1adf6b0b,['coast'],0,0,,,
88,notdone,475a3a23,['coast'],0,0,,,
89,notdone,308c18dc,['river'],0,0,,,
90,notdone,63042051,['river'],0,0,,,
91,notdone,725e5a0,['coast'],0,0,,,
92,notdone,4dfd54c0,['river'],0,0,,,
93,notdone,7ff6460e,['coast'],0,0,,,
94,notdone,2bb0a8d,['forest'],0,0,,,
95,notdone,2c40a138,['coast'],0,0,,,
96,notdone,574c9ede,['desert'],0,0,,,
97,notdone,193eba80,['coast'],0,0,,,
98,notdone,36c3ab4e,['river'],0,0,,,
99,notdone,786f1e9a,['desert'],0,0,,,
100,notdone,5190ec34,['plain'],0,0,,,
101,notdone,611d4677,['plain'],0,0,,,
102,notdone,1c856f96,['coast'],0,0,,,
103,notdone,59234600,['forest'],0,0,,,
104,notdone,2553ec7e,['coast'],0,0,,,
105,notdone,2d356972,['coast'],0,0,,,
106,notdone,41c50758,['forest'],0,0,,,
107,notdone,67bd0747,['desert'],0,0,,,
108,notdone,758d44e2,['forest'],0,0,,,
109,notdone,28b0767a,['desert'],0,0,,,
110,notdone,1536dbdc,['plain'],0,0,,,
111,notdone,28abf108,['coast'],0,0,,,
112,notdone,7032c23e,['canyon'],0,0,,,
113,notdone,3c869078,['coast'],0,0,,,
114,notdone,483cc0d,['coast'],0,0,,,
115,notdone,7857cb54,['plain'],0,0,,,
116,notdone,4e425f93,['coast'],0,0,,,
117,notdone,3972c51d,['plain'],0,0,,,
118,notdone,e2145a7,['canyon'],0,0,,,
119,notdone,4a1f556a,['desert'],0,0,,,
120,notdone,6cadc9a1,['coast'],0,0,,,
121,notdone,6bb37167,['coast'],0,0,,,
122,notdone,4eaff4fd,['river'],0,0,,,
123,notdone,1f5f4754,['river'],0,0,,,
124,notdone,7bb54f5e,['desert'],0,0,,,
125,notdone,2652b61,['forest'],0,0,,,
126,notdone,1d4a6d9e,['river'],0,0,,,
127,notdone,30025af,['river'],0,0,,,
128,notdone,6d457012,['forest'],0,0,,,
129,notdone,13133453,['plain'],0,0,,,
130,notdone,70af416f,['desert'],0,0,,,
131,notdone,6e681daf,['plain'],0,0,,,
132,notdone,1d48a71e,['forest'],0,0,,,
133,notdone,335fed9a,['coast'],0,0,,,
134,notdone,6e4f3d65,['forest'],0,0,,,
135,notdone,47286b0f,['mountain'],0,0,,,
136,notdone,2dc1ba3b,['desert'],0,0,,,
137,notdone,57ba54e3,['desert'],0,0,,,
138,notdone,5efeeddf,['river'],0,0,,,
139,notdone,681b7d4e,['coast'],0,0,,,
140,notdone,55c46cd5,['river'],0,0,,,
141,notdone,4c5bf613,['forest'],0,0,,,
142,notdone,b40b5b7,['plain'],0,0,,,
143,notdone,37ff9e42,['forest'],0,0,,,
144,notdone,714d0f4b,['plain'],0,0,,,
145,notdone,689963e,['river'],0,0,,,
146,notdone,f163a80,['river'],0,0,,,
147,notdone,349bacb1,['coast'],0,0,,,
148,notdone,66559f46,['desert'],0,0,,,
149,notdone,a4c0a79,['plain'],0,0,,,
150,notdone,49aba759,['canyon'],0,0,,,
151,notdone,172dddc0,['coast'],0,0,,,
152,notdone,294b9744,['canyon'],0,0,,,
153,notdone,5e7db7b2,['desert'],0,0,,,
154,notdone,17e11893,['desert'],0,0,,,
155,notdone,126ecbfb,['forest'],0,0,,,
156,notdone,751baa4,['desert'],0,0,,,
157,notdone,6560dc3d,['forest'],0,0,,,
158,notdone,7d2e52e,['coast'],0,0,,,
159,notdone,1b57920b,['forest'],0,0,,,
160,notdone,6ec1d2b5,['plain'],0,0,,,
161,notdone,1f4ef094,['desert'],0,0,,,
162,notdone,7a6517be,['desert'],0,0,,,
163,notdone,4e0a2b04,['plain'],0,0,,,
164,notdone,5b59d43c,['canyon'],0,0,,,
165,notdone,578aa480,['desert'],0,0,,,
166,notdone,698ccc19,['canyon'],0,0,,,
167,notdone,5d554c29,['coast'],0,0,,,
168,notdone,faab518,['river'],0,0,,,
169,notdone,34775f0d,['canyon'],0,0,,,
170,notdone,7502698a,['coast'],0,0,,,
171,notdone,50dbad61,['coast'],0,0,,,
172,notdone,6256a8c,['desert'],0,0,,,
173,notdone,723f6301,['forest'],0,0,,,
174,notdone,1be20125,['plain'],0,0,,,
175,notdone,17e6daf5,['canyon'],0,0,,,
176,notdone,6031b4d,['forest'],0,0,,,
177,notdone,1970159d,['forest'],0,0,,,
178,notdone,e70dc46,['forest'],0,0,,,
179,notdone,6bac8b9f,['coast'],0,0,,,
180,notdone,52ea743c,['coast'],0,0,,,
181,notdone,110931b9,['desert'],0,0,,,
182,notdone,674fc6da,['coast'],0,0,,,
183,notdone,35201f4f,['plain'],0,0,,,
184,notdone,13615a41,['coast'],0,0,,,
185,notdone,c8ede04,['plain'],0,0,,,
186,notdone,12127d13,['canyon'],0,0,,,
187,notdone,44582976,['plain'],0,0,,,
188,notdone,6c6f0c74,['desert'],0,0,,,
189,notdone,22990264,['canyon'],0,0,,,
190,notdone,f72da82,['river'],0,0,,,
191,notdone,657a77a5,['mountain'],0,0,,,
192,notdone,60fdd7ee,['coast'],0,0,,,
193,notdone,4d31b31d,['canyon'],0,0,,,
194,notdone,236e299b,['coast'],0,0,,,
195,notdone,30f5b398,['canyon'],0,0,,,
196,notdone,55a477a9,['forest'],0,0,,,
197,notdone,55bae030,['plain'],0,0,,,
198,notdone,621bdbb1,['river'],0,0,,,
199,notdone,4317fddc,['desert'],0,0,,,
200,notdone,499694b4,['desert'],0,0,,,
201,notdone,7cdf1917,['plain'],0,0,,,
202,notdone,529ccae0,['canyon'],0,0,,,
203,notdone,5b579a01,['river'],0,0,,,
204,notdone,582f69e3,['coast'],0,0,,,
205,notdone,394a4825,['coast'],0,0,,,
206,notdone,571aa58b,['canyon'],0,0,,,
207,notdone,b03177,['canyon'],0,0,,,
208,notdone,2a8c3518,['mountain'],0,0,,,
209,notdone,158d97be,['canyon'],0,0,,,
210,notdone,25c3b880,['coast'],0,0,,,
211,notdone,49ac2d66,['canyon'],0,0,,,
212,notdone,65ff6743,['coast'],0,0,,,
213,notdone,5432e8a5,['forest'],0,0,,,
214,notdone,549c34ad,['coast'],0,0,,,
215,notdone,7e85521d,['desert'],0,0,,,
216,notdone,78a93c6e,['forest'],0,0,,,
217,notdone,2966fe0a,['plain'],0,0,,,
218,notdone,fe9ac9a,['forest'],0,0,,,
219,notdone,64fee5e2,['coast'],0,0,,,
220,notdone,61016409,['forest'],0,0,,,
221,notdone,5c7ae730,['plain'],0,0,,,
222,notdone,768f212f,['coast'],0,0,,,
223,notdone,75d4c499,['mountain'],0,0,,,
224,notdone,3f712903,['mountain'],0,0,,,
225,notdone,6c5b38ed,['coast'],0,0,,,
226,notdone,1a4fea36,['coast'],0,0,,,
227,notdone,ec30659,['plain'],0,0,,,
228,notdone,559c61ac,['coast'],0,0,,,
229,notdone,5d12d936,['plain'],0,0,,,
230,notdone,69817d04,['plain'],0,0,,,
231,notdone,3074dc71,['coast'],0,0,,,
232,notdone,17147b36,['forest'],0,0,,,
233,notdone,6801e5bf,['forest'],0,0,,,
234,notdone,2d853712,['forest'],0,0,,,
235,notdone,5f86cf9c,['desert'],0,0,,,
236,notdone,14e3364d,['coast'],0,0,,,
237,notdone,6aafac00,['canyon'],0,0,,,
238,notdone,718be404,['canyon'],0,0,,,
239,notdone,e3ed7b6,['coast'],0,0,,,
240,notdone,1ff9dce7,['coast'],0,0,,,
241,notdone,3f7c5dd7,['desert'],0,0,,,
242,notdone,3f1506c9,['coast'],0,0,,,
243,notdone,4e5eb279,['coast'],0,0,,,
244,notdone,70f84433,['plain'],0,0,,,
245,notdone,74468743,['desert'],0,0,,,
246,notdone,17236f5f,['forest'],0,0,,,
247,notdone,1a90d8fe,['plain'],0,0,,,
248,notdone,1860d713,['plain'],0,0,,,
249,notdone,55f1a55f,['coast'],0,0,,,
250,notdone,3b95de1a,['river'],0,0,,,
251,notdone,2b63d9c,['plain'],0,0,,,
252,notdone,75dd37b4,['forest'],0,0,,,
253,notdone,102786e8,['desert'],0,0,,,
254,notdone,73a4a53b,['coast'],0,0,,,
255,notdone,758cffe8,['forest'],0,0,,,
256,notdone,3f506fdf,['coast'],0,0,,,
257,notdone,3dcfa060,['coast'],0,0,,,
258,notdone,9052de4,['plain'],0,0,,,
259,notdone,46a3c3fb,['desert'],0,0,,,
260,notdone,258a581e,['plain'],0,0,,,
261,notdone,3db5f4a9,['canyon'],0,0,,,
262,notdone,467e2590,['forest'],0,0,,,
263,notdone,576196c9,['coast'],0,0,,,
264,notdone,3d202b70,['plain'],0,0,,,
265,notdone,743e9f0a,['desert'],0,0,,,
266,notdone,789c9ab,['mountain'],0,0,,,
267,notdone,2e0912c,['plain'],0,0,,,
268,notdone,847a2c4,['river'],0,0,,,
269,notdone,7139f1a7,['forest'],0,0,,,
270,notdone,696ee2e4,['plain'],0,0,,,
271,notdone,5331136f,['plain'],0,0,,,
272,notdone,5b42b54c,['plain'],0,0,,,
273,notdone,5ef3c136,['mountain'],0,0,,,
274,notdone,282c00aa,['forest'],0,0,,,
275,notdone,6bed86a3,['coast'],0,0,,,
276,notdone,2247d9cf,['coast'],0,0,,,
277,notdone,6edf9fd3,['plain'],0,0,,,
278,notdone,67e83f9f,['river'],0,0,,,
279,notdone,7ce002a,['coast'],0,0,,,
280,notdone,773ec2f7,['forest'],0,0,,,
281,notdone,6852ddc6,['plain'],0,0,,,
282,notdone,75325d89,['river'],0,0,,,
283,notdone,56fb2cd7,['canyon'],0,0,,,
284,notdone,4503f9bb,['forest'],0,0,,,
285,notdone,5fd3a6d1,['mountain'],0,0,,,
286,notdone,3f41d16,['forest'],0,0,,,
287,notdone,5bd024a1,['forest'],0,0,,,
288,notdone,411abf68,['forest'],0,0,,,
289,notdone,5416c935,['coast'],0,0,,,
290,notdone,104a971c,['plain'],0,0,,,
291,notdone,4b709628,['desert'],0,0,,,
292,notdone,421d421a,['coast'],0,0,,,
293,notdone,2ca722fb,['forest'],0,0,,,
294,notdone,358223f2,['river'],0,0,,,
295,notdone,3c1f4130,['canyon'],0,0,,,
296,notdone,18fec862,['coast'],0,0,,,
297,notdone,20fc201e,['coast'],0,0,,,
298,notdone,3566ba96,['desert'],0,0,,,
299,notdone,6f2d7355,['coast'],0,0,,,
