engine	delta_ms	scene	pose	k_ark_pct	k_lidar_pct	ate_cm	seg5_min	seg5_max	seg5_sd	win2_sd	win2_absmax	jitter_deg	same_rms_deg	same_med_deg	ark_same_rms_deg	ark_same_med_deg	s_engine_ms	s_pts_ms	g	n
base	-10	13f5	backend_final	-5.1397	-7.2456	3.8412	-8.8467	7.2990	5.9179	8.9222	17.6629	0.0843	0.0843	0.0531	0.0372	0.0222	-4.5000	-6.5000	0.9962	288
base	-10	13f5	front	-4.5811	-6.6994	4.7569	-9.0078	12.3195	7.4524	8.5873	19.9355	0.2286			0.0222		0.0000	-2.0000	0.9100	858
base	-10	6d18	backend_final	1.2806	-2.7099	4.9658	-1.0789	3.8447	1.6933	3.2717	8.2782	0.1041	0.1041	0.0695	0.0616	0.0266	-4.0000	-6.5000	0.9990	288
base	-10	6d18	front	1.7855	-2.2248	5.3470	-1.3963	4.8166	2.0198	3.7113	8.7066	0.2856			0.0350		0.0000	-2.5000	0.8998	859
base	-10	7353	backend_final	0.7853	0.1604	4.0013	-2.2728	1.7412	1.4233	2.9403	6.4864	0.0946	0.0946	0.0614	0.0798	0.0306	-4.5000	-5.5000	0.9993	290
base	-10	7353	front	1.3395	0.7112	4.8883	-4.2152	5.8036	3.2708	8.6556	24.9127	0.3306			0.0408		-0.5000	-1.5000	0.9087	862
base	-9	13f5	backend_final	-5.7113	-7.8045	3.8027	-7.2079	8.3207	5.9646	8.5639	17.4438	0.0814	0.0814	0.0529	0.0372	0.0222	-4.5000	-5.5000	0.9966	288
base	-9	13f5	front	-5.0764	-7.1837	4.7242	-7.4994	12.7061	7.3290	8.6147	19.9918	0.2316			0.0222		-0.5000	-1.5000	0.9081	858
base	-9	6d18	backend_final	1.4213	-2.5747	5.2184	-0.9742	3.1181	1.5140	2.7424	6.4399	0.0997	0.0997	0.0658	0.0616	0.0266	-4.0000	-5.5000	0.9989	288
base	-9	6d18	front	1.8517	-2.1613	5.5253	-1.2086	3.8712	1.7381	3.0243	6.0901	0.2861			0.0350		0.0000	-1.5000	0.8988	859
base	-9	7353	backend_final	0.7239	0.0994	3.3458	-2.4173	1.5719	1.3760	2.8592	6.0552	0.0884	0.0884	0.0611	0.0798	0.0306	-4.5000	-4.5000	0.9992	290
base	-9	7353	front	1.3146	0.6865	4.2414	-3.4667	5.0508	2.9933	8.2022	22.7496	0.3342			0.0408		0.0000	-0.5000	0.9068	862
base	-8	13f5	backend_final	-4.7268	-6.8419	4.2708	-6.9637	11.5745	6.3498	9.2266	23.0713	0.0777	0.0777	0.0492	0.0372	0.0222	-4.5000	-4.5000	0.9972	288
base	-8	13f5	front	-4.0243	-6.1550	5.2180	-7.4186	20.5994	9.3103	9.1512	26.4815	0.2290			0.0222		-1.0000	-1.0000	0.9096	858
base	-8	6d18	backend_final	1.4006	-2.5945	5.2542	-0.7211	2.8040	1.3312	2.5846	6.2966	0.0885	0.0885	0.0620	0.0616	0.0266	-4.5000	-5.0000	0.9989	288
base	-8	6d18	front	1.7977	-2.2131	5.5025	-0.7926	3.2050	1.5569	2.7768	5.9941	0.2798			0.0350		0.0000	-0.5000	0.9026	859
base	-8	7353	backend_final	1.1422	0.5151	3.6320	-3.7960	1.1874	1.6079	3.2525	8.6662	0.0845	0.0845	0.0570	0.0798	0.0306	-4.5000	-3.5000	0.9997	290
base	-8	7353	front	1.6462	1.0160	4.2467	-3.8979	2.9675	2.2521	7.7997	23.4669	0.3295			0.0408		-0.5000	0.5000	0.9056	862
base	-7	13f5	backend_final	-3.9328	-6.0655	3.6293	-6.4978	8.5873	5.1194	7.6430	19.1377	0.0735	0.0735	0.0491	0.0372	0.0222	-4.5000	-3.5000	0.9972	288
base	-7	13f5	front	-3.3508	-5.4964	4.4593	-6.7885	13.5377	6.7044	8.0345	22.6939	0.2268			0.0222		-0.5000	0.5000	0.9111	858
base	-7	6d18	backend_final	1.5319	-2.4685	5.0310	-0.6715	2.5264	1.1928	2.4871	6.7766	0.0884	0.0884	0.0593	0.0616	0.0266	-4.5000	-4.0000	0.9994	288
base	-7	6d18	front	1.9400	-2.0764	5.1367	-0.8523	2.5933	1.4006	2.8156	6.7102	0.2802			0.0350		0.0000	0.5000	0.9029	859
base	-7	7353	backend_final	1.5049	0.8756	3.2661	-3.9999	1.0654	1.8259	3.4989	10.1402	0.0827	0.0827	0.0575	0.0798	0.0306	-4.5000	-2.5000	1.0000	290
base	-7	7353	front	1.9362	1.3042	3.8012	-3.8403	2.6666	1.9727	7.4722	21.0576	0.3362			0.0408		0.0000	2.0000	0.9060	862
base	-6	13f5	backend_final	-2.6246	-4.7863	2.8821	-6.6661	6.1687	4.2498	6.4976	15.2972	0.0703	0.0703	0.0446	0.0372	0.0222	-4.5000	-2.5000	0.9974	288
base	-6	13f5	front	-2.1503	-4.3225	3.5239	-6.8462	9.6460	5.3286	7.0938	18.9634	0.2224			0.0222		-1.5000	0.5000	0.9133	858
base	-6	6d18	backend_final	1.5029	-2.4963	4.9186	-0.3869	2.5294	1.0947	2.4432	7.2605	0.0797	0.0797	0.0541	0.0616	0.0266	-4.5000	-3.0000	0.9996	288
base	-6	6d18	front	1.8856	-2.1287	4.9927	-0.6423	2.6294	1.2094	2.7564	6.9062	0.2800			0.0350		-0.5000	1.0000	0.9028	859
base	-6	7353	backend_final	1.9730	1.3408	3.5899	-4.3770	1.2591	2.0764	3.4523	11.3017	0.0814	0.0814	0.0580	0.0798	0.0306	-4.5000	-1.5000	1.0000	290
base	-6	7353	front	2.3862	1.7514	3.9459	-4.0936	1.5442	1.7022	6.9847	20.0082	0.3337			0.0408		0.0000	3.0000	0.9050	862
base	-5	13f5	backend_final	-2.1881	-4.3595	2.5019	-6.0279	5.9899	3.9102	5.8915	13.3632	0.0668	0.0668	0.0418	0.0372	0.0222	-4.5000	-1.5000	0.9975	288
base	-5	13f5	front	-1.7647	-3.9455	2.9902	-6.1831	9.0897	4.9100	6.4108	17.1940	0.2247			0.0222		-1.0000	2.0000	0.9161	858
base	-5	6d18	backend_final	1.7349	-2.2735	4.3872	-0.5979	1.9235	0.8343	2.5136	7.8445	0.0772	0.0772	0.0518	0.0616	0.0266	-4.5000	-2.0000	0.9996	288
base	-5	6d18	front	2.1163	-1.9071	4.4330	-0.9077	2.0092	1.1347	2.7679	7.5709	0.2807			0.0350		0.0000	2.5000	0.9026	859
base	-5	7353	backend_final	2.2856	1.6515	3.5132	-4.4706	0.9494	2.0727	3.2449	10.6928	0.0752	0.0752	0.0531	0.0798	0.0306	-5.0000	-1.0000	1.0001	290
base	-5	7353	front	2.6752	2.0386	3.8368	-4.0848	1.4073	1.6400	6.6730	19.0373	0.3294			0.0408		-0.5000	3.5000	0.9053	862
base	-4	13f5	backend_final	-1.5616	-3.7469	2.1724	-5.3937	4.7304	3.2651	5.1756	11.2594	0.0634	0.0634	0.0398	0.0372	0.0222	-4.5000	-0.5000	0.9977	288
base	-4	13f5	front	-1.1850	-3.3787	2.5588	-5.5172	7.0233	3.9931	5.8053	15.1360	0.2218			0.0222		-1.0000	3.0000	0.9148	858
base	-4	6d18	backend_final	1.5912	-2.4115	4.1958	-0.3781	1.9198	0.8134	2.2905	7.1383	0.0694	0.0694	0.0487	0.0616	0.0266	-4.5000	-1.0000	0.9996	288
base	-4	6d18	front	1.9274	-2.0885	4.2212	-0.6670	2.0753	1.0003	2.6217	7.8103	0.2762			0.0350		0.0000	3.5000	0.9045	859
base	-4	7353	backend_final	2.3822	1.7474	3.3878	-5.1204	0.7754	2.2258	3.1341	9.7536	0.0703	0.0703	0.0498	0.0798	0.0306	-5.0000	0.0000	1.0003	290
base	-4	7353	front	2.7215	2.0847	3.6529	-4.8340	1.2847	1.8485	6.1622	17.3352	0.3254			0.0408		-1.0000	4.0000	0.9043	862
base	-3	13f5	backend_final	-1.1986	-3.3920	2.0019	-4.8594	4.9917	3.1299	4.9697	11.4584	0.0607	0.0607	0.0376	0.0372	0.0222	-4.5000	0.5000	0.9978	288
base	-3	13f5	front	-0.8392	-3.0405	2.3548	-4.9649	7.4572	3.9004	5.7123	15.5861	0.2172			0.0222		-1.0000	4.0000	0.9173	858
base	-3	6d18	backend_final	1.6084	-2.3949	4.0347	-0.4164	1.6697	0.8221	2.3024	7.1322	0.0647	0.0647	0.0453	0.0616	0.0266	-5.0000	-0.5000	0.9993	288
base	-3	6d18	front	1.9080	-2.1072	4.0622	-0.7183	2.2297	1.0261	2.4765	7.2874	0.2747			0.0350		0.0000	4.5000	0.9050	859
base	-3	7353	backend_final	2.3394	1.7049	3.2580	-5.6895	0.6689	2.3839	3.0774	8.6837	0.0665	0.0665	0.0456	0.0798	0.0306	-5.0000	1.0000	1.0007	290
base	-3	7353	front	2.6339	1.9976	3.5144	-5.7119	1.4093	2.2267	5.5772	15.6841	0.3155			0.0408		-1.0000	5.0000	0.9102	862
base	-2	13f5	backend_final	-0.7497	-2.9531	1.8280	-4.5068	3.8001	2.7042	4.4411	9.7249	0.0579	0.0579	0.0359	0.0372	0.0222	-5.0000	1.0000	0.9984	288
base	-2	13f5	front	-0.4213	-2.6320	2.0982	-4.5937	5.6577	3.2887	5.1569	13.6823	0.2180			0.0222		-0.5000	5.5000	0.9156	858
base	-2	6d18	backend_final	1.5581	-2.4433	3.5580	-0.4956	1.7418	0.8598	2.2127	6.8110	0.0569	0.0569	0.0428	0.0616	0.0266	-5.0000	0.5000	0.9993	288
base	-2	6d18	front	1.8342	-2.1780	3.6156	-0.8034	1.9103	0.9833	2.3337	6.5334	0.2769			0.0350		0.0000	5.5000	0.9042	859
base	-2	7353	backend_final	2.2713	1.6372	3.0980	-5.9352	0.6301	2.5359	3.0201	8.1528	0.0689	0.0689	0.0434	0.0798	0.0306	-5.0000	2.0000	1.0010	290
base	-2	7353	front	2.5440	1.9082	3.3209	-5.9934	1.7303	2.4560	5.1679	13.7617	0.3172			0.0408		-1.0000	5.5000	0.9102	862
base	-1	13f5	backend_final	-0.2623	-2.4765	1.7836	-4.1609	3.3189	2.5288	4.2813	8.7106	0.0566	0.0566	0.0331	0.0372	0.0222	-5.0000	2.0000	0.9986	288
base	-1	13f5	front	0.0575	-2.1638	1.9772	-4.2510	5.1262	3.0798	4.6978	12.1052	0.2204			0.0222		0.0000	7.0000	0.9145	858
base	-1	6d18	backend_final	1.6936	-2.3131	3.1674	-0.6942	1.6347	0.8357	2.2215	6.2254	0.0584	0.0584	0.0406	0.0616	0.0266	-5.0000	1.5000	0.9995	288
base	-1	6d18	front	1.9655	-2.0519	3.2478	-1.0244	2.3091	1.1420	2.7124	6.5178	0.2761			0.0350		-0.5000	6.0000	0.9012	859
base	-1	7353	backend_final	2.3459	1.7114	3.0792	-5.5992	1.0041	2.4336	2.8948	7.0062	0.0686	0.0686	0.0425	0.0798	0.0306	-5.0000	3.0000	1.0010	290
base	-1	7353	front	2.5851	1.9491	3.2977	-5.5489	1.5500	2.3359	4.7684	13.0529	0.3178			0.0408		-1.0000	6.5000	0.9103	862
base	0	13f5	backend_final	-0.0466	-2.2656	1.6090	-3.7207	2.4663	2.3122	4.0126	7.5996	0.0563	0.0563	0.0338	0.0372	0.0222	-5.0000	3.0000	0.9990	288
base	0	13f5	front	0.2644	-1.9614	1.7644	-3.8678	3.8061	2.7098	4.4021	10.5711	0.2239			0.0222		0.0000	8.0000	0.9104	858
base	0	6d18	backend_final	1.6282	-2.3759	2.8508	-0.8070	1.7911	0.9050	2.3380	6.2146	0.0568	0.0568	0.0420	0.0616	0.0266	-5.0000	2.5000	0.9996	288
base	0	6d18	front	1.8834	-2.1309	2.9669	-1.1587	2.4071	1.2414	2.8234	6.0728	0.2840			0.0350		0.0000	7.5000	0.8989	859
base	0	7353	backend_final	2.5584	1.9226	3.1639	-5.4448	1.1087	2.3661	2.8158	6.1869	0.0714	0.0714	0.0412	0.0798	0.0306	-5.0000	4.0000	1.0013	290
base	0	7353	front	2.7938	2.1565	3.3371	-5.3528	1.4157	2.3074	4.1264	10.2955	0.3324			0.0408		-0.5000	8.5000	0.9067	862
base	1	13f5	backend_final	0.3598	-1.8682	1.5455	-4.4890	1.6471	2.2330	3.7080	7.6448	0.0569	0.0569	0.0357	0.0372	0.0222	-5.0000	4.0000	0.9995	288
base	1	13f5	front	0.6658	-1.5689	1.6334	-4.6811	2.3788	2.4246	4.1485	9.6001	0.2261			0.0222		0.0000	9.0000	0.9089	858
base	1	6d18	backend_final	1.4283	-2.5680	2.7471	-0.8745	1.9123	0.9354	2.4041	5.7248	0.0569	0.0569	0.0427	0.0616	0.0266	-5.5000	3.0000	0.9998	288
base	1	6d18	front	1.6520	-2.3530	2.8766	-1.1350	2.5133	1.2834	2.8852	5.7086	0.2850			0.0350		0.0000	8.5000	0.8985	859
base	1	7353	backend_final	2.7692	2.1320	3.5043	-6.7860	1.2107	2.8228	3.1795	7.3490	0.0708	0.0708	0.0432	0.0798	0.0306	-5.0000	5.0000	1.0014	290
base	1	7353	front	3.0550	2.4161	3.7077	-6.8422	1.2931	2.7880	4.0287	9.1296	0.3383			0.0408		0.5000	10.0000	0.9074	862
base	2	13f5	backend_final	0.6834	-1.5518	1.5969	-5.4444	1.3229	2.3829	3.7289	8.9855	0.0578	0.0578	0.0360	0.0372	0.0222	-5.0000	5.0000	0.9999	288
base	2	13f5	front	0.9768	-1.2649	1.6719	-5.8944	1.8398	2.5991	4.0918	8.5980	0.2280			0.0222		-0.5000	9.5000	0.9074	858
base	2	6d18	backend_final	1.2326	-2.7560	2.6236	-0.9489	1.8007	0.9660	2.4662	5.6106	0.0577	0.0577	0.0435	0.0616	0.0266	-5.5000	4.0000	1.0000	288
base	2	6d18	front	1.4419	-2.5549	2.7652	-1.2601	2.1792	1.3022	2.9258	5.3153	0.2776			0.0350		0.0000	9.5000	0.9027	859
base	2	7353	backend_final	2.9935	2.3549	3.8185	-6.8628	1.4069	2.8666	3.2895	7.5320	0.0730	0.0730	0.0450	0.0798	0.0306	-5.5000	5.5000	1.0015	290
base	2	7353	front	3.2781	2.6377	3.9986	-7.0517	1.4273	2.8811	3.9135	7.9617	0.3377			0.0408		0.0000	11.0000	0.9059	862
base	3	13f5	backend_final	0.9264	-1.3141	1.7328	-6.2893	0.9206	2.5316	3.7259	9.8282	0.0587	0.0587	0.0360	0.0372	0.0222	-5.5000	5.5000	1.0006	288
base	3	13f5	front	1.2179	-1.0291	1.7872	-6.8025	0.9706	2.6991	4.1409	8.1534	0.2275			0.0222		-0.5000	10.5000	0.9085	858
base	3	6d18	backend_final	1.0548	-2.9268	2.5362	-1.0383	1.8529	1.0296	2.6383	4.8361	0.0609	0.0609	0.0468	0.0616	0.0266	-5.5000	5.0000	1.0002	288
base	3	6d18	front	1.2297	-2.7587	2.7074	-1.4116	2.2029	1.3863	3.1944	5.6245	0.2775			0.0350		0.0000	10.5000	0.9030	859
base	3	7353	backend_final	3.2128	2.5729	4.1567	-6.8770	1.7958	3.0345	3.5112	8.3283	0.0764	0.0764	0.0478	0.0798	0.0306	-5.5000	6.5000	1.0015	290
base	3	7353	front	3.4991	2.8574	4.3602	-7.4136	1.9694	3.1222	4.0133	8.3798	0.3336			0.0408		0.0000	12.0000	0.9076	862
base	4	13f5	backend_final	0.8796	-1.3599	1.8530	-6.9820	1.0680	2.6443	3.6876	10.6316	0.0605	0.0605	0.0371	0.0372	0.0222	-5.5000	6.5000	1.0007	288
base	4	13f5	front	1.1730	-1.0730	1.8968	-7.4272	0.9512	2.7272	4.0763	9.2278	0.2249			0.0222		-1.0000	11.0000	0.9083	858
base	4	6d18	backend_final	0.8336	-3.1392	2.3762	-1.0925	1.7051	1.0486	2.8471	5.1181	0.0651	0.0651	0.0511	0.0616	0.0266	-5.5000	6.0000	1.0003	288
base	4	6d18	front	0.9868	-2.9921	2.5905	-1.4846	2.4484	1.3915	3.3013	5.7874	0.2756			0.0350		-0.5000	11.0000	0.9028	859
base	4	7353	backend_final	3.6842	3.0413	4.5256	-6.2205	2.0739	3.0023	3.6436	7.5673	0.0799	0.0799	0.0504	0.0798	0.0306	-5.5000	7.5000	1.0016	290
base	4	7353	front	3.9782	3.3335	4.7635	-7.6570	2.4265	3.3846	4.4678	10.3399	0.3322			0.0408		0.0000	13.0000	0.9054	862
base	5	13f5	backend_final	0.7062	-1.5295	1.8880	-7.5693	1.5284	2.8996	3.8005	11.4326	0.0635	0.0635	0.0384	0.0372	0.0222	-5.5000	7.5000	1.0007	288
base	5	13f5	front	1.0146	-1.2279	1.9685	-8.3073	1.4236	3.0846	4.2445	9.9481	0.2233			0.0222		-1.0000	12.0000	0.9128	858
base	5	6d18	backend_final	0.6532	-3.3126	2.3290	-1.1299	1.8521	1.1547	3.1995	6.2815	0.0701	0.0701	0.0548	0.0616	0.0266	-5.5000	7.0000	1.0005	288
base	5	6d18	front	0.7775	-3.1931	2.5893	-1.5055	2.7709	1.4901	3.7038	6.5383	0.2746			0.0350		-0.5000	12.0000	0.9027	859
base	5	7353	backend_final	4.1799	3.5340	5.0603	-6.4579	2.2066	3.2774	3.8880	8.0442	0.0812	0.0812	0.0528	0.0798	0.0306	-5.5000	8.5000	1.0016	290
base	5	7353	front	4.5405	3.8923	5.3099	-7.7068	2.9479	3.6300	4.9759	11.1297	0.3267			0.0408		-0.5000	13.5000	0.9060	862
base	6	13f5	backend_final	0.8893	-1.3505	2.0509	-8.8145	1.7615	3.3096	3.9835	12.5769	0.0668	0.0668	0.0403	0.0372	0.0222	-5.5000	8.5000	1.0002	288
base	6	13f5	front	1.2173	-1.0297	2.1415	-9.2932	1.7516	3.4292	4.6335	11.3795	0.2207			0.0222		-1.0000	13.0000	0.9110	858
base	6	6d18	backend_final	0.4913	-3.4681	2.3054	-1.1504	1.8479	1.1531	3.4762	6.9405	0.0737	0.0737	0.0587	0.0616	0.0266	-6.0000	7.5000	1.0002	288
base	6	6d18	front	0.5851	-3.3779	2.6479	-1.5048	2.9325	1.5046	4.0011	6.8093	0.2735			0.0350		-0.5000	13.0000	0.9054	859
base	6	7353	backend_final	4.7113	4.0621	5.9396	-7.2207	2.5925	3.5105	4.0996	8.8298	0.0875	0.0875	0.0562	0.0798	0.0306	-5.5000	9.5000	1.0018	290
base	6	7353	front	5.1065	4.4548	6.2468	-7.6868	3.5740	3.8668	5.5990	11.5047	0.3352			0.0408		0.0000	15.0000	0.9008	862
base	7	13f5	backend_final	0.7903	-1.4473	2.2985	-9.6377	2.8319	3.7961	4.2822	13.3048	0.0714	0.0714	0.0435	0.0372	0.0222	-5.5000	9.5000	1.0006	288
base	7	13f5	front	1.1765	-1.0696	2.4198	-10.1166	2.7769	3.9515	5.2224	12.7115	0.2177			0.0222		-1.0000	14.0000	0.9149	858
base	7	6d18	backend_final	0.5220	-3.4386	2.6116	-1.3998	1.9366	1.1865	3.4861	7.1506	0.0782	0.0782	0.0626	0.0616	0.0266	-6.0000	8.5000	1.0001	288
base	7	6d18	front	0.6131	-3.3510	2.9768	-1.7896	3.1075	1.6137	3.9719	6.8071	0.2755			0.0350		-0.5000	14.0000	0.9040	859
base	7	7353	backend_final	4.8070	4.1572	6.5788	-8.4202	2.9527	4.0711	4.6865	10.8073	0.0911	0.0911	0.0598	0.0798	0.0306	-5.5000	10.5000	1.0016	290
base	7	7353	front	5.1368	4.4849	6.8803	-9.2062	4.3280	4.6473	6.6067	13.7073	0.3267			0.0408		-0.5000	15.5000	0.9042	862
base	8	13f5	backend_final	1.4227	-0.8289	2.7440	-11.2402	1.9218	4.1082	4.6912	15.1556	0.0760	0.0760	0.0460	0.0372	0.0222	-5.5000	10.5000	1.0003	288
base	8	13f5	front	1.8090	-0.4511	2.8453	-11.8074	1.5515	4.2544	5.6147	14.5957	0.2212			0.0222		-1.0000	15.0000	0.9146	858
base	8	6d18	backend_final	0.5310	-3.4299	2.5584	-1.6820	1.8647	1.2572	3.7940	8.4995	0.0831	0.0831	0.0680	0.0616	0.0266	-6.0000	9.5000	1.0000	288
base	8	6d18	front	0.5891	-3.3741	3.0053	-2.0129	3.1159	1.6935	4.4944	8.8191	0.2803			0.0350		-0.5000	15.0000	0.9041	859
base	8	7353	backend_final	5.5035	4.8494	8.0407	-9.7452	2.3977	3.8506	4.6581	11.3137	0.0940	0.0940	0.0595	0.0798	0.0306	-5.5000	11.5000	1.0015	290
base	8	7353	front	5.9186	5.2619	8.4415	-7.1819	3.8227	4.1094	6.7082	14.2732	0.3261			0.0408		-1.0000	16.0000	0.9042	862
okvis	-10	13f5	backend_final	-2.1021	-4.2754	2.6440	-6.5307	4.7802	3.7798	6.2693	13.6512	0.0660	0.0660	0.0417	0.0372	0.0222	0.5000	-1.5000	0.9967	288
okvis	-10	13f5	front	-1.5645	-3.7498	3.3501	-6.7519	8.3600	4.8571	6.5347	16.2655	0.1356			0.0222		-4.5000	-6.5000	0.9941	858
okvis	-10	6d18	backend_final	1.4985	-2.5006	4.7494	-0.5155	2.5529	1.0461	2.5088	7.8174	0.0694	0.0694	0.0496	0.0616	0.0266	0.5000	-2.0000	0.9986	288
okvis	-10	6d18	front	1.8366	-2.1757	4.7691	-0.8388	2.8046	1.1919	2.7364	7.8984	0.1652			0.0350		-5.0000	-7.5000	0.9952	859
okvis	-10	7353	backend_final	2.4265	1.7914	3.6097	-5.9796	1.2420	2.5655	3.5632	10.7649	0.0777	0.0777	0.0532	0.0798	0.0306	0.0000	-1.0000	0.9994	290
okvis	-10	7353	front	2.7922	2.1549	3.9396	-5.8097	1.5246	2.2329	7.1125	19.3181	0.1987			0.0408		-5.0000	-6.0000	0.9998	862
okvis	-9	13f5	backend_final	-1.3819	-3.5712	2.3673	-6.1050	4.5696	3.4600	5.6908	12.2903	0.0629	0.0629	0.0405	0.0372	0.0222	0.5000	-0.5000	0.9968	288
okvis	-9	13f5	front	-0.9348	-3.1340	2.8523	-6.2183	7.5810	4.3337	6.2549	15.9209	0.1343			0.0222		-5.0000	-6.0000	0.9926	858
okvis	-9	6d18	backend_final	1.6219	-2.3820	4.4856	-0.5922	2.2037	0.9329	2.4158	7.6578	0.0683	0.0683	0.0475	0.0616	0.0266	0.5000	-1.0000	0.9984	288
okvis	-9	6d18	front	1.9375	-2.0788	4.4837	-0.9118	2.4570	1.1002	2.7063	7.6696	0.1644			0.0350		-5.0000	-6.5000	0.9940	859
okvis	-9	7353	backend_final	2.7231	2.0862	3.6622	-6.0077	1.0579	2.5386	3.3991	10.0265	0.0715	0.0715	0.0490	0.0798	0.0306	0.0000	0.0000	0.9999	290
okvis	-9	7353	front	3.0841	2.4450	3.9792	-6.0087	1.0036	2.1986	6.5040	17.5632	0.1984			0.0408		-5.0000	-5.0000	0.9973	862
okvis	-8	13f5	backend_final	-0.8411	-3.0424	2.1020	-5.6123	3.4644	2.9758	5.0459	10.0175	0.0607	0.0607	0.0382	0.0372	0.0222	0.5000	0.5000	0.9971	288
okvis	-8	13f5	front	-0.4407	-2.6509	2.4994	-5.6942	5.5801	3.5763	5.5401	13.0029	0.1358			0.0222		-5.5000	-5.5000	0.9952	858
okvis	-8	6d18	backend_final	1.7042	-2.3029	4.0625	-0.7111	1.7500	0.8551	2.4047	7.5139	0.0677	0.0677	0.0462	0.0616	0.0266	0.0000	-0.5000	0.9986	288
okvis	-8	6d18	front	1.9980	-2.0207	4.0913	-1.0638	2.0830	1.1280	2.8360	7.4608	0.1665			0.0350		-5.0000	-5.5000	0.9973	859
okvis	-8	7353	backend_final	2.7369	2.0999	3.4703	-6.4087	0.7798	2.6707	3.3312	9.4366	0.0701	0.0701	0.0442	0.0798	0.0306	0.0000	1.0000	1.0002	290
okvis	-8	7353	front	3.0409	2.4021	3.7532	-6.3676	1.2857	2.4358	6.0696	16.4573	0.1987			0.0408		-5.0000	-4.5000	0.9965	862
okvis	-7	13f5	backend_final	-0.4980	-2.7070	2.1215	-5.1017	3.9596	2.9500	4.9939	11.1189	0.0588	0.0588	0.0374	0.0372	0.0222	0.0000	1.0000	0.9976	288
okvis	-7	13f5	front	-0.1012	-2.3189	2.5197	-5.1687	6.5203	3.6995	5.5916	14.6673	0.1381			0.0222		-5.0000	-4.0000	0.9963	858
okvis	-7	6d18	backend_final	1.6665	-2.3391	3.7965	-0.6881	1.6085	0.8727	2.3569	7.3243	0.0621	0.0621	0.0442	0.0616	0.0266	0.0000	0.5000	0.9989	288
okvis	-7	6d18	front	1.9317	-2.0844	3.8462	-1.0548	2.0294	1.1129	2.7872	7.7332	0.1664			0.0350		-5.0000	-4.5000	0.9976	859
okvis	-7	7353	backend_final	2.5861	1.9501	3.3679	-6.2667	0.9749	2.6919	3.2763	8.7676	0.0684	0.0684	0.0408	0.0798	0.0306	0.0000	2.0000	1.0003	290
okvis	-7	7353	front	2.8579	2.2201	3.6228	-6.3263	1.2305	2.5369	5.6254	14.8146	0.1946			0.0408		-4.5000	-2.5000	0.9957	862
okvis	-6	13f5	backend_final	-0.1235	-2.3408	1.9014	-4.5453	2.4353	2.4472	4.4255	8.8921	0.0571	0.0571	0.0364	0.0372	0.0222	0.0000	2.0000	0.9980	288
okvis	-6	13f5	front	0.2395	-1.9858	2.1066	-4.5768	4.1296	2.8876	4.7411	10.3901	0.1398			0.0222		-5.5000	-3.5000	0.9990	858
okvis	-6	6d18	backend_final	1.6991	-2.3078	3.4077	-0.8466	1.6284	0.8649	2.4141	6.9773	0.0603	0.0603	0.0425	0.0616	0.0266	0.0000	1.5000	0.9989	288
okvis	-6	6d18	front	1.9566	-2.0604	3.4820	-1.2645	2.2312	1.1954	2.9504	6.8066	0.1665			0.0350		-5.0000	-3.5000	0.9972	859
okvis	-6	7353	backend_final	2.8081	2.1707	3.2841	-6.3149	1.1304	2.6472	3.1575	7.2313	0.0680	0.0680	0.0401	0.0798	0.0306	0.0000	3.0000	1.0003	290
okvis	-6	7353	front	3.0606	2.4216	3.5082	-6.2435	1.2076	2.5441	4.9781	12.4390	0.1933			0.0408		-5.0000	-2.0000	0.9950	862
okvis	-5	13f5	backend_final	0.2850	-1.9414	1.9322	-4.2183	2.8502	2.5358	4.5484	8.8417	0.0571	0.0571	0.0351	0.0372	0.0222	0.0000	3.0000	0.9983	288
okvis	-5	13f5	front	0.6610	-1.5736	2.1383	-4.2431	5.2624	3.2054	4.9572	12.3277	0.1421			0.0222		-5.0000	-2.0000	1.0003	858
okvis	-5	6d18	backend_final	1.6202	-2.3837	3.1604	-0.8315	1.7190	0.8827	2.5240	6.9807	0.0588	0.0588	0.0432	0.0616	0.0266	0.0000	2.5000	0.9991	288
okvis	-5	6d18	front	1.8618	-2.1515	3.2652	-1.2855	2.3357	1.2448	3.1085	6.6148	0.1676			0.0350		-5.0000	-2.5000	0.9968	859
okvis	-5	7353	backend_final	2.8885	2.2506	3.5116	-6.4956	1.3177	2.7672	3.3113	7.6063	0.0680	0.0680	0.0430	0.0798	0.0306	0.0000	4.0000	1.0004	290
okvis	-5	7353	front	3.2169	2.5769	3.7727	-6.6188	1.2057	2.7401	5.0270	12.2890	0.1937			0.0408		-5.0000	-1.0000	0.9948	862
okvis	-4	13f5	backend_final	0.6807	-1.5544	1.9674	-4.4377	2.0192	2.4581	4.4419	8.6233	0.0577	0.0577	0.0350	0.0372	0.0222	0.0000	4.0000	0.9988	288
okvis	-4	13f5	front	1.0531	-1.1902	2.1131	-4.7069	4.1904	3.0157	4.7644	10.4970	0.1408			0.0222		-5.0000	-1.0000	0.9994	858
okvis	-4	6d18	backend_final	1.4619	-2.5357	3.0682	-0.7778	1.5561	0.8405	2.5257	6.5219	0.0592	0.0592	0.0441	0.0616	0.0266	-0.5000	3.0000	0.9992	288
okvis	-4	6d18	front	1.6776	-2.3285	3.1845	-1.2584	2.1680	1.2378	3.2521	6.9825	0.1671			0.0350		-5.0000	-1.5000	0.9984	859
okvis	-4	7353	backend_final	3.3797	2.7388	4.0808	-8.2811	1.3573	3.3456	3.7522	9.3420	0.0713	0.0713	0.0445	0.0798	0.0306	0.0000	4.5000	1.0007	290
okvis	-4	7353	front	3.7648	3.1214	4.3774	-8.5320	1.2567	3.3528	5.0251	9.6522	0.1951			0.0408		-5.5000	-0.5000	0.9946	862
okvis	-3	13f5	backend_final	0.9590	-1.2823	1.8606	-5.3706	1.4559	2.4728	4.0254	8.8148	0.0585	0.0585	0.0350	0.0372	0.0222	0.0000	5.0000	0.9988	288
okvis	-3	13f5	front	1.3196	-0.9297	1.9379	-5.7694	1.5232	2.6092	4.4103	9.9255	0.1411			0.0222		-5.0000	0.0000	1.0014	858
okvis	-3	6d18	backend_final	1.2547	-2.7347	2.9737	-0.8219	1.7704	0.9223	2.7094	6.3390	0.0604	0.0604	0.0453	0.0616	0.0266	-0.5000	4.0000	0.9994	288
okvis	-3	6d18	front	1.4476	-2.5494	3.1070	-1.2606	2.1762	1.3120	3.3639	6.3054	0.1662			0.0350		-5.0000	-0.5000	0.9991	859
okvis	-3	7353	backend_final	3.5569	2.9149	4.5465	-8.2712	1.6330	3.4361	3.8804	9.6363	0.0735	0.0735	0.0440	0.0798	0.0306	-0.5000	5.5000	1.0008	290
okvis	-3	7353	front	3.9091	3.2649	4.8140	-8.7868	1.7356	3.4733	4.7285	9.2704	0.1988			0.0408		-5.0000	1.0000	1.0011	862
okvis	-2	13f5	backend_final	1.2215	-1.0256	1.9740	-6.2461	1.5084	2.6494	4.0758	9.9234	0.0603	0.0603	0.0366	0.0372	0.0222	-0.5000	5.5000	0.9995	288
okvis	-2	13f5	front	1.5886	-0.6667	2.0419	-6.9345	1.3735	2.8278	4.3601	9.9038	0.1402			0.0222		-5.0000	1.0000	0.9996	858
okvis	-2	6d18	backend_final	1.0512	-2.9302	2.8407	-0.9128	1.7833	0.9470	2.8380	5.9518	0.0630	0.0630	0.0492	0.0616	0.0266	-0.5000	5.0000	0.9995	288
okvis	-2	6d18	front	1.2129	-2.7749	2.9934	-1.2890	2.0525	1.3226	3.5418	7.0962	0.1666			0.0350		-5.0000	0.5000	0.9986	859
okvis	-2	7353	backend_final	3.9767	3.3320	4.5669	-8.7092	1.9833	3.5862	4.1138	10.2100	0.0759	0.0759	0.0477	0.0798	0.0306	-0.5000	6.5000	1.0011	290
okvis	-2	7353	front	4.3550	3.7080	4.8504	-9.7282	2.2626	3.9453	5.0837	10.9424	0.2004			0.0408		-5.0000	1.5000	1.0011	862
okvis	-1	13f5	backend_final	1.2334	-1.0140	2.1027	-6.8683	1.4967	2.7215	4.0123	10.6666	0.0614	0.0614	0.0377	0.0372	0.0222	-0.5000	6.5000	0.9998	288
okvis	-1	13f5	front	1.5968	-0.6586	2.1627	-7.4158	1.3223	2.7739	4.3923	9.6806	0.1394			0.0222		-4.5000	2.5000	0.9985	858
okvis	-1	6d18	backend_final	0.9260	-3.0504	2.6432	-1.0416	1.4733	0.9697	3.0471	5.5041	0.0663	0.0663	0.0529	0.0616	0.0266	-0.5000	6.0000	0.9995	288
okvis	-1	6d18	front	1.0739	-2.9084	2.8488	-1.4624	2.3368	1.4237	3.8488	7.2236	0.1656			0.0350		-5.0000	1.5000	0.9970	859
okvis	-1	7353	backend_final	4.7538	4.1043	5.1334	-7.9663	1.8652	3.4665	4.1824	9.7332	0.0791	0.0791	0.0543	0.0798	0.0306	-0.5000	7.5000	1.0008	290
okvis	-1	7353	front	5.1600	4.5080	5.4519	-9.6560	2.3467	3.9599	5.4540	12.8966	0.2042			0.0408		-5.5000	2.5000	1.0022	862
okvis	0	13f5	backend_final	1.2374	-1.0101	2.1872	-7.7588	1.9585	3.0528	4.1697	11.6829	0.0637	0.0637	0.0398	0.0372	0.0222	-0.5000	7.5000	0.9995	288
okvis	0	13f5	front	1.6156	-0.6403	2.2686	-8.3869	1.8272	3.1301	4.6407	10.0716	0.1374			0.0222		-4.5000	3.5000	0.9944	858
okvis	0	6d18	backend_final	0.7130	-3.2551	2.5965	-1.0937	1.6892	1.0601	3.2265	6.2548	0.0716	0.0716	0.0559	0.0616	0.0266	-1.0000	6.5000	0.9995	288
okvis	0	6d18	front	0.8280	-3.1446	2.8690	-1.5600	2.6839	1.4645	3.9321	7.0371	0.1649			0.0350		-5.0000	2.5000	0.9937	859
okvis	0	7353	backend_final	5.4048	4.7513	5.7442	-7.6578	1.9587	3.5330	4.3029	8.7978	0.0848	0.0848	0.0532	0.0798	0.0306	-0.5000	8.5000	1.0012	290
okvis	0	7353	front	5.8733	5.2169	6.1065	-9.7816	2.7692	4.0456	6.2308	13.1085	0.2059			0.0408		-5.0000	4.0000	0.9972	862
okvis	1	13f5	backend_final	1.2539	-0.9939	2.4162	-8.8100	3.1080	3.6303	4.5343	12.6641	0.0680	0.0680	0.0416	0.0372	0.0222	-0.5000	8.5000	0.9999	288
okvis	1	13f5	front	1.7069	-0.5510	2.5249	-9.4613	3.0005	3.7681	5.2403	11.4042	0.1379			0.0222		-4.5000	4.5000	0.9931	858
okvis	1	6d18	backend_final	0.6280	-3.3367	2.5976	-1.1509	1.6943	1.0551	3.5166	6.6214	0.0749	0.0749	0.0586	0.0616	0.0266	-1.0000	7.5000	0.9993	288
okvis	1	6d18	front	0.7119	-3.2562	2.9291	-1.5342	2.8788	1.4896	4.1793	7.3784	0.1642			0.0350		-5.0000	3.5000	0.9927	859
okvis	1	7353	backend_final	5.7803	5.1245	6.6181	-8.5761	2.2392	3.9534	4.5693	10.4909	0.0885	0.0885	0.0587	0.0798	0.0306	-0.5000	9.5000	1.0010	290
okvis	1	7353	front	6.3054	5.6463	6.9620	-9.7612	3.2754	4.2636	6.6242	13.1692	0.2049			0.0408		-4.5000	5.5000	0.9966	862
okvis	2	13f5	backend_final	1.5167	-0.7370	2.7487	-9.8366	2.5491	3.7936	4.6645	13.6691	0.0725	0.0725	0.0445	0.0372	0.0222	-0.5000	9.5000	0.9998	288
okvis	2	13f5	front	1.9564	-0.3071	2.8467	-10.4490	2.1720	3.9291	5.4313	12.5585	0.1380			0.0222		-5.0000	5.0000	0.9926	858
okvis	2	6d18	backend_final	0.5876	-3.3756	2.7643	-1.3177	1.8270	1.1900	3.7239	7.4537	0.0787	0.0787	0.0652	0.0616	0.0266	-1.0000	8.5000	0.9992	288
okvis	2	6d18	front	0.6371	-3.3280	3.1198	-1.7039	3.0671	1.5921	4.5718	9.0161	0.1670			0.0350		-5.0000	4.5000	0.9970	859
okvis	2	7353	backend_final	5.9529	5.2960	7.1560	-9.8822	2.9049	4.3899	4.9577	11.9623	0.0921	0.0921	0.0593	0.0798	0.0306	-0.5000	10.5000	1.0008	290
okvis	2	7353	front	6.4643	5.8042	7.5063	-10.1962	4.2785	4.6688	7.1687	14.2965	0.2048			0.0408		-5.0000	6.0000	0.9948	862
okvis	3	13f5	backend_final	1.8457	-0.4153	3.1689	-10.9176	2.6368	4.1378	5.0865	14.9230	0.0773	0.0773	0.0479	0.0372	0.0222	-0.5000	10.5000	1.0000	288
okvis	3	13f5	front	2.2849	0.0142	3.2715	-11.9099	2.2212	4.4040	5.9582	14.3355	0.1399			0.0222		-5.0000	6.0000	0.9942	858
okvis	3	6d18	backend_final	0.2812	-3.6699	2.9738	-1.2477	2.1192	1.4542	4.1930	8.0466	0.0835	0.0835	0.0698	0.0616	0.0266	-1.0000	9.5000	0.9991	288
okvis	3	6d18	front	0.3501	-3.6037	3.4349	-1.7088	3.5319	1.8083	4.9263	8.7948	0.1686			0.0350		-5.0000	5.5000	0.9974	859
okvis	3	7353	backend_final	6.4685	5.8084	8.6611	-11.4596	2.3404	4.3043	4.9000	13.2796	0.0920	0.0920	0.0580	0.0798	0.0306	-0.5000	11.5000	1.0007	290
okvis	3	7353	front	7.0621	6.3983	9.0209	-7.4170	3.8204	4.2074	7.0483	15.0687	0.1978			0.0408		-4.5000	7.5000	0.9961	862
okvis	4	13f5	backend_final	3.2390	0.9471	4.1658	-13.0342	2.2659	4.6882	6.3515	17.1383	0.0826	0.0826	0.0488	0.0372	0.0222	-0.5000	11.5000	0.9995	288
okvis	4	13f5	front	3.7895	1.4854	4.2588	-13.6915	0.7588	4.7033	7.9222	17.5631	0.1402			0.0222		-5.5000	6.5000	0.9954	858
okvis	4	6d18	backend_final	-0.1734	-4.1066	3.1754	-2.8058	2.5189	1.8357	4.5448	8.8975	0.0907	0.0907	0.0713	0.0616	0.0266	-1.0000	10.5000	0.9988	288
okvis	4	6d18	front	-0.0738	-4.0109	3.7654	-2.0714	4.0475	2.1973	5.8036	11.7394	0.1705			0.0350		-5.0000	6.5000	0.9975	859
okvis	4	7353	backend_final	6.0422	5.3847	9.0256	-10.9999	0.2591	3.7317	4.7889	13.4741	0.0943	0.0943	0.0578	0.0798	0.0306	-0.5000	12.5000	1.0007	290
okvis	4	7353	front	6.8127	6.1505	9.4908	-7.3244	1.1144	3.3444	6.7491	11.2905	0.1962			0.0408		-4.5000	8.0000	0.9944	862
okvis	5	13f5	backend_final	3.4864	1.1890	4.6248	-13.8506	2.9962	5.0917	6.9450	18.4425	0.0880	0.0880	0.0495	0.0372	0.0222	-0.5000	12.5000	0.9992	288
okvis	5	13f5	front	4.1897	1.8767	4.7913	-15.0355	1.6976	5.3433	9.4507	23.2803	0.1432			0.0222		-5.5000	7.5000	1.0001	858
okvis	5	6d18	backend_final	0.2625	-3.6878	3.8077	-3.5865	3.9284	2.4553	5.1527	10.2067	0.0941	0.0941	0.0738	0.0616	0.0266	-1.0000	11.5000	0.9987	288
okvis	5	6d18	front	0.5564	-3.4056	4.5381	-3.3395	5.1580	3.0241	6.7136	15.7130	0.1718			0.0350		-5.0000	7.5000	0.9975	859
okvis	5	7353	backend_final	11.0444	10.3559	17.1439	-17.9020	20.0544	11.5727	10.2209	22.6609	0.0975	0.0975	0.0614	0.0798	0.0306	-0.5000	13.5000	1.0010	290
okvis	5	7353	front	12.5138	11.8162	18.0161	-14.7574	19.7694	11.1577	9.2606	19.9403	0.1959			0.0408		-5.0000	9.0000	0.9956	862
okvis	6	13f5	backend_final	1.8598	-0.4015	4.4901	-13.6681	4.6540	5.4763	7.0979	18.4873	0.0931	0.0931	0.0517	0.0372	0.0222	-0.5000	13.5000	0.9993	288
okvis	6	13f5	front	2.6752	0.3958	4.7579	-14.9721	3.2927	5.8070	9.6394	22.9449	0.1435			0.0222		-5.5000	8.5000	0.9981	858
okvis	6	6d18	backend_final	0.9157	-3.0603	7.1781	-2.3717	7.2985	3.2257	5.1224	13.0256	0.0963	0.0963	0.0769	0.0616	0.0266	-1.0000	12.5000	0.9991	288
okvis	6	6d18	front	1.2334	-2.7552	7.4256	-2.3808	8.6446	3.9409	6.3726	15.5559	0.1739			0.0350		-5.0000	8.5000	0.9997	859
okvis	6	7353	backend_final	16.1845	15.4642	22.2360	-22.6036	31.4456	17.0937	15.0270	34.1107	0.0979	0.0979	0.0593	0.0798	0.0306	-0.5000	14.5000	1.0005	290
okvis	6	7353	front	18.4250	17.6907	23.3090	-19.1720	31.5624	16.8302	13.1429	27.1224	0.1987			0.0408		-5.0000	9.5000	0.9921	862
okvis	7	13f5	backend_final	0.2435	-1.9819	4.8306	-12.9380	6.6224	5.8088	7.4497	18.0473	0.0975	0.0975	0.0532	0.0372	0.0222	-0.5000	14.5000	0.9999	288
okvis	7	13f5	front	1.1323	-1.1128	5.1821	-14.2958	5.3968	6.1237	10.2407	25.2275	0.1470			0.0222		-5.5000	9.5000	1.0018	858
okvis	7	6d18	backend_final	3.1557	-0.9087	6.2047	-5.3741	0.2216	1.8815	6.3951	16.5314	0.1003	0.1003	0.0788	0.0616	0.0266	-1.0000	13.5000	0.9982	288
okvis	7	6d18	front	3.5884	-0.4930	7.1888	-5.6182	1.4981	2.4863	8.1090	23.7628	0.1741			0.0350		-5.0000	9.5000	0.9995	859
okvis	7	7353	backend_final	17.6878	16.9582	23.6110	-24.3361	24.6435	15.1914	13.6874	27.6870	0.1044	0.1044	0.0628	0.0798	0.0306	-0.5000	15.5000	1.0000	290
okvis	7	7353	front	19.5968	18.8553	24.4553	-20.0111	21.8139	13.6930	13.5906	29.5102	0.2027			0.0408		-5.5000	10.5000	0.9978	862
okvis	8	13f5	backend_final	0.1132	-2.1093	5.1877	-13.2856	6.6853	5.9205	7.7121	18.3852	0.1023	0.1023	0.0549	0.0372	0.0222	-0.5000	15.5000	1.0000	288
okvis	8	13f5	front	1.1501	-1.0955	5.5530	-14.2055	5.2792	6.0731	10.7334	25.6900	0.1496			0.0222		-5.0000	11.0000	1.0015	858
okvis	8	6d18	backend_final	3.6308	-0.4522	5.8412	-5.5314	0.7172	2.3511	4.8631	10.1623	0.1063	0.1063	0.0832	0.0616	0.0266	-1.0000	14.5000	0.9987	288
okvis	8	6d18	front	3.8668	-0.2256	6.1500	-5.4509	2.1555	3.0343	5.9127	9.7381	0.1741			0.0350		-5.0000	10.5000	0.9993	859
okvis	8	7353	backend_final	17.4279	16.6999	20.3570	-22.9613	41.2178	20.9894	19.4856	45.2438	0.1032	0.1032	0.0603	0.0798	0.0306	-0.5000	16.5000	0.9997	290
okvis	8	7353	front	19.1996	18.4606	20.9460	-16.7879	41.7904	20.6305	21.9884	44.3319	0.2043			0.0408		-5.5000	11.5000	0.9978	862
