photo_id	t_photo	source	trusted	reasons	state_at_photo	t_state	extrap_ms	wait_ms	submit_to_resolve_ms	prop_status	imu_samples	state_kind	frame_id	has_pose	cpx	cpy	cpz	cqx	cqy	cqz	cqw	bpx	bpy	bpz	bqx	bqy	bqz	bqw	propagated_t
900	268462.263109791	1	0	6	0	268462.134056670	129.053	1254.416	1250.123	0	14	2	1	1	-0.0093685253721374692	-0.040037158209171975	0.010153496942356134	-0.041473335381359	0.83671239913729178	0.013274979253983188	0.545908604926715	-0.011950806253496194	-0.0070690312403032703	0.016920731776015538	0.39540249378219683	-0.37662883858048873	-0.56231891968506931	0.6209710714977219	268462.263109791
0	268465.095715791	1	1	0	1	268465.084343837	11.372	522.244	500.048	0	4	2	87	1	0.34570693803499963	-0.59850467586571532	0.081769705796519196	-0.3076181705486028	0.80704711934597673	0.16920511833047011	0.47477962197944368	0.32469427067511097	-0.57299081097568161	0.088615979291083571	0.45536596473822188	-0.21607379793899137	-0.35314958701950955	0.78818736426702407	268465.095715791
1	268466.596884791	1	1	0	1	268466.584718755	12.166	521.218	500.048	0	3	2	132	1	0.8142568180362334	-0.8761810887013608	0.077651296350766702	-0.45758585164418425	0.75211931337036808	0.23024482323972173	0.41463128368966795	0.78579769213003159	-0.85915803377794486	0.083948494592518019	0.45599625610260686	-0.1303809130741963	-0.20826660253174184	0.85539070265945139	268466.596884791
2	268468.030033791	1	1	0	1	268467.984851380	45.182	488.201	466.711	0	7	2	174	1	1.0139773246071755	-0.90051982664698416	0.3203740831873203	-0.44365602101797053	0.77966383743161849	0.21658576910444363	0.38520681905934839	0.98671120842609161	-0.88194455620021883	0.32750704808249231	0.42553160863662459	-0.11923308470156468	-0.23759339919630809	0.86501774445500246	268468.030033791
3	268469.496682791	1	1	0	1	268469.484992838	11.690	521.694	500.047	0	3	2	219	1	0.87511428418576898	-0.65540233971736062	0.42580727517395012	-0.33080600178590575	0.83610338058106382	0.13272857711590547	0.416991251937744	0.85454470612540911	-0.62920231486756295	0.43126732171728149	0.38871060853441763	-0.2010040596567863	-0.35729919355545592	0.82512951534829637	268469.496682791
4	268470.898287791	1	1	0	1	268470.885124421	13.163	520.220	500.047	0	4	2	261	1	0.44178726531205387	-0.25516561238728691	0.3413807354907975	-0.048331571422932096	0.89872738061286783	0.05634605147805033	0.43217858604497777	0.43944934514962214	-0.22276821355555179	0.35056243632551121	0.34543907477839847	-0.26575372671209457	-0.60132062737194414	0.66967178935049121	268470.898287791
5	268472.363568791	1	1	0	1	268472.285255796	78.313	455.070	433.374	0	10	2	303	1	-0.01672617971033263	0.075569451030159829	0.17617634503520041	-0.028288807292523976	0.88769208464173177	0.039409219070175888	0.4578749533564187	-0.017852833217798868	0.108142262985644	0.18495720633426346	0.35163300114395346	-0.29589995053522522	-0.60768986901922584	0.64769628289125192	268472.363568791
6	268473.862301791	1	1	0	1	268473.785396213	76.906	456.478	433.374	0	10	2	348	1	0.26063677030094656	0.33063975621719355	-0.09709269406465669	0.21209777021444881	0.82817494325431107	-0.099700104694431857	0.50911761074645323	0.27597163022726112	0.35927981116040997	-0.087930255750732947	0.28950188716331204	-0.43049912364078874	-0.73558387040596973	0.4356323352001864	268473.862301791
7	268475.284902791	1	1	0	1	268475.185527005	99.376	434.007	433.374	0	12	2	390	1	0.40731346164515253	0.79832532090530361	0.14844618265740697	0.13463795129236494	0.85401176935052692	-0.070055116938985224	0.49762320452901254	0.41805868362501586	0.82932294426401165	0.1563864913845123	0.30233628610984037	-0.40140917996262926	-0.69908090308486059	0.50867409142307918	268475.284902791
8	268476.751419791	1	1	0	1	268476.685666796	65.753	467.630	466.710	0	9	2	435	1	0.4235050987957758	0.57068292943074617	0.52373829706408437	0.060067890944532354	0.89328314590674729	-0.038716544361208388	0.44377714240553989	0.4300825053508831	0.6030929175022014	0.53049783463580946	0.28642108804803706	-0.34117454871509384	-0.67412096507294206	0.5891721412962051	268476.751419791
9	268478.163276791	1	1	0	1	268478.085797088	77.480	455.903	433.374	0	9	2	477	1	0.27124442804109522	0.35770585940763067	-0.12460011894703898	0.093541283477666604	0.84176260516494539	0.026134537935514957	0.53103934314761703	0.27585484401982557	0.38885690213937102	-0.11244620792239536	0.39398141913154561	-0.357021602120148	-0.6613597045330436	0.52907235631681004	268478.163276791
10	268479.593353791	1	1	0	1	268479.585936380	7.417	525.965	500.046	0	3	2	522	1	0.012915801865044671	0.23427255892822255	-0.59822759463995479	0.1057820521266325	0.8344455322751213	0.12324974580431358	0.52661215755584312	0.014809436027379058	0.26303644859393616	-0.58066588194088997	0.45952174647461791	-0.28522028903662749	-0.66484128310020052	0.51524287430731031	268479.593353791
11	268481.026306791	1	1	0	1	268480.986066171	40.241	493.142	466.710	0	6	2	564	1	0.010652127292583824	-0.0023715642474625258	-0.7314081003439834	-0.071584310422209696	0.79131222359045317	0.20706544514427871	0.57081048162887771	-0.00099949535603925839	0.025343935808917684	-0.71606366492766771	0.55004132810853779	-0.25720657507790828	-0.50892447446994105	0.61015997442865977	268481.026306791
12	268482.509191791	1	1	0	1	268482.486205546	22.986	510.396	500.046	0	4	2	609	1	0.40160124469449476	-0.63265843744713601	-0.80333970617316308	-0.33084483117002123	0.73884249596361817	0.21068175388272931	0.54796598036712907	0.37725692928183846	-0.61001080080454817	-0.79752594546592559	0.53644494314710189	-0.23849595738889776	-0.28849790780798379	0.75638314264099793	268482.509191791
13	268483.984680791	1	1	0	1	268483.886334130	98.347	435.035	433.373	0	12	2	651	1	0.94268347323269752	-1.05677263858836	-0.80161195266876761	-0.48896075934566269	0.5960087474952287	0.37483207257860052	0.51496788182195741	0.91003566642286748	-1.0501977951585615	-0.79611167118976578	0.62918356491590655	-0.099090978366603757	-0.075694356318993072	0.76718927525579672	268483.984680791
14	268485.434037791	1	1	0	1	268485.386471088	47.567	485.815	466.709	0	7	2	696	1	1.2636195003327555	-0.88587279217867199	0.11982326884582874	-0.39106353681099093	0.49380105602489566	0.46561510093354602	0.62163691833794787	1.2306008653059386	-0.88134987805304621	0.12517807423395261	0.7688032552306765	-0.11032408216439285	-0.072646394585587831	0.62569373737877121	268485.434037791
15	268486.821694791	1	1	0	1	268486.786598588	35.096	498.286	466.709	0	6	2	738	1	0.87399549692811596	-0.71287423635031799	0.41660802867868063	-0.49100617408028852	0.62855476635314822	0.28384269765636566	0.53222666121626572	0.84228785906906656	-0.70146016484307661	0.41853302867700665	0.5770481622243141	-0.17563398029823785	-0.097261539751038822	0.79164911186926556	268486.821694791
16	268488.275955791	1	1	0	1	268488.186725838	89.230	444.152	433.373	0	11	2	780	1	0.31524946190374747	-0.43463597462107417	-0.71026039751921943	-0.27854660936842579	0.74876103624508128	0.19081739762118144	0.57040114918196483	0.29357314176517835	-0.40957255319843272	-0.70383210040350219	0.53826278208832545	-0.26840623761557897	-0.33249180100987252	0.7264161832508943	268488.275955791
17	268489.797636791	1	1	0	1	268489.786871130	10.766	522.616	500.045	0	3	2	828	1	0.088465511735984159	0.21776675801207523	-0.65337122969379324	0.012807321569970109	0.76669988305270131	0.045866635414579082	0.64023711764423941	0.08561868155747894	0.24982090341967003	-0.64318357677027249	0.48514860347745092	-0.42028338733955056	-0.55119481570723927	0.53308252832721392	268489.797636791
18	268491.253889791	1	1	0	1	268491.186997921	66.892	466.490	433.373	0	8	2	870	1	0.22619027116974638	0.51350948488542825	-0.55223431249221488	0.11079393371590363	0.74830424620280933	0.074953340301368798	0.64972879677350681	0.22652416179132975	0.54349320249878519	-0.53673508195964048	0.51242763969663108	-0.40642761211753159	-0.60747413256294025	0.4507878530420763	268491.253889791
901	268491.999238541	2	1	0	1	268491.987070338	12.168	54.505	33.336	0	3	3	894	1	0.44107877514402077	0.56848416039665883	-0.60151247567530652	0.23373485248904385	0.84976094564842208	0.089195506662682916	0.46402431917550546	0.45225385647214578	0.5941124936961143	-0.58260038849360141	0.39118547992904917	-0.26504398806009399	-0.76614720586583662	0.43559621627127493	268491.999238541
902	268492.349238541	2	0	18	1	268491.987070338	362.168	-295.495	0.000	1	14	3	894	1	0.47950185717028782	0.57750215794081472	-0.60448748382659656	0.22397123196316554	0.85201174487316544	0.084117568953579525	0.46565777310907813	0.49034879606948567	0.6036217381892609	-0.58606270713517783	0.388749862158487	-0.26978965847556452	-0.76083483911930339	0.44409169372292828	268492.113757750
