657bf859665d957c542494ae83ec4848b75f4e3e621217e66075249dd4b2a7e9	./verdict_page/full_ep0_meshroom_20260917/bin/full_ep0_meshroom.uvl	→	./verdict_page/full_ep0_meshroom3_20260917/bin/mr_masked.uvl	19224060
37d3f139ee97ac6bfac1fb07af2ec845a7ba592684e3d26b22044a440b6bc0a0	./verdict_page/full_ep0_meshroom_20260917/bin/full_ep0_meshroom.idx	→	./verdict_page/full_ep0_meshroom3_20260917/bin/mr_masked.idx	28615392
37ee670e04c81b429feea7cd3fc3064146902d23f9164ad55199e66fd2165e4e	./verdict_page/texgate_official_20260909/bin/off768.col	→	./verdict_page/quad_20260909/bin/off768.col	110535777
37ee670e04c81b429feea7cd3fc3064146902d23f9164ad55199e66fd2165e4e	./verdict_page/vargate_20260909/bin/off768.col	→	./verdict_page/quad_20260909/bin/off768.col	110535777
224b8f44abd00a78c9f82ebe86b367d92fe109a403c4e103d6bc03623c8e3f64	./dense_P16k.ply	→	./dense_Cours.ply	459600977
ddc71ae4327bf1caee85c0f9ef3e9c5fd4d37c6306a771233b805bb688064070	./verdict_page/full_ep0_meshroom_20260917/bin/full_ep0_meshroom.pos	→	./verdict_page/full_ep0_meshroom3_20260917/bin/mr_masked.pos	19224060
48278fada8f57915a4a8f8c0417e362e0c21438e7d355615a5f13d2e600facd2	./verdict_page/vargate_20260909/bin/varA.col	→	./verdict_page/quad_20260909/bin/varA.col	84710028
2a2d889e7ce26cea54dabf129a07e3e8639dbbf26a37f3aa0ff18ff0b641e119	./verdict_page/texgate_official_20260909/bin/off768.pos	→	./verdict_page/quad_20260909/bin/off768.pos	442143108
2a2d889e7ce26cea54dabf129a07e3e8639dbbf26a37f3aa0ff18ff0b641e119	./verdict_page/vargate_20260909/bin/off768.pos	→	./verdict_page/quad_20260909/bin/off768.pos	442143108
000c9c163e3ea0348ffcbe65a50b739ca6ce6c22bf5c2daf37baf7b68d1ab144	./verdict_page/vargate_20260909/bin/varA.pos	→	./verdict_page/quad_20260909/bin/varA.pos	338840112
