frame,t,wall_ms,cpu_ms,sw_solver_ms,sw_solves,sw_iters,stop_budget,stop_time,stop_iter,stop_conv,init_solver_ms,bk_work_ms,bk_track_ms,bk_track_n,rc,state,queue_wait_ms,recording_frame
0,245418.112684666,0.6609,0.1910,nan,-1,-1,-1,-1,-1,-1,nan,0.0000,0.0000,0,0,0,0.0127,4
1,245418.146021166,0.0182,0.0182,nan,-1,-1,-1,-1,-1,-1,nan,0.1301,0.0000,0,0,0,0.0048,6
2,245418.179357666,0.0189,0.0186,nan,-1,-1,-1,-1,-1,-1,nan,0.0009,0.0000,0,0,0,0.0049,8
3,245418.212694000,0.0182,0.0182,nan,-1,-1,-1,-1,-1,-1,nan,0.0006,0.0000,0,0,0,0.0061,10
4,245418.246030500,0.0239,0.0238,nan,-1,-1,-1,-1,-1,-1,nan,0.0003,0.0000,0,0,0,0.0052,12
5,245418.279366875,0.0257,0.0257,nan,-1,-1,-1,-1,-1,-1,nan,0.0003,0.0000,0,0,0,0.0049,14
6,245418.312703416,0.0223,0.0221,nan,-1,-1,-1,-1,-1,-1,nan,0.0005,0.0000,0,0,0,0.0067,16
7,245418.346039875,0.0290,0.0289,nan,-1,-1,-1,-1,-1,-1,nan,0.0004,0.0000,0,0,0,0.0050,18
8,245418.379376250,0.0300,0.0298,nan,-1,-1,-1,-1,-1,-1,nan,0.0002,0.0000,0,0,0,0.0056,20
9,245418.412712791,0.0308,0.0307,nan,-1,-1,-1,-1,-1,-1,nan,0.0002,0.0000,0,0,0,0.0072,22
10,245418.446049250,0.0275,0.0274,nan,-1,-1,-1,-1,-1,-1,nan,0.0003,0.0000,0,0,0,0.0049,24
11,245418.479385625,0.0274,0.0274,nan,-1,-1,-1,-1,-1,-1,nan,0.0002,0.0000,0,0,0,0.0060,26
12,245418.512722083,0.0278,0.0277,nan,-1,-1,-1,-1,-1,-1,nan,0.0001,0.0000,0,0,0,0.0081,28
13,245418.546058625,0.0271,0.0271,nan,-1,-1,-1,-1,-1,-1,nan,0.0004,0.0000,0,0,0,0.0060,30
14,245418.579394958,0.0274,0.0273,nan,-1,-1,-1,-1,-1,-1,nan,0.0003,0.0000,0,0,0,0.0070,32
15,245418.612731500,0.0367,0.0366,nan,-1,-1,-1,-1,-1,-1,nan,0.0002,0.0000,0,0,0,0.0088,34
16,245418.646067958,0.0310,0.0309,nan,-1,-1,-1,-1,-1,-1,nan,0.0003,0.0000,0,0,0,0.0061,36
17,245418.679404333,0.0386,0.0386,nan,-1,-1,-1,-1,-1,-1,nan,0.0003,0.0000,0,0,0,0.0080,38
18,245418.712740791,0.0293,0.0293,nan,-1,-1,-1,-1,-1,-1,nan,0.0001,0.0000,0,0,0,0.0092,40
19,245418.746077333,0.0329,0.0329,nan,-1,-1,-1,-1,-1,-1,nan,0.0004,0.0000,0,0,0,0.0071,42
20,245418.779413666,0.0333,0.0333,nan,-1,-1,-1,-1,-1,-1,nan,0.0003,0.0000,0,0,0,0.0083,44
21,245418.812750125,0.0701,0.0699,nan,-1,-1,-1,-1,-1,-1,nan,0.0002,0.0000,0,0,0,0.0098,46
22,245418.846086625,0.0438,0.0437,nan,-1,-1,-1,-1,-1,-1,nan,0.0003,0.0000,0,0,0,0.0070,48
23,245418.879422958,0.0394,0.0393,nan,-1,-1,-1,-1,-1,-1,nan,0.0003,0.0000,0,0,0,0.0089,50
24,245418.912759458,0.0386,0.0386,nan,-1,-1,-1,-1,-1,-1,nan,0.0002,0.0000,0,0,0,0.0094,52
25,245418.946095791,0.0557,0.0556,nan,-1,-1,-1,-1,-1,-1,nan,0.0003,0.0000,0,0,0,0.0130,54
26,245418.979432250,0.0605,0.0605,nan,-1,-1,-1,-1,-1,-1,nan,0.0002,0.0000,0,0,0,0.0090,56
27,245419.012768750,0.0511,0.0510,nan,-1,-1,-1,-1,-1,-1,nan,0.0020,0.0000,0,0,0,0.0098,58
28,245419.046105083,0.0619,0.0618,nan,-1,-1,-1,-1,-1,-1,nan,0.0003,0.0000,0,0,0,0.0071,60
29,245419.229455291,0.0894,0.0876,nan,-1,-1,-1,-1,-1,-1,nan,0.0003,0.0000,0,0,0,0.0331,61
30,245419.262791708,0.0892,0.0883,nan,-1,-1,-1,-1,-1,-1,nan,0.0015,0.0000,0,0,0,0.0255,63
31,245419.296128208,0.0738,0.0729,nan,-1,-1,-1,-1,-1,-1,nan,0.0016,0.0000,0,0,0,0.0415,65
32,245419.329464541,0.0483,0.0480,nan,-1,-1,-1,-1,-1,-1,nan,0.0005,0.0000,0,0,0,0.0290,67
33,245419.362800958,0.0612,0.0611,nan,-1,-1,-1,-1,-1,-1,nan,0.0003,0.0000,0,0,0,0.0089,69
34,245419.396137333,0.0576,0.0574,nan,-1,-1,-1,-1,-1,-1,nan,0.0021,0.0000,0,0,0,0.0103,71
35,245419.429473791,0.0615,0.0614,nan,-1,-1,-1,-1,-1,-1,nan,0.0003,0.0000,0,0,0,0.0085,73
36,245419.462810041,0.0631,0.0631,nan,-1,-1,-1,-1,-1,-1,nan,0.4358,0.0000,0,0,0,0.0083,75
37,245419.496146458,0.1035,0.1035,nan,-1,-1,-1,-1,-1,-1,nan,1.0612,0.0000,0,0,0,0.0072,77
38,245419.529482916,0.0432,0.0432,nan,-1,-1,-1,-1,-1,-1,nan,0.4676,0.0000,0,0,0,0.0092,79
39,245419.562819333,0.0735,0.0735,nan,-1,-1,-1,-1,-1,-1,nan,0.4021,0.0000,0,0,0,0.0067,81
40,245419.596155666,0.0669,0.0669,nan,-1,-1,-1,-1,-1,-1,nan,0.4490,0.0000,0,0,0,0.0075,83
41,245419.629492000,0.0596,0.0595,nan,-1,-1,-1,-1,-1,-1,nan,0.4110,0.0000,0,0,0,0.0110,85
42,245419.662828458,0.0397,0.0397,nan,-1,-1,-1,-1,-1,-1,nan,0.3628,0.0000,0,0,0,0.0071,87
43,245419.696164833,0.0526,0.0526,nan,-1,-1,-1,-1,-1,-1,nan,0.4466,0.0000,0,0,0,0.0068,89
44,245419.729501166,0.0660,0.0660,nan,-1,-1,-1,-1,-1,-1,nan,0.3910,0.0000,0,0,0,0.0085,91
45,245419.762837500,0.0524,0.0522,nan,-1,-1,-1,-1,-1,-1,nan,0.4220,0.0000,0,0,0,0.0144,93
46,245419.796173958,0.0607,0.0606,nan,-1,-1,-1,-1,-1,-1,nan,0.4251,0.0000,0,0,0,0.0070,95
47,245419.829510208,0.0241,0.0239,nan,-1,-1,-1,-1,-1,-1,nan,0.0000,0.0000,0,0,0,0.0070,97
48,245419.862846541,0.0143,0.0143,nan,-1,-1,-1,-1,-1,-1,nan,52.1335,11.4498,1,0,1,0.0048,99
49,245419.896182958,0.0127,0.0127,nan,-1,-1,-1,-1,-1,-1,nan,0.0000,0.0000,0,0,1,0.0041,101
50,245419.929519333,0.0188,0.0187,nan,-1,-1,-1,-1,-1,-1,nan,0.0000,0.0000,0,0,1,0.0055,103
51,245419.962855625,0.0153,0.0152,nan,-1,-1,-1,-1,-1,-1,nan,5.1709,4.9781,1,0,1,0.0083,105
52,245419.996192083,0.0168,0.0166,nan,-1,-1,-1,-1,-1,-1,nan,0.0000,0.0000,0,0,1,0.0047,107
53,245420.029528375,0.0176,0.0175,nan,-1,-1,-1,-1,-1,-1,nan,0.0000,0.0000,0,0,1,0.0075,109
54,245420.062864708,0.0160,0.0159,nan,-1,-1,-1,-1,-1,-1,nan,5.6382,5.4085,1,0,1,0.0054,111
55,245420.096201083,0.0208,0.0207,nan,-1,-1,-1,-1,-1,-1,nan,0.0000,0.0000,0,0,1,0.0062,113
56,245420.129537500,0.0328,0.0326,nan,-1,-1,-1,-1,-1,-1,nan,0.0000,0.0000,0,0,1,0.0077,115
57,245420.162873750,0.0218,0.0218,nan,-1,-1,-1,-1,-1,-1,nan,7.0864,6.7681,1,0,1,0.0061,117
58,245420.196210125,0.0297,0.0296,nan,-1,-1,-1,-1,-1,-1,nan,0.0000,0.0000,0,0,1,0.0066,119
59,245420.229546583,0.0289,0.0288,nan,-1,-1,-1,-1,-1,-1,nan,0.0000,0.0000,0,0,1,0.0066,121
60,245420.262882875,0.0305,0.0304,nan,-1,-1,-1,-1,-1,-1,nan,8.2866,7.9781,1,0,1,0.0066,123
61,245420.296219125,0.0290,0.0286,nan,-1,-1,-1,-1,-1,-1,nan,0.0000,0.0000,0,0,1,0.0075,125
62,245420.329555500,0.0650,0.0648,nan,-1,-1,-1,-1,-1,-1,nan,0.0000,0.0000,0,0,1,0.0086,127
63,245420.362891791,0.0461,0.0461,nan,-1,-1,-1,-1,-1,-1,nan,8.3900,8.0070,1,0,1,0.0070,129
64,245420.396228125,0.0427,0.0423,nan,-1,-1,-1,-1,-1,-1,nan,0.0000,0.0000,0,0,1,0.0075,131
65,245420.429564583,0.0397,0.0395,nan,-1,-1,-1,-1,-1,-1,nan,0.0000,0.0000,0,0,1,0.0088,133
66,245420.462900791,0.0573,0.0571,nan,-1,-1,-1,-1,-1,-1,nan,0.0000,0.0000,0,0,1,0.0070,135
67,245420.496237250,0.0220,0.0220,nan,-1,-1,-1,-1,-1,-1,nan,22.1534,21.8580,1,0,1,0.0063,137
68,245420.529573583,0.0312,0.0311,nan,-1,-1,-1,-1,-1,-1,nan,0.0000,0.0000,0,0,1,0.0079,139
69,245420.562909875,0.0264,0.0263,nan,-1,-1,-1,-1,-1,-1,nan,18.5374,18.2699,1,0,1,0.0056,141
70,245420.596246291,0.0282,0.0282,nan,-1,-1,-1,-1,-1,-1,nan,0.0000,0.0000,0,0,1,0.0083,143
71,245420.629582625,0.0240,0.0241,nan,-1,-1,-1,-1,-1,-1,nan,0.0000,0.0000,0,0,1,0.0057,145
72,245420.662918875,0.0317,0.0315,nan,-1,-1,-1,-1,-1,-1,nan,6.8982,6.6568,1,0,1,0.0070,147
73,245420.696255208,0.0314,0.0314,nan,-1,-1,-1,-1,-1,-1,nan,0.0000,0.0000,0,0,1,0.0091,149
74,245420.729591625,0.0421,0.0421,nan,-1,-1,-1,-1,-1,-1,nan,0.0000,0.0000,0,0,1,0.0075,151
75,245420.762927833,0.0278,0.0277,nan,-1,-1,-1,-1,-1,-1,nan,19.7770,19.5255,1,0,1,0.0056,153
76,245420.796264125,0.0273,0.0272,nan,-1,-1,-1,-1,-1,-1,nan,0.0000,0.0000,0,0,1,0.0088,155
77,245420.829600541,0.0231,0.0231,nan,-1,-1,-1,-1,-1,-1,nan,0.0000,0.0000,0,0,1,0.0062,157
78,245420.862936875,0.0299,0.0299,nan,-1,-1,-1,-1,-1,-1,nan,7.3780,7.1203,1,0,1,0.0065,159
79,245420.896273166,0.0289,0.0288,nan,-1,-1,-1,-1,-1,-1,nan,0.0000,0.0000,0,0,1,0.0092,161
80,245420.929609458,0.0310,0.0308,nan,-1,-1,-1,-1,-1,-1,nan,0.0000,0.0000,0,0,1,0.0076,163
81,245420.962945750,0.0490,0.0488,nan,-1,-1,-1,-1,-1,-1,nan,7.9682,7.6953,1,0,1,0.0094,165
82,245420.996282125,0.0434,0.0433,nan,-1,-1,-1,-1,-1,-1,nan,0.0000,0.0000,0,0,1,0.0092,167
83,245421.029618458,0.0423,0.0423,nan,-1,-1,-1,-1,-1,-1,nan,0.0000,0.0000,0,0,1,0.0073,169
84,245421.062954708,0.0300,0.0299,nan,-1,-1,-1,-1,-1,-1,nan,8.5715,8.2677,1,0,1,0.0064,171
85,245421.096291083,0.0480,0.0479,nan,-1,-1,-1,-1,-1,-1,nan,0.0000,0.0000,0,0,1,0.0158,173
86,245421.129627416,0.1001,0.1000,nan,-1,-1,-1,-1,-1,-1,nan,0.0000,0.0000,0,0,1,0.0080,175
87,245421.162963666,0.0284,0.0283,nan,-1,-1,-1,-1,-1,-1,nan,8.0217,7.7242,1,0,1,0.0071,177
88,245421.196300041,0.0360,0.0358,nan,-1,-1,-1,-1,-1,-1,nan,0.0000,0.0000,0,0,1,0.0087,179
89,245421.229636416,0.0314,0.0312,nan,-1,-1,-1,-1,-1,-1,nan,0.0000,0.0000,0,0,1,0.0141,181
90,245421.262972666,0.0537,0.0536,nan,-1,-1,-1,-1,-1,-1,nan,0.0000,0.0000,0,0,1,0.0070,183
91,245421.296308958,0.0278,0.0277,nan,-1,-1,-1,-1,-1,-1,nan,22.0574,21.7582,1,0,1,0.0072,185
92,245421.329645333,0.0305,0.0304,nan,-1,-1,-1,-1,-1,-1,nan,0.0000,0.0000,0,0,1,0.0058,187
93,245421.362981583,0.0254,0.0253,nan,-1,-1,-1,-1,-1,-1,nan,0.8348,0.5547,1,0,1,0.0064,189
94,245421.396317958,0.0352,0.0352,nan,-1,-1,-1,-1,-1,-1,nan,0.0000,0.0000,0,0,1,0.0070,191
95,245421.429654166,0.0344,0.0343,nan,-1,-1,-1,-1,-1,-1,nan,0.0000,0.0000,0,0,1,0.0104,193
96,245421.462990500,0.0413,0.0412,nan,-1,-1,-1,-1,-1,-1,nan,14.4584,14.1195,1,0,1,0.0059,195
97,245421.496326833,0.0270,0.0270,nan,-1,-1,-1,-1,-1,-1,nan,0.0000,0.0000,0,0,1,0.0060,197
98,245421.529663041,0.0287,0.0286,nan,-1,-1,-1,-1,-1,-1,nan,0.0000,0.0000,0,0,1,0.0073,199
99,245421.562999458,0.0285,0.0284,nan,-1,-1,-1,-1,-1,-1,nan,8.4836,8.2044,1,0,1,0.0061,201
100,245421.596335791,0.0307,0.0307,nan,-1,-1,-1,-1,-1,-1,nan,0.0000,0.0000,0,0,1,0.0069,203
101,245421.629672041,0.0355,0.0353,nan,-1,-1,-1,-1,-1,-1,nan,0.0000,0.0000,0,0,1,0.0089,205
102,245421.663008375,0.0535,0.0535,nan,-1,-1,-1,-1,-1,-1,nan,12.5813,12.2784,1,0,1,0.0079,207
103,245421.696344708,0.0464,0.0463,nan,-1,-1,-1,-1,-1,-1,nan,0.0000,0.0000,0,0,1,0.0072,209
104,245421.729680958,0.0663,0.0664,nan,-1,-1,-1,-1,-1,-1,nan,0.0000,0.0000,0,0,1,0.0073,211
105,245421.763017291,0.0283,0.0283,nan,-1,-1,-1,-1,-1,-1,nan,15.1165,14.8168,1,0,1,0.0070,213
106,245421.796353666,0.0230,0.0230,nan,-1,-1,-1,-1,-1,-1,nan,0.0000,0.0000,0,0,1,0.0058,215
107,245421.829689875,0.0290,0.0290,nan,-1,-1,-1,-1,-1,-1,nan,0.0000,0.0000,0,0,1,0.0063,217
108,245421.863026208,0.0304,0.0303,nan,-1,-1,-1,-1,-1,-1,nan,8.3770,8.1044,1,0,1,0.0081,219
109,245421.896362583,0.0288,0.0288,nan,-1,-1,-1,-1,-1,-1,nan,0.0000,0.0000,0,0,1,0.0085,221
110,245421.929698791,0.0302,0.0301,nan,-1,-1,-1,-1,-1,-1,nan,0.0000,0.0000,0,0,1,0.0065,223
111,245421.963035125,0.0295,0.0295,nan,-1,-1,-1,-1,-1,-1,nan,8.7074,8.4172,1,0,1,0.0083,225
112,245421.996371291,0.0293,0.0293,nan,-1,-1,-1,-1,-1,-1,nan,0.0000,0.0000,0,0,1,0.0065,227
113,245422.029707666,0.0297,0.0295,nan,-1,-1,-1,-1,-1,-1,nan,0.0000,0.0000,0,0,1,0.0077,229
114,245422.063044000,0.0312,0.0312,nan,-1,-1,-1,-1,-1,-1,nan,9.3240,9.0143,1,0,1,0.0090,231
115,245422.096380250,0.0490,0.0490,nan,-1,-1,-1,-1,-1,-1,nan,0.0000,0.0000,0,0,1,0.0080,233
116,245422.129716541,0.0497,0.0496,nan,-1,-1,-1,-1,-1,-1,nan,0.0000,0.0000,0,0,1,0.0075,235
117,245422.163052875,0.0441,0.0442,nan,-1,-1,-1,-1,-1,-1,nan,8.6620,8.3554,1,0,1,0.0080,237
118,245422.196389125,0.0457,0.0457,nan,-1,-1,-1,-1,-1,-1,nan,0.0000,0.0000,0,0,1,0.0070,239
119,245422.229725458,0.0456,0.0456,nan,-1,-1,-1,-1,-1,-1,nan,0.0000,0.0000,0,0,1,0.0083,241
120,245422.263061750,0.0516,0.0515,nan,-1,-1,-1,-1,-1,-1,nan,12.4100,12.0785,1,0,1,0.0080,243
121,245422.296398000,0.0217,0.0217,nan,-1,-1,-1,-1,-1,-1,nan,0.0000,0.0000,0,0,1,0.0073,245
122,245422.329734333,0.0292,0.0292,nan,-1,-1,-1,-1,-1,-1,nan,0.0000,0.0000,0,0,1,0.0078,247
123,245422.363070541,0.0218,0.0218,nan,-1,-1,-1,-1,-1,-1,nan,12.3480,12.0450,1,0,1,0.0080,249
124,245422.396406791,0.0302,0.0302,nan,-1,-1,-1,-1,-1,-1,nan,0.0000,0.0000,0,0,1,0.0077,251
125,245422.429743166,0.0281,0.0281,nan,-1,-1,-1,-1,-1,-1,nan,0.0000,0.0000,0,0,1,0.0071,253
126,245422.463079416,0.0305,0.0306,nan,-1,-1,-1,-1,-1,-1,nan,8.4559,8.1542,1,0,1,0.0068,255
127,245422.496415666,0.0438,0.0437,nan,-1,-1,-1,-1,-1,-1,nan,0.0000,0.0000,0,0,1,0.0067,257
128,245422.529751916,0.0415,0.0415,nan,-1,-1,-1,-1,-1,-1,nan,0.0000,0.0000,0,0,1,0.0110,259
129,245422.563088166,0.0218,0.0217,nan,-1,-1,-1,-1,-1,-1,nan,18.6159,18.3191,1,0,1,0.0053,261
130,245422.596424458,0.0224,0.0224,nan,-1,-1,-1,-1,-1,-1,nan,0.0000,0.0000,0,0,1,0.0055,263
131,245422.629760750,0.0302,0.0302,nan,-1,-1,-1,-1,-1,-1,nan,0.0000,0.0000,0,0,1,0.0073,265
132,245422.663097041,0.0230,0.0229,nan,-1,-1,-1,-1,-1,-1,nan,12.3892,12.1059,1,0,1,0.0054,267
133,245422.696433250,0.0219,0.0219,nan,-1,-1,-1,-1,-1,-1,nan,0.0000,0.0000,0,0,1,0.0057,269
134,245422.729769541,0.0305,0.0305,nan,-1,-1,-1,-1,-1,-1,nan,0.0000,0.0000,0,0,1,0.0060,271
135,245422.763105750,0.0332,0.0331,nan,-1,-1,-1,-1,-1,-1,nan,11.4408,11.1525,1,0,1,0.0054,273
136,245422.796442041,0.0290,0.0289,nan,-1,-1,-1,-1,-1,-1,nan,0.0000,0.0000,0,0,1,0.0055,275
137,245422.829778333,0.0279,0.0278,nan,-1,-1,-1,-1,-1,-1,nan,0.0000,0.0000,0,0,1,0.0080,277
138,245422.863114583,0.0219,0.0219,nan,-1,-1,-1,-1,-1,-1,nan,20.7852,20.5157,1,0,1,0.0056,279
139,245422.896450916,0.0297,0.0297,nan,-1,-1,-1,-1,-1,-1,nan,0.0000,0.0000,0,0,1,0.0062,281
140,245422.929787166,0.0212,0.0211,nan,-1,-1,-1,-1,-1,-1,nan,0.0000,0.0000,0,0,1,0.0075,283
141,245422.963123375,0.0165,0.0165,nan,-1,-1,-1,-1,-1,-1,nan,10.6052,10.3262,1,0,1,0.0067,285
142,245422.996459541,0.0229,0.0228,nan,-1,-1,-1,-1,-1,-1,nan,0.0000,0.0000,0,0,1,0.0066,287
143,245423.029795833,0.0225,0.0224,nan,-1,-1,-1,-1,-1,-1,nan,0.0000,0.0000,0,0,1,0.0113,289
144,245423.063132083,0.0276,0.0275,nan,-1,-1,-1,-1,-1,-1,nan,18.5425,18.2675,1,0,1,0.0052,291
145,245423.096468291,0.0278,0.0278,nan,-1,-1,-1,-1,-1,-1,nan,0.0000,0.0000,0,0,1,0.0057,293
146,245423.129804541,0.0520,0.0520,nan,-1,-1,-1,-1,-1,-1,nan,0.0000,0.0000,0,0,1,0.0081,295
147,245423.163140791,0.0236,0.0235,nan,-1,-1,-1,-1,-1,-1,nan,7.2032,6.8527,1,0,1,0.0047,297
148,245423.196477000,0.0290,0.0290,nan,-1,-1,-1,-1,-1,-1,nan,0.0000,0.0000,0,0,1,0.0072,299
149,245423.229813416,0.0301,0.0300,nan,-1,-1,-1,-1,-1,-1,nan,0.0000,0.0000,0,0,1,0.0084,301
150,245423.263149666,0.0279,0.0280,nan,-1,-1,-1,-1,-1,-1,nan,12.5667,12.2904,1,0,1,0.0057,303
151,245423.296485875,0.0278,0.0278,nan,-1,-1,-1,-1,-1,-1,nan,0.0000,0.0000,0,0,1,0.0072,305
152,245423.329822083,0.0354,0.0353,nan,-1,-1,-1,-1,-1,-1,nan,0.0000,0.0000,0,0,1,0.0082,307
153,245423.363158416,0.0312,0.0312,nan,-1,-1,-1,-1,-1,-1,nan,8.1680,7.8723,1,0,1,0.0082,309
154,245423.396494541,0.0333,0.0332,nan,-1,-1,-1,-1,-1,-1,nan,0.0000,0.0000,0,0,1,0.0068,311
155,245423.429830875,0.0409,0.0407,nan,-1,-1,-1,-1,-1,-1,nan,0.0000,0.0000,0,0,1,0.0110,313
156,245423.463167041,0.0355,0.0355,nan,-1,-1,-1,-1,-1,-1,nan,8.0704,7.7302,1,0,1,0.0075,315
157,245423.496503333,0.0303,0.0303,nan,-1,-1,-1,-1,-1,-1,nan,0.0000,0.0000,0,0,1,0.0068,317
158,245423.529839666,0.0425,0.0425,nan,-1,-1,-1,-1,-1,-1,nan,0.0000,0.0000,0,0,1,0.0127,319
159,245423.563175750,0.0338,0.0335,nan,-1,-1,-1,-1,-1,-1,nan,0.0000,0.0000,0,0,1,0.0067,321
160,245423.596512125,0.0237,0.0236,nan,-1,-1,-1,-1,-1,-1,nan,22.1708,21.8764,1,0,1,0.0052,323
161,245423.629848250,0.0310,0.0310,nan,-1,-1,-1,-1,-1,-1,nan,0.0000,0.0000,0,0,1,0.0060,325
162,245423.663184500,0.0225,0.0225,nan,-1,-1,-1,-1,-1,-1,nan,0.0000,0.0000,0,0,1,0.0050,327
163,245423.696520791,0.0236,0.0236,nan,-1,-1,-1,-1,-1,-1,nan,19.4132,19.1499,1,0,1,0.0050,329
164,245423.729857000,0.0225,0.0223,nan,-1,-1,-1,-1,-1,-1,nan,0.0000,0.0000,0,0,1,0.0054,331
165,245423.763193250,0.0313,0.0312,nan,-1,-1,-1,-1,-1,-1,nan,7.6132,7.3229,1,0,1,0.0050,333
166,245423.796529375,0.0285,0.0285,nan,-1,-1,-1,-1,-1,-1,nan,0.0000,0.0000,0,0,1,0.0051,335
167,245423.829865750,0.0292,0.0291,nan,-1,-1,-1,-1,-1,-1,nan,0.0000,0.0000,0,0,1,0.0069,337
168,245423.863201916,0.0254,0.0253,nan,-1,-1,-1,-1,-1,-1,nan,9.6975,9.4080,1,0,1,0.0064,339
169,245423.896538208,0.0401,0.0400,nan,-1,-1,-1,-1,-1,-1,nan,0.0000,0.0000,0,0,1,0.0084,341
170,245423.929874416,0.0394,0.0392,nan,-1,-1,-1,-1,-1,-1,nan,0.0000,0.0000,0,0,1,0.0134,343
171,245423.963210666,0.0311,0.0308,nan,-1,-1,-1,-1,-1,-1,nan,11.9091,11.5810,1,0,1,0.0065,345
172,245423.996546958,0.0465,0.0464,nan,-1,-1,-1,-1,-1,-1,nan,0.0000,0.0000,0,0,1,0.0075,347
173,245424.029883125,0.0212,0.0211,nan,-1,-1,-1,-1,-1,-1,nan,0.0000,0.0000,0,0,1,0.0076,349
174,245424.063219375,0.0282,0.0282,nan,-1,-1,-1,-1,-1,-1,nan,8.2320,7.9221,1,0,1,0.0056,351
175,245424.096555666,0.0290,0.0290,nan,-1,-1,-1,-1,-1,-1,nan,0.0000,0.0000,0,0,1,0.0082,353
176,245424.129891833,0.0357,0.0356,nan,-1,-1,-1,-1,-1,-1,nan,0.0000,0.0000,0,0,1,0.0068,355
177,245424.163228041,0.0309,0.0308,nan,-1,-1,-1,-1,-1,-1,nan,1.0814,0.6998,1,0,1,0.0061,357
178,245424.196564375,0.0505,0.0505,nan,-1,-1,-1,-1,-1,-1,nan,0.0000,0.0000,0,0,1,0.0094,359
179,245424.229900541,0.0477,0.0477,nan,-1,-1,-1,-1,-1,-1,nan,0.0000,0.0000,0,0,1,0.0087,361
180,245424.263236666,0.0437,0.0436,nan,-1,-1,-1,-1,-1,-1,nan,18.0025,17.5993,1,0,1,0.0067,363
181,245424.296573000,0.0414,0.0414,nan,-1,-1,-1,-1,-1,-1,nan,0.0000,0.0000,0,0,1,0.0086,365
182,245424.329909166,0.0459,0.0458,nan,-1,-1,-1,-1,-1,-1,nan,0.0000,0.0000,0,0,1,0.0073,367
183,245424.363245458,0.0591,0.0590,nan,-1,-1,-1,-1,-1,-1,nan,8.7920,8.4540,1,0,1,0.0073,369
184,245424.396581750,0.0311,0.0310,nan,-1,-1,-1,-1,-1,-1,nan,0.0000,0.0000,0,0,1,0.0084,371
185,245424.429917958,0.0302,0.0302,nan,-1,-1,-1,-1,-1,-1,nan,0.0000,0.0000,0,0,1,0.0067,373
186,245424.463254083,0.0276,0.0274,nan,-1,-1,-1,-1,-1,-1,nan,12.5490,12.2151,1,0,1,0.0058,375
187,245424.496590416,0.0304,0.0302,nan,-1,-1,-1,-1,-1,-1,nan,0.0000,0.0000,0,0,1,0.0075,377
188,245424.529926625,0.0217,0.0217,nan,-1,-1,-1,-1,-1,-1,nan,0.0000,0.0000,0,0,1,0.0057,379
189,245424.563262958,0.0267,0.0266,nan,-1,-1,-1,-1,-1,-1,nan,12.9020,12.5704,1,0,1,0.0056,381
190,245424.596599041,0.0310,0.0308,nan,-1,-1,-1,-1,-1,-1,nan,0.0000,0.0000,0,0,1,0.0132,383
191,245424.629935333,0.0307,0.0305,nan,-1,-1,-1,-1,-1,-1,nan,0.0000,0.0000,0,0,1,0.0067,385
192,245424.663271541,0.0203,0.0202,nan,-1,-1,-1,-1,-1,-1,nan,20.9283,20.6348,1,0,1,0.0048,387
193,245424.696607708,0.0218,0.0218,nan,-1,-1,-1,-1,-1,-1,nan,0.0000,0.0000,0,0,1,0.0046,389
194,245424.729943958,0.0250,0.0248,nan,-1,-1,-1,-1,-1,-1,nan,0.0000,0.0000,0,0,1,0.0065,391
195,245424.763280250,0.0171,0.0171,nan,-1,-1,-1,-1,-1,-1,nan,18.8931,18.6372,1,0,1,0.0058,393
196,245424.796616458,0.0172,0.0172,nan,-1,-1,-1,-1,-1,-1,nan,0.0000,0.0000,0,0,1,0.0045,395
197,245424.829952666,0.0246,0.0245,nan,-1,-1,-1,-1,-1,-1,nan,0.0000,0.0000,0,0,1,0.0055,397
198,245424.863288916,0.0170,0.0169,nan,-1,-1,-1,-1,-1,-1,nan,9.9269,9.6681,1,0,1,0.0057,399
199,245424.896625041,0.0281,0.0278,nan,-1,-1,-1,-1,-1,-1,nan,0.0000,0.0000,0,0,1,0.0060,401
200,245424.929961333,0.0267,0.0266,nan,-1,-1,-1,-1,-1,-1,nan,0.0000,0.0000,0,0,1,0.0055,403
201,245424.963297500,0.0263,0.0261,nan,-1,-1,-1,-1,-1,-1,nan,10.3343,10.0317,1,0,1,0.0071,405
202,245424.996633875,0.0252,0.0251,nan,-1,-1,-1,-1,-1,-1,nan,0.0000,0.0000,0,0,1,0.0060,407
203,245425.029970000,0.0408,0.0405,nan,-1,-1,-1,-1,-1,-1,nan,0.0000,0.0000,0,0,1,0.0071,409
204,245425.063306208,0.0488,0.0486,nan,-1,-1,-1,-1,-1,-1,nan,9.9676,9.6448,1,0,1,0.0074,411
205,245425.096642333,0.0480,0.0480,nan,-1,-1,-1,-1,-1,-1,nan,0.0000,0.0000,0,0,1,0.0114,413
206,245425.129978708,0.0333,0.0333,nan,-1,-1,-1,-1,-1,-1,nan,0.0000,0.0000,0,0,1,0.0067,415
207,245425.163315000,0.0264,0.0263,nan,-1,-1,-1,-1,-1,-1,nan,9.9955,9.7057,1,0,1,0.0087,417
208,245425.196651166,0.0253,0.0253,nan,-1,-1,-1,-1,-1,-1,nan,0.0000,0.0000,0,0,1,0.0059,419
209,245425.229987458,0.0291,0.0291,nan,-1,-1,-1,-1,-1,-1,nan,0.0000,0.0000,0,0,1,0.0073,421
210,245425.263323583,0.0267,0.0267,nan,-1,-1,-1,-1,-1,-1,nan,7.5655,7.2561,1,0,1,0.0089,423
211,245425.296659791,0.0234,0.0234,nan,-1,-1,-1,-1,-1,-1,nan,0.0000,0.0000,0,0,1,0.0065,425
212,245425.329995958,0.0275,0.0274,nan,-1,-1,-1,-1,-1,-1,nan,0.0000,0.0000,0,0,1,0.0067,427
213,245425.363332250,0.0203,0.0203,nan,-1,-1,-1,-1,-1,-1,nan,19.8568,19.5840,1,0,1,0.0072,429
214,245425.396668458,0.0246,0.0245,nan,-1,-1,-1,-1,-1,-1,nan,0.0000,0.0000,0,0,1,0.0058,431
215,245425.430004625,0.0310,0.0310,nan,-1,-1,-1,-1,-1,-1,nan,0.0000,0.0000,0,0,1,0.0068,433
216,245425.463340833,0.0210,0.0209,nan,-1,-1,-1,-1,-1,-1,nan,6.9285,6.6478,1,0,1,0.0065,435
217,245425.496677041,0.0297,0.0297,nan,-1,-1,-1,-1,-1,-1,nan,0.0000,0.0000,0,0,1,0.0057,437
218,245425.530013333,0.0309,0.0306,nan,-1,-1,-1,-1,-1,-1,nan,0.0000,0.0000,0,0,1,0.0081,439
219,245425.563349583,0.0201,0.0200,nan,-1,-1,-1,-1,-1,-1,nan,19.3402,19.0819,1,0,1,0.0090,441
220,245425.596685666,0.0279,0.0278,nan,-1,-1,-1,-1,-1,-1,nan,0.0000,0.0000,0,0,1,0.0050,443
221,245425.630021958,0.0305,0.0304,nan,-1,-1,-1,-1,-1,-1,nan,0.0000,0.0000,0,0,1,0.0056,445
222,245425.663358166,0.0226,0.0226,nan,-1,-1,-1,-1,-1,-1,nan,6.6806,6.4073,1,0,1,0.0065,447
223,245425.696694416,0.0224,0.0222,nan,-1,-1,-1,-1,-1,-1,nan,0.0000,0.0000,0,0,1,0.0066,449
224,245425.730030541,0.0293,0.0293,nan,-1,-1,-1,-1,-1,-1,nan,0.0000,0.0000,0,0,1,0.0079,451
225,245425.763366833,0.0334,0.0334,nan,-1,-1,-1,-1,-1,-1,nan,7.3747,7.0705,1,0,1,0.0052,453
226,245425.796703083,0.0294,0.0294,nan,-1,-1,-1,-1,-1,-1,nan,0.0000,0.0000,0,0,1,0.0056,455
227,245425.830039291,0.0296,0.0296,nan,-1,-1,-1,-1,-1,-1,nan,0.0000,0.0000,0,0,1,0.0068,457
228,245425.863375458,0.0459,0.0458,nan,-1,-1,-1,-1,-1,-1,nan,8.1100,7.7932,1,0,1,0.0062,459
229,245425.896711583,0.0486,0.0485,nan,-1,-1,-1,-1,-1,-1,nan,0.0000,0.0000,0,0,1,0.0071,461
230,245425.930047833,0.0477,0.0476,nan,-1,-1,-1,-1,-1,-1,nan,0.0000,0.0000,0,0,1,0.0077,463
231,245425.963383958,0.0435,0.0435,nan,-1,-1,-1,-1,-1,-1,nan,8.8317,8.4671,1,0,1,0.0067,465
232,245425.996720208,0.0562,0.0560,nan,-1,-1,-1,-1,-1,-1,nan,0.0000,0.0000,0,0,1,0.0095,467
233,245426.030056375,0.0413,0.0413,nan,-1,-1,-1,-1,-1,-1,nan,0.0000,0.0000,0,0,1,0.0103,469
234,245426.063392583,0.0404,0.0402,nan,-1,-1,-1,-1,-1,-1,nan,9.1759,8.8011,1,0,1,0.0066,471
235,245426.096728750,0.0430,0.0430,nan,-1,-1,-1,-1,-1,-1,nan,0.0000,0.0000,0,0,1,0.0074,473
236,245426.130065000,0.0246,0.0244,nan,-1,-1,-1,-1,-1,-1,nan,0.0000,0.0000,0,0,1,0.0118,475
237,245426.163401250,0.0360,0.0360,nan,-1,-1,-1,-1,-1,-1,nan,8.8833,8.5171,1,0,1,0.0076,477
238,245426.196737458,0.0466,0.0465,nan,-1,-1,-1,-1,-1,-1,nan,0.0000,0.0000,0,0,1,0.0086,479
239,245426.230073583,0.0430,0.0429,nan,-1,-1,-1,-1,-1,-1,nan,0.0000,0.0000,0,0,1,0.0109,481
240,245426.263409875,0.0424,0.0423,nan,-1,-1,-1,-1,-1,-1,nan,9.1307,8.7676,1,0,1,0.0065,483
241,245426.296746083,0.0327,0.0326,nan,-1,-1,-1,-1,-1,-1,nan,0.0000,0.0000,0,0,1,0.0069,485
242,245426.330082250,0.0354,0.0354,nan,-1,-1,-1,-1,-1,-1,nan,0.0000,0.0000,0,0,1,0.0103,487
243,245426.363418458,0.0396,0.0395,nan,-1,-1,-1,-1,-1,-1,nan,8.7854,8.4471,1,0,1,0.0074,489
244,245426.396754708,0.0531,0.0530,nan,-1,-1,-1,-1,-1,-1,nan,0.0000,0.0000,0,0,1,0.0077,491
245,245426.430090958,0.0566,0.0565,nan,-1,-1,-1,-1,-1,-1,nan,0.0000,0.0000,0,0,1,0.0127,493
246,245426.463427000,0.0468,0.0467,nan,-1,-1,-1,-1,-1,-1,nan,8.4001,8.0566,1,0,1,0.0063,495
247,245426.496763250,0.0431,0.0430,nan,-1,-1,-1,-1,-1,-1,nan,0.0000,0.0000,0,0,1,0.0082,497
248,245426.530099375,0.0488,0.0488,nan,-1,-1,-1,-1,-1,-1,nan,0.0000,0.0000,0,0,1,0.0097,499
249,245426.563435666,0.0448,0.0448,nan,-1,-1,-1,-1,-1,-1,nan,8.0730,7.7649,1,0,1,0.0062,501
250,245426.596771875,0.0513,0.0513,nan,-1,-1,-1,-1,-1,-1,nan,0.0000,0.0000,0,0,1,0.0066,503
251,245426.630108083,0.0503,0.0500,nan,-1,-1,-1,-1,-1,-1,nan,0.0000,0.0000,0,0,1,0.0092,505
252,245426.663444250,0.0569,0.0568,nan,-1,-1,-1,-1,-1,-1,nan,7.9769,7.6244,1,0,1,0.0102,507
253,245426.696780500,0.0472,0.0472,nan,-1,-1,-1,-1,-1,-1,nan,0.0000,0.0000,0,0,1,0.0069,509
254,245426.730116666,0.0607,0.0606,nan,-1,-1,-1,-1,-1,-1,nan,0.0000,0.0000,0,0,1,0.0125,511
255,245426.763452791,0.0526,0.0526,nan,-1,-1,-1,-1,-1,-1,nan,7.0997,6.8480,1,0,1,0.0066,513
256,245426.796789083,0.0414,0.0414,nan,-1,-1,-1,-1,-1,-1,nan,0.0000,0.0000,0,0,1,0.0087,515
257,245426.830125291,0.0424,0.0423,nan,-1,-1,-1,-1,-1,-1,nan,0.0000,0.0000,0,0,1,0.0139,517
258,245426.863461416,0.0354,0.0355,nan,-1,-1,-1,-1,-1,-1,nan,13.8573,13.6315,1,0,1,0.0067,519
259,245426.896797708,0.0462,0.0462,nan,-1,-1,-1,-1,-1,-1,nan,0.0000,0.0000,0,0,1,0.0072,521
260,245426.930133791,0.0448,0.0448,nan,-1,-1,-1,-1,-1,-1,nan,0.0000,0.0000,0,0,1,0.0077,523
261,245426.963470000,0.0718,0.0715,nan,-1,-1,-1,-1,-1,-1,nan,14.2472,14.0367,1,0,1,0.0068,525
262,245426.996806291,0.0512,0.0511,nan,-1,-1,-1,-1,-1,-1,nan,0.0000,0.0000,0,0,1,0.0074,527
263,245427.030142416,0.0489,0.0488,nan,-1,-1,-1,-1,-1,-1,nan,0.0000,0.0000,0,0,1,0.0075,529
264,245427.063478666,0.0362,0.0359,nan,-1,-1,-1,-1,-1,-1,nan,9.7648,9.6095,1,0,1,0.0067,531
265,245427.096814750,0.0327,0.0325,nan,-1,-1,-1,-1,-1,-1,nan,0.0000,0.0000,0,0,1,0.0088,533
266,245427.130151041,0.0340,0.0339,nan,-1,-1,-1,-1,-1,-1,nan,0.0000,0.0000,0,0,1,0.0067,535
267,245427.163487166,0.0468,0.0467,nan,-1,-1,-1,-1,-1,-1,nan,5.6573,5.4810,1,0,1,0.0074,537
268,245427.196823416,0.0547,0.0546,nan,-1,-1,-1,-1,-1,-1,nan,0.0000,0.0000,0,0,1,0.0109,539
269,245427.230159500,0.0580,0.0580,nan,-1,-1,-1,-1,-1,-1,nan,0.0000,0.0000,0,0,1,0.0095,541
270,245427.263495750,0.0615,0.0615,nan,-1,-1,-1,-1,-1,-1,nan,6.3740,6.1902,1,0,1,0.0075,543
271,245427.296831958,0.0475,0.0475,nan,-1,-1,-1,-1,-1,-1,nan,0.0000,0.0000,0,0,1,0.0108,545
272,245427.330168250,0.0459,0.0458,nan,-1,-1,-1,-1,-1,-1,nan,0.0000,0.0000,0,0,1,0.0099,547
273,245427.363504291,0.0288,0.0287,nan,-1,-1,-1,-1,-1,-1,nan,4.9718,4.8353,1,0,1,0.0103,549
274,245427.396840541,0.0489,0.0488,nan,-1,-1,-1,-1,-1,-1,nan,0.0000,0.0000,0,0,1,0.0112,551
275,245427.430176708,0.0455,0.0455,nan,-1,-1,-1,-1,-1,-1,nan,0.0000,0.0000,0,0,1,0.0116,553
276,245427.463512916,0.0366,0.0367,nan,-1,-1,-1,-1,-1,-1,nan,6.4252,6.2227,1,0,1,0.0077,555
277,245427.496849083,0.0352,0.0351,nan,-1,-1,-1,-1,-1,-1,nan,0.0000,0.0000,0,0,1,0.0106,557
278,245427.530185291,0.0400,0.0399,nan,-1,-1,-1,-1,-1,-1,nan,0.0000,0.0000,0,0,1,0.0095,559
279,245427.563521500,0.0420,0.0420,nan,-1,-1,-1,-1,-1,-1,nan,16.2527,16.0721,1,0,1,0.0074,561
280,245427.596857666,0.0427,0.0426,nan,-1,-1,-1,-1,-1,-1,nan,0.0000,0.0000,0,0,1,0.0084,563
281,245427.630193916,0.0498,0.0498,nan,-1,-1,-1,-1,-1,-1,nan,0.0000,0.0000,0,0,1,0.0085,565
282,245427.663530041,0.0497,0.0493,nan,-1,-1,-1,-1,-1,-1,nan,10.8710,10.6682,1,0,1,0.0077,567
283,245427.696866250,0.0560,0.0560,nan,-1,-1,-1,-1,-1,-1,nan,0.0000,0.0000,0,0,1,0.0098,569
284,245427.730202375,0.0580,0.0579,nan,-1,-1,-1,-1,-1,-1,nan,0.0000,0.0000,0,0,1,0.0083,571
285,245427.763538541,0.0586,0.0586,nan,-1,-1,-1,-1,-1,-1,nan,6.6590,6.4162,1,0,1,0.0082,573
286,245427.796874833,0.0440,0.0440,nan,-1,-1,-1,-1,-1,-1,nan,0.0000,0.0000,0,0,1,0.0095,575
287,245427.830211000,0.0625,0.0623,nan,-1,-1,-1,-1,-1,-1,nan,0.0000,0.0000,0,0,1,0.0080,577
288,245427.863547125,0.0430,0.0430,nan,-1,-1,-1,-1,-1,-1,nan,6.6946,6.4245,1,0,1,0.0080,579
289,245427.896883416,0.0258,0.0258,nan,-1,-1,-1,-1,-1,-1,nan,0.0000,0.0000,0,0,1,0.0106,581
290,245427.930219458,0.0487,0.0486,nan,-1,-1,-1,-1,-1,-1,nan,0.0000,0.0000,0,0,1,0.0076,583
291,245427.963555666,0.0353,0.0353,nan,-1,-1,-1,-1,-1,-1,nan,7.9900,7.6932,1,0,1,0.0076,585
292,245427.996891916,0.0411,0.0411,nan,-1,-1,-1,-1,-1,-1,nan,0.0000,0.0000,0,0,1,0.0081,587
293,245428.030228125,0.0457,0.0457,nan,-1,-1,-1,-1,-1,-1,nan,0.0000,0.0000,0,0,1,0.0072,589
294,245428.063564291,0.0377,0.0377,nan,-1,-1,-1,-1,-1,-1,nan,8.5140,8.1726,1,0,1,0.0074,591
295,245428.096900458,0.0394,0.0394,nan,-1,-1,-1,-1,-1,-1,nan,0.0000,0.0000,0,0,1,0.0069,593
296,245428.130236625,0.2074,0.2075,nan,-1,-1,-1,-1,-1,-1,nan,0.0000,0.0000,0,0,1,0.0217,595
297,245428.163572875,0.0441,0.0437,nan,-1,-1,-1,-1,-1,-1,nan,9.7125,9.3583,1,0,1,0.0095,597
298,245428.196909041,0.0410,0.0410,nan,-1,-1,-1,-1,-1,-1,nan,0.0000,0.0000,0,0,1,0.0065,599
299,245428.230245166,0.0394,0.0394,nan,-1,-1,-1,-1,-1,-1,nan,0.0000,0.0000,0,0,1,0.0098,601
300,245428.263581333,0.0398,0.0397,nan,-1,-1,-1,-1,-1,-1,nan,9.5402,9.1903,1,0,1,0.0074,603
301,245428.296917583,0.0450,0.0450,nan,-1,-1,-1,-1,-1,-1,nan,0.0000,0.0000,0,0,1,0.0066,605
302,245428.330253708,0.0541,0.0540,nan,-1,-1,-1,-1,-1,-1,nan,0.0000,0.0000,0,0,1,0.0080,607
303,245428.363589916,0.0452,0.0452,nan,-1,-1,-1,-1,-1,-1,nan,9.0158,8.6746,1,0,1,0.0077,609
304,245428.396926041,0.0525,0.0523,nan,-1,-1,-1,-1,-1,-1,nan,0.0000,0.0000,0,0,1,0.0071,611
305,245428.430262250,0.0511,0.0510,nan,-1,-1,-1,-1,-1,-1,nan,0.0000,0.0000,0,0,1,0.0090,613
306,245428.463598458,0.0221,0.0220,nan,-1,-1,-1,-1,-1,-1,nan,12.8310,12.5121,1,0,1,0.0068,615
307,245428.496934583,0.0303,0.0304,nan,-1,-1,-1,-1,-1,-1,nan,0.0000,0.0000,0,0,1,0.0060,617
308,245428.530270791,0.0288,0.0288,nan,-1,-1,-1,-1,-1,-1,nan,0.0000,0.0000,0,0,1,0.0073,619
309,245428.563607000,0.0256,0.0257,nan,-1,-1,-1,-1,-1,-1,nan,12.8157,12.5092,1,0,1,0.0071,621
310,245428.596943166,0.0312,0.0312,nan,-1,-1,-1,-1,-1,-1,nan,0.0000,0.0000,0,0,1,0.0061,623
311,245428.630279375,0.0358,0.0357,nan,-1,-1,-1,-1,-1,-1,nan,0.0000,0.0000,0,0,1,0.0067,625
312,245428.663615541,0.0221,0.0219,nan,-1,-1,-1,-1,-1,-1,nan,23.6220,23.2848,1,0,1,0.0063,627
313,245428.696951666,0.0216,0.0215,nan,-1,-1,-1,-1,-1,-1,nan,0.0000,0.0000,0,0,1,0.0050,629
314,245428.730287791,0.0289,0.0288,nan,-1,-1,-1,-1,-1,-1,nan,0.0000,0.0000,0,0,1,0.0072,631
315,245428.763624041,0.0147,0.0147,nan,-1,-1,-1,-1,-1,-1,nan,20.4068,20.1494,1,0,1,0.0055,633
316,245428.796960250,0.0178,0.0177,nan,-1,-1,-1,-1,-1,-1,nan,0.0000,0.0000,0,0,1,0.0045,635
317,245428.830296291,0.0162,0.0162,nan,-1,-1,-1,-1,-1,-1,nan,0.0000,0.0000,0,0,1,0.0047,637
318,245428.863632500,0.0145,0.0144,nan,-1,-1,-1,-1,-1,-1,nan,19.1779,18.9387,1,0,1,0.0051,639
319,245428.896968791,0.0167,0.0167,nan,-1,-1,-1,-1,-1,-1,nan,0.0000,0.0000,0,0,1,0.0046,641
320,245428.930304875,0.0177,0.0177,nan,-1,-1,-1,-1,-1,-1,nan,0.0000,0.0000,0,0,1,0.0047,643
321,245428.963641083,0.0163,0.0163,nan,-1,-1,-1,-1,-1,-1,nan,6.5786,6.3419,1,0,1,0.0060,645
322,245428.996977125,0.0179,0.0178,nan,-1,-1,-1,-1,-1,-1,nan,0.0000,0.0000,0,0,1,0.0051,647
323,245429.030313416,0.0230,0.0230,nan,-1,-1,-1,-1,-1,-1,nan,0.0000,0.0000,0,0,1,0.0058,649
324,245429.063649625,0.0216,0.0216,nan,-1,-1,-1,-1,-1,-1,nan,7.7342,7.1976,1,0,1,0.0061,651
325,245429.096985666,0.0281,0.0281,nan,-1,-1,-1,-1,-1,-1,nan,0.0000,0.0000,0,0,1,0.0057,653
326,245429.130321875,0.0305,0.0305,nan,-1,-1,-1,-1,-1,-1,nan,0.0000,0.0000,0,0,1,0.0098,655
327,245429.163658166,0.0318,0.0319,nan,-1,-1,-1,-1,-1,-1,nan,8.1384,7.8497,1,0,1,0.0066,657
328,245429.196994250,0.0312,0.0312,nan,-1,-1,-1,-1,-1,-1,nan,0.0000,0.0000,0,0,1,0.0063,659
329,245429.230330458,0.0428,0.0428,nan,-1,-1,-1,-1,-1,-1,nan,0.0000,0.0000,0,0,1,0.0067,661
330,245429.263666583,0.0356,0.0356,nan,-1,-1,-1,-1,-1,-1,nan,11.7342,11.4365,1,0,1,0.0053,663
331,245429.297002791,0.0288,0.0288,nan,-1,-1,-1,-1,-1,-1,nan,0.0000,0.0000,0,0,1,0.0069,665
332,245429.330339000,0.0339,0.0338,nan,-1,-1,-1,-1,-1,-1,nan,0.0000,0.0000,0,0,1,0.0073,667
333,245429.363675166,0.0281,0.0282,nan,-1,-1,-1,-1,-1,-1,nan,11.8004,11.5203,1,0,1,0.0063,669
334,245429.397011208,0.0505,0.0505,nan,-1,-1,-1,-1,-1,-1,nan,0.0000,0.0000,0,0,1,0.0064,671
335,245429.430347500,0.0472,0.0471,nan,-1,-1,-1,-1,-1,-1,nan,0.0000,0.0000,0,0,1,0.0090,673
336,245429.463683666,0.0467,0.0467,nan,-1,-1,-1,-1,-1,-1,nan,8.4289,8.1224,1,0,1,0.0097,675
337,245429.497019833,0.0448,0.0447,nan,-1,-1,-1,-1,-1,-1,nan,0.0000,0.0000,0,0,1,0.0065,677
338,245429.530355958,0.0450,0.0450,nan,-1,-1,-1,-1,-1,-1,nan,0.0000,0.0000,0,0,1,0.0104,679
339,245429.563692083,0.0430,0.0430,nan,-1,-1,-1,-1,-1,-1,nan,8.1595,7.8576,1,0,1,0.0115,681
340,245429.597028250,0.0495,0.0495,nan,-1,-1,-1,-1,-1,-1,nan,0.0000,0.0000,0,0,1,0.0075,683
341,245429.630364500,0.0610,0.0610,nan,-1,-1,-1,-1,-1,-1,nan,0.0000,0.0000,0,0,1,0.0095,685
342,245429.663700541,0.0332,0.0332,nan,-1,-1,-1,-1,-1,-1,nan,12.3847,12.0967,1,0,1,0.0060,687
343,245429.697036750,0.0526,0.0526,nan,-1,-1,-1,-1,-1,-1,nan,0.0000,0.0000,0,0,1,0.0074,689
344,245429.730372958,0.0479,0.0478,nan,-1,-1,-1,-1,-1,-1,nan,0.0000,0.0000,0,0,1,0.0091,691
345,245429.763709166,0.0288,0.0287,nan,-1,-1,-1,-1,-1,-1,nan,19.4562,19.1997,1,0,1,0.0055,693
346,245429.797045291,0.0452,0.0452,nan,-1,-1,-1,-1,-1,-1,nan,0.0000,0.0000,0,0,1,0.0061,695
347,245429.830381458,0.0442,0.0442,nan,-1,-1,-1,-1,-1,-1,nan,0.0000,0.0000,0,0,1,0.0097,697
348,245429.863717541,0.0424,0.0424,nan,-1,-1,-1,-1,-1,-1,nan,7.1869,6.9257,1,0,1,0.0070,699
349,245429.897053791,0.0456,0.0455,nan,-1,-1,-1,-1,-1,-1,nan,0.0000,0.0000,0,0,1,0.0066,701
350,245429.930389958,0.0478,0.0477,nan,-1,-1,-1,-1,-1,-1,nan,0.0000,0.0000,0,0,1,0.0114,703
351,245429.963726083,0.0297,0.0296,nan,-1,-1,-1,-1,-1,-1,nan,7.0215,6.7544,1,0,1,0.0068,705
352,245429.997062208,0.0529,0.0527,nan,-1,-1,-1,-1,-1,-1,nan,0.0000,0.0000,0,0,1,0.0109,707
353,245430.030398416,0.0480,0.0479,nan,-1,-1,-1,-1,-1,-1,nan,0.0000,0.0000,0,0,1,0.0100,709
354,245430.063734541,0.0470,0.0470,nan,-1,-1,-1,-1,-1,-1,nan,7.2246,6.9552,1,0,1,0.0077,711
355,245430.097070791,0.0445,0.0445,nan,-1,-1,-1,-1,-1,-1,nan,0.0000,0.0000,0,0,1,0.0067,713
356,245430.130406958,0.0415,0.0415,nan,-1,-1,-1,-1,-1,-1,nan,0.0000,0.0000,0,0,1,0.0107,715
357,245430.163743083,0.0420,0.0420,nan,-1,-1,-1,-1,-1,-1,nan,18.9809,18.7484,1,0,1,0.0063,717
358,245430.197079250,0.0479,0.0478,nan,-1,-1,-1,-1,-1,-1,nan,0.0000,0.0000,0,0,1,0.0061,719
359,245430.230415458,0.0464,0.0463,nan,-1,-1,-1,-1,-1,-1,nan,0.0000,0.0000,0,0,1,0.0068,721
360,245430.263751500,0.0441,0.0441,nan,-1,-1,-1,-1,-1,-1,nan,6.5043,6.2617,1,0,1,0.0062,723
361,245430.297087708,0.0481,0.0480,nan,-1,-1,-1,-1,-1,-1,nan,0.0000,0.0000,0,0,1,0.0073,725
362,245430.330423875,0.0372,0.0371,nan,-1,-1,-1,-1,-1,-1,nan,0.0000,0.0000,0,0,1,0.0080,727
363,245430.363760041,0.0452,0.0452,nan,-1,-1,-1,-1,-1,-1,nan,6.7689,6.5188,1,0,1,0.0075,729
364,245430.397096250,0.0526,0.0526,nan,-1,-1,-1,-1,-1,-1,nan,0.0000,0.0000,0,0,1,0.0106,731
365,245430.430432333,0.0391,0.0390,nan,-1,-1,-1,-1,-1,-1,nan,0.0000,0.0000,0,0,1,0.0086,733
366,245430.463768500,0.0384,0.0383,nan,-1,-1,-1,-1,-1,-1,nan,6.9025,6.6490,1,0,1,0.0072,735
367,245430.497104625,0.0522,0.0521,nan,-1,-1,-1,-1,-1,-1,nan,0.0000,0.0000,0,0,1,0.0105,737
368,245430.530440791,0.0377,0.0377,nan,-1,-1,-1,-1,-1,-1,nan,0.0000,0.0000,0,0,1,0.0078,739
369,245430.563777000,0.0439,0.0439,nan,-1,-1,-1,-1,-1,-1,nan,18.1569,17.9295,1,0,1,0.0062,741
370,245430.597113125,0.0556,0.0556,nan,-1,-1,-1,-1,-1,-1,nan,0.0000,0.0000,0,0,1,0.0088,743
371,245430.630449250,0.0398,0.0398,nan,-1,-1,-1,-1,-1,-1,nan,0.0000,0.0000,0,0,1,0.0066,745
372,245430.663785375,0.0309,0.0308,nan,-1,-1,-1,-1,-1,-1,nan,6.6587,6.4103,1,0,1,0.0060,747
373,245430.697121541,0.0463,0.0462,nan,-1,-1,-1,-1,-1,-1,nan,0.0000,0.0000,0,0,1,0.0088,749
374,245430.730457750,0.0492,0.0492,nan,-1,-1,-1,-1,-1,-1,nan,0.0000,0.0000,0,0,1,0.0085,751
375,245430.763793958,0.0514,0.0514,nan,-1,-1,-1,-1,-1,-1,nan,7.2620,7.0152,1,0,1,0.0075,753
376,245430.797130083,0.0437,0.0436,nan,-1,-1,-1,-1,-1,-1,nan,0.0000,0.0000,0,0,1,0.0102,755
377,245430.830466208,0.0437,0.0437,nan,-1,-1,-1,-1,-1,-1,nan,0.0000,0.0000,0,0,1,0.0086,757
378,245430.863802333,0.0560,0.0559,nan,-1,-1,-1,-1,-1,-1,nan,18.5081,18.2466,1,0,1,0.0074,759
379,245430.897138416,0.0470,0.0470,nan,-1,-1,-1,-1,-1,-1,nan,0.0000,0.0000,0,0,1,0.0077,761
380,245430.930474666,0.0522,0.0522,nan,-1,-1,-1,-1,-1,-1,nan,0.0000,0.0000,0,0,1,0.0103,763
381,245430.963810791,0.0277,0.0277,nan,-1,-1,-1,-1,-1,-1,nan,8.3445,8.1587,1,0,1,0.0063,765
382,245430.997147000,0.0306,0.0304,nan,-1,-1,-1,-1,-1,-1,nan,0.0000,0.0000,0,0,1,0.0090,767
383,245431.030483208,0.0312,0.0312,nan,-1,-1,-1,-1,-1,-1,nan,0.0000,0.0000,0,0,1,0.0090,769
384,245431.063819333,0.0549,0.0549,nan,-1,-1,-1,-1,-1,-1,nan,8.8575,8.6338,1,0,1,0.0067,771
385,245431.097155458,0.0477,0.0477,nan,-1,-1,-1,-1,-1,-1,nan,0.0000,0.0000,0,0,1,0.0089,773
386,245431.130491541,0.0432,0.0432,nan,-1,-1,-1,-1,-1,-1,nan,0.0000,0.0000,0,0,1,0.0087,775
387,245431.163827791,0.0474,0.0474,nan,-1,-1,-1,-1,-1,-1,nan,6.3869,6.1686,1,0,1,0.0076,777
388,245431.197164000,0.0483,0.0482,nan,-1,-1,-1,-1,-1,-1,nan,0.0000,0.0000,0,0,1,0.0196,779
389,245431.230500041,0.0431,0.0430,nan,-1,-1,-1,-1,-1,-1,nan,0.0000,0.0000,0,0,1,0.0089,781
390,245431.263836208,0.0499,0.0499,nan,-1,-1,-1,-1,-1,-1,nan,17.7356,17.5112,1,0,1,0.0068,783
391,245431.297172333,0.0303,0.0303,nan,-1,-1,-1,-1,-1,-1,nan,0.0000,0.0000,0,0,1,0.0083,785
392,245431.330508541,0.0299,0.0299,nan,-1,-1,-1,-1,-1,-1,nan,0.0000,0.0000,0,0,1,0.0067,787
393,245431.363844666,0.0489,0.0488,nan,-1,-1,-1,-1,-1,-1,nan,5.8711,5.6441,1,0,1,0.0057,789
394,245431.397180750,0.0489,0.0488,nan,-1,-1,-1,-1,-1,-1,nan,0.0000,0.0000,0,0,1,0.0072,791
395,245431.430517000,0.0517,0.0515,nan,-1,-1,-1,-1,-1,-1,nan,0.0000,0.0000,0,0,1,0.0113,793
396,245431.463853083,0.0531,0.0530,nan,-1,-1,-1,-1,-1,-1,nan,6.1499,5.9062,1,0,1,0.0096,795
397,245431.497189333,0.0537,0.0537,nan,-1,-1,-1,-1,-1,-1,nan,0.0000,0.0000,0,0,1,0.0071,797
398,245431.530525416,0.0432,0.0431,nan,-1,-1,-1,-1,-1,-1,nan,0.0000,0.0000,0,0,1,0.0153,799
399,245431.563861458,0.0423,0.0423,nan,-1,-1,-1,-1,-1,-1,nan,6.6666,6.4627,1,0,1,0.0082,801
400,245431.597197666,0.0478,0.0478,nan,-1,-1,-1,-1,-1,-1,nan,0.0000,0.0000,0,0,1,0.0084,803
401,245431.630533750,0.0489,0.0488,nan,-1,-1,-1,-1,-1,-1,nan,0.0000,0.0000,0,0,1,0.0092,805
402,245431.663870000,0.0842,0.0842,nan,-1,-1,-1,-1,-1,-1,nan,14.2425,14.0149,1,0,1,0.0078,807
403,245431.697206166,0.0473,0.0474,nan,-1,-1,-1,-1,-1,-1,nan,0.0000,0.0000,0,0,1,0.0062,809
404,245431.730542250,0.0417,0.0418,nan,-1,-1,-1,-1,-1,-1,nan,0.0000,0.0000,0,0,1,0.0075,811
405,245431.763878500,0.0489,0.0488,nan,-1,-1,-1,-1,-1,-1,nan,6.2315,6.0050,1,0,1,0.0082,813
406,245431.797214583,0.0492,0.0492,nan,-1,-1,-1,-1,-1,-1,nan,0.0000,0.0000,0,0,1,0.0065,815
407,245431.830550791,0.0508,0.0508,nan,-1,-1,-1,-1,-1,-1,nan,0.0000,0.0000,0,0,1,0.0111,817
408,245431.863886875,0.0535,0.0535,nan,-1,-1,-1,-1,-1,-1,nan,6.7353,6.4866,1,0,1,0.0093,819
409,245431.897223000,0.0437,0.0436,nan,-1,-1,-1,-1,-1,-1,nan,0.0000,0.0000,0,0,1,0.0083,821
410,245431.930559125,0.0576,0.0574,nan,-1,-1,-1,-1,-1,-1,nan,0.0000,0.0000,0,0,1,0.0136,823
411,245431.963895333,0.0497,0.0497,nan,-1,-1,-1,-1,-1,-1,nan,6.8856,6.6500,1,0,1,0.0098,825
412,245431.997231416,0.0473,0.0471,nan,-1,-1,-1,-1,-1,-1,nan,0.0000,0.0000,0,0,1,0.0084,827
413,245432.030567625,0.0863,0.0857,nan,-1,-1,-1,-1,-1,-1,nan,0.0000,0.0000,0,0,1,0.0362,829
414,245432.063903750,0.0502,0.0501,nan,-1,-1,-1,-1,-1,-1,nan,10.2613,9.9982,1,0,1,0.0083,831
415,245432.097239833,0.0516,0.0514,nan,-1,-1,-1,-1,-1,-1,nan,0.0000,0.0000,0,0,1,0.0081,833
416,245432.130576041,0.0433,0.0432,nan,-1,-1,-1,-1,-1,-1,nan,0.0000,0.0000,0,0,1,0.0077,835
417,245432.163912208,0.0607,0.0607,nan,-1,-1,-1,-1,-1,-1,nan,9.8460,9.5959,1,0,1,0.0107,837
418,245432.197248291,0.0480,0.0479,nan,-1,-1,-1,-1,-1,-1,nan,0.0000,0.0000,0,0,1,0.0076,839
419,245432.230584416,0.0498,0.0497,nan,-1,-1,-1,-1,-1,-1,nan,0.0000,0.0000,0,0,1,0.0107,841
420,245432.263920625,0.0583,0.0583,nan,-1,-1,-1,-1,-1,-1,nan,6.9236,6.6563,1,0,1,0.0103,843
421,245432.297256666,0.0431,0.0430,nan,-1,-1,-1,-1,-1,-1,nan,0.0000,0.0000,0,0,1,0.0088,845
422,245432.330592791,0.0496,0.0496,nan,-1,-1,-1,-1,-1,-1,nan,0.0000,0.0000,0,0,1,0.0079,847
423,245432.363929000,0.0504,0.0504,nan,-1,-1,-1,-1,-1,-1,nan,7.2609,6.9993,1,0,1,0.0111,849
424,245432.397265125,0.0494,0.0493,nan,-1,-1,-1,-1,-1,-1,nan,0.0000,0.0000,0,0,1,0.0092,851
425,245432.430601291,0.0544,0.0542,nan,-1,-1,-1,-1,-1,-1,nan,0.0000,0.0000,0,0,1,0.0097,853
426,245432.463937500,0.0594,0.0592,nan,-1,-1,-1,-1,-1,-1,nan,8.0940,7.8160,1,0,1,0.0081,855
427,245432.497273625,0.0432,0.0432,nan,-1,-1,-1,-1,-1,-1,nan,0.0000,0.0000,0,0,1,0.0075,857
428,245432.530609750,0.0475,0.0475,nan,-1,-1,-1,-1,-1,-1,nan,0.0000,0.0000,0,0,1,0.0107,859
429,245432.563945875,0.0462,0.0461,nan,-1,-1,-1,-1,-1,-1,nan,7.6095,7.3137,1,0,1,0.0074,861
430,245432.597282041,0.0470,0.0470,nan,-1,-1,-1,-1,-1,-1,nan,0.0000,0.0000,0,0,1,0.0089,863
431,245432.630618208,0.0578,0.0577,nan,-1,-1,-1,-1,-1,-1,nan,0.0000,0.0000,0,0,1,0.0097,865
432,245432.663954375,0.0712,0.0712,nan,-1,-1,-1,-1,-1,-1,nan,8.5917,8.2780,1,0,1,0.0070,867
433,245432.697290416,0.0461,0.0457,nan,-1,-1,-1,-1,-1,-1,nan,0.0000,0.0000,0,0,1,0.0089,869
434,245432.730626583,0.0437,0.0435,nan,-1,-1,-1,-1,-1,-1,nan,0.0000,0.0000,0,0,1,0.0112,871
435,245432.763962708,0.0277,0.0275,nan,-1,-1,-1,-1,-1,-1,nan,10.5246,10.2514,1,0,1,0.0068,873
436,245432.797298833,0.0308,0.0307,nan,-1,-1,-1,-1,-1,-1,nan,0.0000,0.0000,0,0,1,0.0074,875
437,245432.830635041,0.0387,0.0387,nan,-1,-1,-1,-1,-1,-1,nan,0.0000,0.0000,0,0,1,0.0099,877
438,245432.863971125,0.0498,0.0497,nan,-1,-1,-1,-1,-1,-1,nan,9.5448,9.2355,1,0,1,0.0063,879
439,245432.897307208,0.0423,0.0423,nan,-1,-1,-1,-1,-1,-1,nan,0.0000,0.0000,0,0,1,0.0081,881
440,245432.930643416,0.0401,0.0401,nan,-1,-1,-1,-1,-1,-1,nan,0.0000,0.0000,0,0,1,0.0108,883
441,245432.963979541,0.0442,0.0442,nan,-1,-1,-1,-1,-1,-1,nan,14.1641,13.8550,1,0,1,0.0061,885
442,245432.997315625,0.0496,0.0496,nan,-1,-1,-1,-1,-1,-1,nan,0.0000,0.0000,0,0,1,0.0065,887
443,245433.030651791,0.0483,0.0482,nan,-1,-1,-1,-1,-1,-1,nan,0.0000,0.0000,0,0,1,0.0110,889
444,245433.063988000,0.0464,0.0462,nan,-1,-1,-1,-1,-1,-1,nan,7.6002,7.3207,1,0,1,0.0073,891
445,245433.097324041,0.0388,0.0388,nan,-1,-1,-1,-1,-1,-1,nan,0.0000,0.0000,0,0,1,0.0088,893
446,245433.130660250,0.0423,0.0423,nan,-1,-1,-1,-1,-1,-1,nan,0.0000,0.0000,0,0,1,0.0102,895
447,245433.163996291,0.0448,0.0449,nan,-1,-1,-1,-1,-1,-1,nan,19.7969,19.5169,1,0,1,0.0053,897
448,245433.197332416,0.0445,0.0444,nan,-1,-1,-1,-1,-1,-1,nan,0.0000,0.0000,0,0,1,0.0088,899
449,245433.230668583,0.0313,0.0313,nan,-1,-1,-1,-1,-1,-1,nan,0.0000,0.0000,0,0,1,0.0086,901
450,245433.264004791,0.0248,0.0248,nan,-1,-1,-1,-1,-1,-1,nan,6.2160,5.9894,1,0,1,0.0055,903
451,245433.297340791,0.0293,0.0293,nan,-1,-1,-1,-1,-1,-1,nan,0.0000,0.0000,0,0,1,0.0060,905
452,245433.330677000,0.0287,0.0287,nan,-1,-1,-1,-1,-1,-1,nan,0.0000,0.0000,0,0,1,0.0084,907
453,245433.364013041,0.0296,0.0296,nan,-1,-1,-1,-1,-1,-1,nan,9.9867,9.7302,1,0,1,0.0060,909
454,245433.397349208,0.0305,0.0305,nan,-1,-1,-1,-1,-1,-1,nan,0.0000,0.0000,0,0,1,0.0065,911
455,245433.430685333,0.0295,0.0294,nan,-1,-1,-1,-1,-1,-1,nan,0.0000,0.0000,0,0,1,0.0077,913
456,245433.464021458,0.0228,0.0227,nan,-1,-1,-1,-1,-1,-1,nan,10.7770,10.5220,1,0,1,0.0058,915
457,245433.497357625,0.0342,0.0341,nan,-1,-1,-1,-1,-1,-1,nan,0.0000,0.0000,0,0,1,0.0064,917
458,245433.530693708,0.0343,0.0342,nan,-1,-1,-1,-1,-1,-1,nan,0.0000,0.0000,0,0,1,0.0086,919
459,245433.564029833,0.0265,0.0264,nan,-1,-1,-1,-1,-1,-1,nan,18.1639,17.9073,1,0,1,0.0060,921
460,245433.597365958,0.0345,0.0345,nan,-1,-1,-1,-1,-1,-1,nan,0.0000,0.0000,0,0,1,0.0055,923
461,245433.630702208,0.0301,0.0300,nan,-1,-1,-1,-1,-1,-1,nan,0.0000,0.0000,0,0,1,0.0071,925
462,245433.664038291,0.0590,0.0590,nan,-1,-1,-1,-1,-1,-1,nan,7.7155,7.4221,1,0,1,0.0089,927
463,245433.697374416,0.0500,0.0500,nan,-1,-1,-1,-1,-1,-1,nan,0.0000,0.0000,0,0,1,0.0137,929
464,245433.730710500,0.0480,0.0480,nan,-1,-1,-1,-1,-1,-1,nan,0.0000,0.0000,0,0,1,0.0084,931
465,245433.764046541,0.0451,0.0451,nan,-1,-1,-1,-1,-1,-1,nan,8.1415,7.8125,1,0,1,0.0064,933
466,245433.797382750,0.0488,0.0487,nan,-1,-1,-1,-1,-1,-1,nan,0.0000,0.0000,0,0,1,0.0067,935
467,245433.830718875,0.0875,0.0875,nan,-1,-1,-1,-1,-1,-1,nan,0.0000,0.0000,0,0,1,0.0072,937
468,245433.864055000,0.0528,0.0528,nan,-1,-1,-1,-1,-1,-1,nan,8.7028,8.3540,1,0,1,0.0072,939
469,245433.897391000,0.0427,0.0428,nan,-1,-1,-1,-1,-1,-1,nan,0.0000,0.0000,0,0,1,0.0085,941
470,245433.930727250,0.0420,0.0419,nan,-1,-1,-1,-1,-1,-1,nan,0.0000,0.0000,0,0,1,0.0086,943
471,245433.964063291,0.0535,0.0533,nan,-1,-1,-1,-1,-1,-1,nan,0.0000,0.0000,0,0,1,0.0070,945
472,245433.997399458,0.0227,0.0227,nan,-1,-1,-1,-1,-1,-1,nan,22.0278,21.7496,1,0,1,0.0077,947
473,245434.030735500,0.0227,0.0227,nan,-1,-1,-1,-1,-1,-1,nan,0.0000,0.0000,0,0,1,0.0057,949
474,245434.064071666,0.0338,0.0338,nan,-1,-1,-1,-1,-1,-1,nan,10.7018,10.4232,1,0,1,0.0052,951
475,245434.097407875,0.0276,0.0275,nan,-1,-1,-1,-1,-1,-1,nan,0.0000,0.0000,0,0,1,0.0081,953
476,245434.130743958,0.0296,0.0295,nan,-1,-1,-1,-1,-1,-1,nan,0.0000,0.0000,0,0,1,0.0070,955
477,245434.164080125,0.0262,0.0261,nan,-1,-1,-1,-1,-1,-1,nan,16.6703,16.4059,1,0,1,0.0057,957
478,245434.197416208,0.0313,0.0312,nan,-1,-1,-1,-1,-1,-1,nan,0.0000,0.0000,0,0,1,0.0106,959
479,245434.230752250,0.0313,0.0312,nan,-1,-1,-1,-1,-1,-1,nan,0.0000,0.0000,0,0,1,0.0061,961
480,245434.264088375,0.0225,0.0224,nan,-1,-1,-1,-1,-1,-1,nan,18.5185,18.2740,1,0,1,0.0050,963
481,245434.297424541,0.0210,0.0210,nan,-1,-1,-1,-1,-1,-1,nan,0.0000,0.0000,0,0,1,0.0061,965
482,245434.330760625,0.0223,0.0222,nan,-1,-1,-1,-1,-1,-1,nan,0.0000,0.0000,0,0,1,0.0105,967
483,245434.364096791,0.0196,0.0196,nan,-1,-1,-1,-1,-1,-1,nan,17.8688,17.6395,1,0,1,0.0048,969
484,245434.397432791,0.0208,0.0207,nan,-1,-1,-1,-1,-1,-1,nan,0.0000,0.0000,0,0,1,0.0063,971
485,245434.430768958,0.0275,0.0275,nan,-1,-1,-1,-1,-1,-1,nan,0.0000,0.0000,0,0,1,0.0054,973
486,245434.464105083,0.0290,0.0289,nan,-1,-1,-1,-1,-1,-1,nan,7.2563,7.0017,1,0,1,0.0064,975
487,245434.497441291,0.0297,0.0297,nan,-1,-1,-1,-1,-1,-1,nan,0.0000,0.0000,0,0,1,0.0073,977
488,245434.530777333,0.0287,0.0288,nan,-1,-1,-1,-1,-1,-1,nan,0.0000,0.0000,0,0,1,0.0059,979
489,245434.564113500,0.0268,0.0267,nan,-1,-1,-1,-1,-1,-1,nan,7.7292,7.4669,1,0,1,0.0070,981
490,245434.597449541,0.0302,0.0301,nan,-1,-1,-1,-1,-1,-1,nan,0.0000,0.0000,0,0,1,0.0071,983
491,245434.630785625,0.0297,0.0296,nan,-1,-1,-1,-1,-1,-1,nan,0.0000,0.0000,0,0,1,0.0077,985
492,245434.664121750,0.0325,0.0324,nan,-1,-1,-1,-1,-1,-1,nan,8.4642,8.1720,1,0,1,0.0060,987
493,245434.697457875,0.0351,0.0350,nan,-1,-1,-1,-1,-1,-1,nan,0.0000,0.0000,0,0,1,0.0093,989
494,245434.730794083,0.0330,0.0328,nan,-1,-1,-1,-1,-1,-1,nan,0.0000,0.0000,0,0,1,0.0130,991
495,245434.764130083,0.0548,0.0548,nan,-1,-1,-1,-1,-1,-1,nan,8.4540,8.1316,1,0,1,0.0064,993
496,245434.797466291,0.0398,0.0397,nan,-1,-1,-1,-1,-1,-1,nan,0.0000,0.0000,0,0,1,0.0072,995
497,245434.830802458,0.0377,0.0377,nan,-1,-1,-1,-1,-1,-1,nan,0.0000,0.0000,0,0,1,0.0077,997
498,245434.864138500,0.0456,0.0455,nan,-1,-1,-1,-1,-1,-1,nan,8.7065,8.3681,1,0,1,0.0083,999
499,245434.897474583,0.0570,0.0570,nan,-1,-1,-1,-1,-1,-1,nan,0.0000,0.0000,0,0,1,0.0070,1001
500,245434.930810791,0.0428,0.0424,nan,-1,-1,-1,-1,-1,-1,nan,0.0000,0.0000,0,0,1,0.0102,1003
501,245434.964146916,0.0396,0.0397,nan,-1,-1,-1,-1,-1,-1,nan,9.1318,8.7894,1,0,1,0.0110,1005
502,245434.997483000,0.0461,0.0461,nan,-1,-1,-1,-1,-1,-1,nan,0.0000,0.0000,0,0,1,0.0077,1007
503,245435.030819000,0.0450,0.0450,nan,-1,-1,-1,-1,-1,-1,nan,0.0000,0.0000,0,0,1,0.0082,1009
504,245435.064155208,0.0610,0.0610,nan,-1,-1,-1,-1,-1,-1,nan,8.6602,8.3002,1,0,1,0.0105,1011
505,245435.097491333,0.0409,0.0409,nan,-1,-1,-1,-1,-1,-1,nan,0.0000,0.0000,0,0,1,0.0065,1013
506,245435.130827500,0.0423,0.0421,nan,-1,-1,-1,-1,-1,-1,nan,0.0000,0.0000,0,0,1,0.0080,1015
507,245435.164163666,0.0482,0.0481,nan,-1,-1,-1,-1,-1,-1,nan,8.1738,7.8368,1,0,1,0.0088,1017
508,245435.197499833,0.0298,0.0296,nan,-1,-1,-1,-1,-1,-1,nan,0.0000,0.0000,0,0,1,0.0088,1019
509,245435.230835833,0.0330,0.0328,nan,-1,-1,-1,-1,-1,-1,nan,0.0000,0.0000,0,0,1,0.0107,1021
510,245435.264171958,0.0595,0.0595,nan,-1,-1,-1,-1,-1,-1,nan,7.9009,7.5967,1,0,1,0.0096,1023
511,245435.297508083,0.0425,0.0425,nan,-1,-1,-1,-1,-1,-1,nan,0.0000,0.0000,0,0,1,0.0071,1025
512,245435.330844291,0.0480,0.0479,nan,-1,-1,-1,-1,-1,-1,nan,0.0000,0.0000,0,0,1,0.0097,1027
513,245435.364180333,0.0437,0.0436,nan,-1,-1,-1,-1,-1,-1,nan,8.1142,7.7806,1,0,1,0.0098,1029
514,245435.397516500,0.0519,0.0518,nan,-1,-1,-1,-1,-1,-1,nan,0.0000,0.0000,0,0,1,0.0083,1031
515,245435.430852625,0.0385,0.0385,nan,-1,-1,-1,-1,-1,-1,nan,0.0000,0.0000,0,0,1,0.0111,1033
516,245435.464188791,0.0344,0.0344,nan,-1,-1,-1,-1,-1,-1,nan,8.1969,7.8861,1,0,1,0.0134,1035
517,245435.497524833,0.0314,0.0313,nan,-1,-1,-1,-1,-1,-1,nan,0.0000,0.0000,0,0,1,0.0071,1037
518,245435.530860958,0.0525,0.0524,nan,-1,-1,-1,-1,-1,-1,nan,0.0000,0.0000,0,0,1,0.0086,1039
519,245435.564197125,0.0272,0.0270,nan,-1,-1,-1,-1,-1,-1,nan,19.1076,18.8400,1,0,1,0.0114,1041
520,245435.597533291,0.0312,0.0311,nan,-1,-1,-1,-1,-1,-1,nan,0.0000,0.0000,0,0,1,0.0062,1043
521,245435.630869250,0.0442,0.0442,nan,-1,-1,-1,-1,-1,-1,nan,0.0000,0.0000,0,0,1,0.0061,1045
522,245435.664205416,0.0341,0.0341,nan,-1,-1,-1,-1,-1,-1,nan,6.6560,6.3059,1,0,1,0.0067,1047
523,245435.697541541,0.0441,0.0441,nan,-1,-1,-1,-1,-1,-1,nan,0.0000,0.0000,0,0,1,0.0063,1049
524,245435.730877666,0.0485,0.0484,nan,-1,-1,-1,-1,-1,-1,nan,0.0000,0.0000,0,0,1,0.0077,1051
525,245435.764213708,0.0220,0.0219,nan,-1,-1,-1,-1,-1,-1,nan,6.9052,6.6660,1,0,1,0.0079,1053
526,245435.797549833,0.0335,0.0335,nan,-1,-1,-1,-1,-1,-1,nan,0.0000,0.0000,0,0,1,0.0067,1055
527,245435.830886000,0.0305,0.0304,nan,-1,-1,-1,-1,-1,-1,nan,0.0000,0.0000,0,0,1,0.0127,1057
528,245435.864222041,0.0311,0.0310,nan,-1,-1,-1,-1,-1,-1,nan,7.2372,6.9563,1,0,1,0.0066,1059
