recording_frame,t_ns,tx,ty,tz,qx,qy,qz,qw,engine_t
101,245419896182958,-0.040088249,-0.014175121,0.044339989,0.135758821,0.859749691,0.006517476,0.492298270,245419.896182958
103,245419929519333,-0.041092952,-0.012154335,0.045513943,0.137416478,0.860693416,0.008493774,0.490154530,245419.929519333
105,245419962855625,-0.041918948,-0.009546374,0.046971514,0.138550865,0.862115281,0.014586760,0.487183929,245419.962855625
107,245419996192083,-0.042453746,-0.005868266,0.053713868,0.139615022,0.864113194,0.017268837,0.483236871,245419.996192083
109,245420029528375,-0.042682190,-0.004169823,0.055091075,0.139871271,0.862984334,0.021958047,0.484986561,245420.029528375
111,245420062864708,-0.043153363,-0.002232415,0.057902890,0.141155291,0.860497358,0.025851382,0.488826390,245420.062864708
113,245420096201083,-0.044371721,0.001435961,0.061741831,0.142180700,0.859132894,0.028819760,0.490759404,245420.096201083
115,245420129537500,-0.044507895,0.003104924,0.064082806,0.142055994,0.858721138,0.031647492,0.491341624,245420.129537500
117,245420162873750,-0.044095038,0.005306746,0.067235751,0.140311405,0.859988303,0.035441017,0.489363685,245420.162873750
119,245420196210125,-0.044050930,0.009902866,0.071679132,0.139527504,0.861222990,0.037436662,0.487263365,245420.196210125
121,245420229546583,-0.043044504,0.012477772,0.075494369,0.137548135,0.863963070,0.038756923,0.482852232,245420.229546583
123,245420262882875,-0.041923649,0.014357765,0.078325056,0.135405378,0.865798187,0.042110754,0.479880839,245420.262882875
125,245420296219125,-0.041752716,0.020625199,0.081804499,0.133634751,0.866728777,0.044339844,0.478494526,245420.296219125
127,245420329555500,-0.040257944,0.023527902,0.086007494,0.131530396,0.867741430,0.048032392,0.476883118,245420.329555500
129,245420362891791,-0.039125876,0.025634361,0.089290935,0.129632116,0.867824866,0.050631690,0.476982182,245420.362891791
131,245420396228125,-0.038507108,0.030899731,0.091206163,0.126601909,0.866896377,0.052221811,0.479307380,245420.396228125
133,245420429564583,-0.036618420,0.034047716,0.096359026,0.121402647,0.865385005,0.055656895,0.482982975,245420.429564583
135,245420462900791,-0.035166005,0.036423394,0.100488170,0.117389801,0.864637552,0.058642227,0.484956371,245420.462900791
137,245420496237250,-0.033981490,0.039187463,0.105196616,0.113630052,0.864305824,0.060210209,0.486249358,245420.496237250
139,245420529573583,-0.031854399,0.042033279,0.111672375,0.108474208,0.865033210,0.060848791,0.486053876,245420.529573583
141,245420562909875,-0.029967813,0.044163191,0.116934698,0.103161606,0.865993548,0.061808336,0.485378863,245420.562909875
143,245420596246291,-0.028419649,0.047655838,0.123601182,0.098494816,0.866496191,0.062730109,0.485332988,245420.596246291
145,245420629582625,-0.026205442,0.050261927,0.131811538,0.093910220,0.865972593,0.062875237,0.487154078,245420.629582625
147,245420662918875,-0.024910765,0.051850060,0.138494068,0.090754494,0.865601537,0.060955338,0.488653355,245420.662918875
149,245420696255208,-0.024806324,0.052722130,0.146061109,0.086741865,0.865169098,0.059849412,0.490281941,245420.696255208
151,245420729591625,-0.023455475,0.054387905,0.155908472,0.081190708,0.864580427,0.058349414,0.492447106,245420.729591625
153,245420762927833,-0.022505099,0.055399754,0.163321529,0.078342759,0.864565168,0.056554499,0.493144122,245420.762927833
155,245420796264125,-0.022963340,0.055666992,0.170912672,0.075342888,0.864097188,0.053991637,0.494716541,245420.796264125
157,245420829600541,-0.021980392,0.056677173,0.180667091,0.072668933,0.864505026,0.047367726,0.495082456,245420.829600541
159,245420862936875,-0.021091488,0.057363864,0.187742567,0.069122528,0.865281074,0.044817925,0.494471583,245420.862936875
161,245420896273166,-0.020974240,0.058215152,0.194072501,0.065423506,0.865340342,0.041135235,0.495190674,245420.896273166
163,245420929609458,-0.019936891,0.058430645,0.203080395,0.062751815,0.865149466,0.031671993,0.496563741,245420.929609458
165,245420962945750,-0.019213955,0.058331670,0.209576314,0.059064123,0.865754527,0.026768009,0.496249993,245420.962945750
167,245420996282125,-0.018564297,0.057488756,0.213809351,0.056822872,0.867110199,0.020548906,0.494437923,245420.996282125
169,245421029618458,-0.017401077,0.055515634,0.220768796,0.055316293,0.869532609,0.013021875,0.490595183,245421.029618458
171,245421062954708,-0.016355565,0.053477164,0.225373577,0.052237640,0.870284814,0.009843672,0.489672060,245421.062954708
173,245421096291083,-0.013507803,0.049920162,0.227368907,0.049741936,0.870359193,0.006858311,0.489850622,245421.096291083
175,245421129627416,-0.012339447,0.045712146,0.231661540,0.047298693,0.870389232,0.005133438,0.490060322,245421.129627416
177,245421162963666,-0.011564920,0.042118405,0.234090350,0.045784267,0.869887542,0.004307535,0.491101785,245421.162963666
179,245421196300041,-0.009263950,0.038979493,0.235478597,0.044468236,0.869291351,0.003673252,0.492282118,245421.196300041
181,245421229636416,-0.008318061,0.033976862,0.237171885,0.041995118,0.868418570,0.003775056,0.494035828,245421.229636416
183,245421262972666,-0.007711030,0.030146316,0.237995841,0.039916413,0.867640583,0.003806331,0.495572461,245421.262972666
185,245421296308958,-0.006316539,0.029973211,0.247753174,0.037747761,0.867165011,0.003982905,0.496572391,245421.296308958
187,245421329645333,-0.005545226,0.024991361,0.247908742,0.036549677,0.866747344,0.004358879,0.497387390,245421.329645333
189,245421362981583,-0.005003407,0.021091032,0.247578945,0.034980785,0.866696757,0.004475740,0.497587276,245421.362981583
191,245421396317958,-0.004303725,0.015916285,0.246505912,0.033996955,0.866679134,0.005849784,0.497671900,245421.396317958
193,245421429654166,-0.003810005,0.012005347,0.245406736,0.033653098,0.866709313,0.005395751,0.497647843,245421.429654166
195,245421462990500,-0.003111826,0.008004638,0.243996541,0.031498382,0.866865216,0.007160083,0.497495062,245421.462990500
197,245421496326833,-0.004664523,0.007443431,0.250341870,0.028158423,0.866473068,0.009804294,0.498332675,245421.496326833
199,245421529663041,-0.003843078,0.003806924,0.248672176,0.025416260,0.866313265,0.011391627,0.498723996,245421.529663041
201,245421562999458,-0.003023172,0.000086895,0.246621305,0.023268658,0.866976463,0.013085234,0.497633613,245421.562999458
203,245421596335791,-0.005166654,-0.003146947,0.247711775,0.021105771,0.868746087,0.016014687,0.494548648,245421.596335791
205,245421629672041,-0.003963247,-0.006964613,0.244801745,0.017808703,0.869698889,0.017781485,0.492940732,245421.629672041
207,245421663008375,-0.002787405,-0.010818436,0.241694743,0.015808757,0.870747921,0.019198046,0.491100427,245421.663008375
209,245421696344708,-0.002198935,-0.013726855,0.238583966,0.013239439,0.872601857,0.019239768,0.487873551,245421.696344708
211,245421729680958,-0.000962172,-0.017642612,0.235334514,0.011430925,0.873873046,0.020236025,0.485598384,245421.729680958
213,245421763017291,0.000241899,-0.021788220,0.231990204,0.011385292,0.875511987,0.020484371,0.482627786,245421.763017291
215,245421796353666,0.001110108,-0.027617350,0.226778185,0.012031388,0.878669869,0.019698965,0.476871588,245421.796353666
217,245421829689875,0.002419086,-0.032236042,0.223314821,0.010208193,0.880209266,0.021905946,0.473970067,245421.829689875
219,245421863026208,0.003854820,-0.036822946,0.219925760,0.008425485,0.880404964,0.024442660,0.473517391,245421.863026208
221,245421896362583,0.005087994,-0.043870535,0.216253168,0.005033792,0.880304646,0.029465404,0.473466192,245421.896362583
223,245421929698791,0.006045836,-0.048714599,0.213371376,0.003081292,0.880784013,0.031653133,0.472449109,245421.929698791
225,245421963035125,0.007252676,-0.053449395,0.210487519,0.001193977,0.881367717,0.033365009,0.471249776,245421.963035125
227,245421996371291,0.007635130,-0.060024530,0.207779185,-0.000898841,0.881905899,0.034912201,0.470130162,245421.996371291
229,245422029707666,0.008902950,-0.064467443,0.205210691,-0.002531947,0.882709332,0.035030364,0.468605113,245422.029707666
231,245422063044000,0.010392664,-0.068862643,0.202972956,-0.005123381,0.883410831,0.034731664,0.467282376,245422.063044000
233,245422096380250,0.011111888,-0.073879142,0.201187615,-0.010123832,0.884653101,0.035920329,0.464753894,245422.096380250
235,245422129716541,0.013080655,-0.077756137,0.199130327,-0.013590178,0.885653577,0.035857941,0.462760532,245422.129716541
237,245422163052875,0.015162248,-0.081728794,0.196974969,-0.017637030,0.886452109,0.036887244,0.461010821,245422.163052875
239,245422196389125,0.016056623,-0.085086042,0.194862910,-0.023671391,0.886503795,0.039465568,0.460427203,245422.196389125
241,245422229725458,0.017898533,-0.088744386,0.192916263,-0.027295708,0.885948278,0.041511809,0.461115404,245422.229725458
243,245422263061750,0.019545314,-0.092469103,0.191069850,-0.031334238,0.885481555,0.043372248,0.461583668,245422.263061750
245,245422296398000,0.019873370,-0.096259994,0.188702293,-0.037168374,0.885227239,0.045240690,0.461459186,245422.296398000
247,245422329734333,0.021183832,-0.100064687,0.186848519,-0.040339873,0.884404394,0.046640111,0.462629782,245422.329734333
249,245422363070541,0.022271019,-0.104075072,0.185122930,-0.043207734,0.883697947,0.047665551,0.463615228,245422.363070541
251,245422396406791,0.022750724,-0.110394074,0.183017510,-0.047536809,0.882148353,0.049762566,0.465916596,245422.396406791
253,245422429743166,0.023656437,-0.114895004,0.181435367,-0.050974396,0.880605259,0.051155776,0.468315202,245422.429743166
255,245422463079416,0.024756035,-0.121085273,0.179803128,-0.054640802,0.881153069,0.048438854,0.467158840,245422.463079416
257,245422496415666,0.024923784,-0.127228906,0.178447386,-0.058582571,0.880867008,0.047483223,0.467318729,245422.496415666
259,245422529751916,0.026198036,-0.131897969,0.177208595,-0.063406946,0.879804859,0.047072213,0.468729377,245422.529751916
261,245422563088166,0.027865096,-0.138125244,0.175746558,-0.070970217,0.878642169,0.049158510,0.469611181,245422.563088166
263,245422596424458,0.028105733,-0.143217146,0.174277255,-0.075458106,0.877877360,0.050050137,0.470247224,245422.596424458
265,245422629760750,0.029158851,-0.148123747,0.173080994,-0.078867533,0.878287682,0.049676075,0.468959487,245422.629760750
267,245422663097041,0.030682261,-0.154557495,0.171373620,-0.082289776,0.879404311,0.048858634,0.466357521,245422.663097041
269,245422696433250,0.031850803,-0.160154366,0.169172356,-0.083943961,0.880460894,0.048775881,0.464072184,245422.696433250
271,245422729769541,0.033119182,-0.164717797,0.167724284,-0.085865304,0.881437136,0.047748619,0.461969532,245422.729769541
273,245422763105750,0.035106076,-0.170208361,0.166139175,-0.089544364,0.881888281,0.046147074,0.460570698,245422.763105750
275,245422796442041,0.036841872,-0.174955984,0.164053969,-0.091281599,0.881874688,0.044172297,0.460449309,245422.796442041
277,245422829778333,0.038258787,-0.178491251,0.163550440,-0.093607055,0.881197969,0.042655727,0.461419983,245422.829778333
279,245422863114583,0.040220216,-0.183086907,0.163149774,-0.098556870,0.879657813,0.042168111,0.463368730,245422.863114583
281,245422896450916,0.042474647,-0.183632957,0.163352018,-0.101875510,0.878448260,0.042106602,0.464948516,245422.896450916
283,245422929787166,0.044260905,-0.186645194,0.163311067,-0.104979557,0.876984611,0.042036884,0.467022739,245422.929787166
285,245422963123375,0.046715716,-0.190801347,0.163421123,-0.107983761,0.874126471,0.041808941,0.471693212,245422.963123375
287,245422996459541,0.048593565,-0.193763522,0.165560232,-0.111331803,0.872518713,0.041939172,0.473874966,245422.996459541
289,245423029795833,0.050950909,-0.196961793,0.166263964,-0.116419916,0.870809956,0.042539870,0.475738202,245423.029795833
291,245423063132083,0.054460688,-0.200810685,0.167302700,-0.123729804,0.868091340,0.042571232,0.478848729,245423.063132083
293,245423096468291,0.055833209,-0.204480972,0.168338731,-0.127365963,0.866157026,0.042184622,0.481425413,245423.096468291
295,245423129804541,0.058254875,-0.207611991,0.169511965,-0.132974739,0.863055211,0.042707528,0.485416874,245423.129804541
297,245423163140791,0.061566232,-0.211760076,0.171310651,-0.141509406,0.858401560,0.043067312,0.491189484,245423.163140791
299,245423196477000,0.063305840,-0.215344141,0.172948699,-0.147250161,0.855509420,0.043327221,0.494513728,245423.196477000
301,245423229813416,0.065781754,-0.218350243,0.174314452,-0.153737501,0.853706814,0.042119783,0.495757435,245423.229813416
303,245423263149666,0.069423195,-0.222329473,0.175603797,-0.161530606,0.851546402,0.040772476,0.497105871,245423.263149666
305,245423296485875,0.071532564,-0.227024354,0.176072192,-0.166396244,0.848855719,0.042856740,0.499919605,245423.296485875
307,245423329822083,0.074217777,-0.230545644,0.176563472,-0.171197610,0.847860324,0.044577710,0.499837104,245423.329822083
309,245423363158416,0.078100168,-0.235388720,0.176509799,-0.177809617,0.847427235,0.046545086,0.498080746,245423.363158416
311,245423396494541,0.080903804,-0.240286104,0.174004119,-0.180404413,0.846344159,0.047573514,0.498891398,245423.396494541
313,245423429830875,0.083583853,-0.244312698,0.173792406,-0.182888707,0.846023262,0.046471431,0.498634957,245423.429830875
315,245423463167041,0.087206699,-0.249669388,0.173506100,-0.187102365,0.844605033,0.046322781,0.499489035,245423.463167041
317,245423496503333,0.091812776,-0.252884855,0.170252186,-0.190055344,0.845222957,0.043957438,0.497538859,245423.496503333
319,245423529839666,0.096592594,-0.257616623,0.169508010,-0.195214910,0.846049720,0.042186007,0.494278670,245423.529839666
321,245423563175750,0.100660647,-0.261002491,0.168846539,-0.199659946,0.845262813,0.041850148,0.493877821,245423.563175750
323,245423596512125,0.106247295,-0.264620358,0.168721311,-0.204292890,0.845272557,0.039262457,0.492176018,245423.596512125
325,245423629848250,0.111771798,-0.268673319,0.168610498,-0.212448556,0.844583870,0.038795554,0.489937400,245423.629848250
327,245423663184500,0.116167996,-0.271361150,0.168448035,-0.217129429,0.844281561,0.039770880,0.488325493,245423.663184500
329,245423696520791,0.120213442,-0.273149042,0.168719144,-0.222586816,0.843826085,0.039534417,0.486672098,245423.696520791
331,245423729857000,0.126153948,-0.276781498,0.168960061,-0.228861044,0.843425057,0.039657462,0.484442085,245423.729857000
333,245423763193250,0.130537612,-0.279329689,0.169304008,-0.232521656,0.844561972,0.037791967,0.480854006,245423.763193250
335,245423796529375,0.134852218,-0.282725549,0.170229826,-0.236730395,0.844541780,0.036326466,0.478945031,245423.796529375
337,245423829865750,0.140338343,-0.286068445,0.170901443,-0.239331159,0.845004697,0.033414832,0.477044191,245423.829865750
339,245423863201916,0.144327913,-0.288560149,0.171674383,-0.242073993,0.845066675,0.032211824,0.475631106,245423.863201916
341,245423896538208,0.147190731,-0.294106521,0.172467478,-0.244245422,0.844102606,0.034230214,0.476091703,245423.896538208
343,245423929874416,0.152237184,-0.297380268,0.173029459,-0.248569298,0.845519476,0.033182997,0.471390561,245423.929874416
345,245423963210666,0.155653681,-0.299780834,0.173399145,-0.249467957,0.846485843,0.031707769,0.469278304,245423.963210666
347,245423996546958,0.156412192,-0.302414059,0.172879820,-0.250251294,0.848070733,0.029942526,0.466104946,245423.996546958
349,245424029883125,0.160296084,-0.304926256,0.173054600,-0.252937744,0.848736438,0.031442067,0.463336169,245424.029883125
351,245424063219375,0.162676502,-0.306354863,0.173038666,-0.253600165,0.848299343,0.032414138,0.463707406,245424.063219375
353,245424096555666,0.161956838,-0.305134747,0.172936451,-0.255196583,0.848926733,0.031033657,0.461773832,245424.096555666
355,245424129891833,0.162742143,-0.305596693,0.172885845,-0.255009375,0.849899737,0.027812484,0.460290315,245424.129891833
357,245424163228041,0.163055511,-0.305297190,0.172347905,-0.254431052,0.850733975,0.025628038,0.459194730,245424.163228041
359,245424196564375,0.162764875,-0.304903978,0.171750188,-0.253101704,0.851822260,0.022508814,0.458073981,245424.196564375
361,245424229900541,0.161898463,-0.304242312,0.170202205,-0.248687177,0.855160049,0.017824798,0.454464859,245424.229900541
363,245424263236666,0.160926391,-0.303481976,0.168425029,-0.244960326,0.857954990,0.013756946,0.451351830,245424.263236666
365,245424296573000,0.147738923,-0.292969132,0.165908843,-0.240812292,0.860148815,0.009948776,0.449504762,245424.296573000
367,245424329909166,0.144842601,-0.291118016,0.162567554,-0.233147800,0.862299259,0.005585965,0.449500770,245424.329909166
369,245424363245458,0.142512488,-0.289735584,0.160139122,-0.226355471,0.863405373,0.002791756,0.450873177,245424.363245458
371,245424396581750,0.142098723,-0.291052577,0.157782614,-0.219485710,0.865157964,-0.000436216,0.450918599,245424.396581750
373,245424429917958,0.138956053,-0.288138325,0.154487263,-0.210173848,0.867630287,-0.005437731,0.450571996,245424.429917958
375,245424463254083,0.136670788,-0.285462563,0.151827741,-0.203093244,0.869799316,-0.009705052,0.449564399,245424.463254083
377,245424496590416,0.135528778,-0.282881166,0.150530195,-0.195503723,0.872635346,-0.013526629,0.447328660,245424.496590416
379,245424529926625,0.132961907,-0.278473653,0.147143827,-0.186632096,0.875514627,-0.016507668,0.445387638,245424.529926625
381,245424563262958,0.130868887,-0.274513549,0.144697953,-0.179937201,0.877774321,-0.019323245,0.443578077,245424.563262958
383,245424596599041,0.127527644,-0.267568567,0.143420136,-0.171753051,0.880638209,-0.022556759,0.440985805,245424.596599041
385,245424629935333,0.124155636,-0.260634473,0.140446327,-0.164401783,0.883932549,-0.027267960,0.436911677,245424.629935333
387,245424663271541,0.121372578,-0.254947726,0.137963143,-0.156972510,0.886605311,-0.030649550,0.433994599,245424.663271541
389,245424696607708,0.116822929,-0.245779104,0.134364989,-0.149321554,0.888564370,-0.034673774,0.432382027,245424.696607708
391,245424729943958,0.113584593,-0.239484766,0.131431006,-0.142794063,0.890660185,-0.034416345,0.430290435,245424.729943958
393,245424763280250,0.110290733,-0.232830870,0.128121248,-0.135670964,0.892870504,-0.033475814,0.428083025,245424.763280250
395,245424796616458,0.103901067,-0.223737572,0.124162904,-0.126382945,0.895001554,-0.035031418,0.426347772,245424.796616458
397,245424829952666,0.100886576,-0.217587249,0.121178144,-0.119941149,0.896393356,-0.032387391,0.425492871,245424.829952666
399,245424863288916,0.097639475,-0.211077789,0.118699528,-0.113286807,0.896638817,-0.032791566,0.426766561,245424.863288916
401,245424896625041,0.091110080,-0.202503381,0.117377478,-0.103809384,0.897315673,-0.034815023,0.427593455,245424.896625041
403,245424929961333,0.087337581,-0.196607504,0.115625672,-0.095832889,0.898197494,-0.033292616,0.427725349,245424.929961333
405,245424963297500,0.083529872,-0.191316662,0.113867592,-0.086948141,0.898323165,-0.033358276,0.429351592,245424.963297500
407,245424996633875,0.078318987,-0.185870432,0.114396314,-0.077378015,0.899487517,-0.032669135,0.428797890,245424.996633875
409,245425029970000,0.074678167,-0.181132091,0.114252736,-0.069659866,0.900197061,-0.033120018,0.428597565,245425.029970000
411,245425063306208,0.071301560,-0.176241017,0.114433792,-0.061371110,0.900295370,-0.034326846,0.429562049,245425.063306208
413,245425096642333,0.066313112,-0.170978859,0.116264779,-0.046373027,0.899146678,-0.034997284,0.433774177,245425.096642333
415,245425129978708,0.062845062,-0.167475834,0.117896549,-0.035920174,0.899138359,-0.037542892,0.434569369,245425.129978708
417,245425163315000,0.059709138,-0.164564628,0.119646740,-0.024560992,0.899746595,-0.041065904,0.433781589,245425.163315000
419,245425196651166,0.056378340,-0.158546070,0.122602156,-0.010137266,0.902048190,-0.044080132,0.429259005,245425.196651166
421,245425229987458,0.054750028,-0.155787301,0.124815286,-0.002363087,0.902462533,-0.047245399,0.428163190,245425.229987458
423,245425263323583,0.053547652,-0.153545864,0.127462319,0.003344383,0.901383857,-0.049968277,0.430115313,245425.263323583
425,245425296659791,0.051510555,-0.148528647,0.132197955,0.014233212,0.899234958,-0.053426415,0.433958037,245425.296659791
427,245425329995958,0.050185218,-0.146158753,0.135871143,0.021475415,0.897975808,-0.057328607,0.435765692,245425.329995958
429,245425363332250,0.049384620,-0.144468865,0.139544978,0.025555154,0.896547242,-0.061007945,0.437981805,245425.363332250
431,245425396668458,0.048668245,-0.135713514,0.143710062,0.032968096,0.893021912,-0.066210283,0.443893254,245425.396668458
433,245425430004625,0.047715488,-0.132896561,0.147355198,0.040168319,0.889961829,-0.069890737,0.448853859,245425.430004625
435,245425463340833,0.046583101,-0.130728481,0.150954355,0.044762286,0.888078105,-0.074286558,0.451436792,245425.463340833
437,245425496677041,0.044758410,-0.125361229,0.155021454,0.050188042,0.886147694,-0.076879876,0.454216867,245425.496677041
439,245425530013333,0.043705552,-0.122080775,0.157518422,0.055204816,0.885263223,-0.079164589,0.454966456,245425.530013333
441,245425563349583,0.042168321,-0.119397176,0.159767030,0.059326670,0.885129327,-0.081144491,0.454358939,245425.563349583
443,245425596685666,0.039059590,-0.112140402,0.161429584,0.067050797,0.884585982,-0.085629601,0.453518970,245425.596685666
445,245425630021958,0.036759688,-0.108115974,0.163291003,0.072434348,0.884788520,-0.087473720,0.451941303,245425.630021958
447,245425663358166,0.034112405,-0.104139822,0.165138448,0.076977445,0.884089974,-0.088122480,0.452431070,245425.663358166
449,245425696694416,0.028241351,-0.094267959,0.165322311,0.083638748,0.882338941,-0.091511985,0.453991369,245425.696694416
451,245425730030541,0.024620353,-0.089211596,0.167581843,0.087436595,0.882010845,-0.092656099,0.453681179,245425.730030541
453,245425763366833,0.019929847,-0.082381333,0.170977466,0.092371666,0.881184040,-0.094641372,0.453900018,245425.763366833
455,245425796703083,0.015549740,-0.073677761,0.173159986,0.094971661,0.881815354,-0.096315761,0.451780248,245425.796703083
457,245425830039291,0.012357174,-0.068099189,0.176338492,0.096203206,0.883113206,-0.095779790,0.449090518,245425.830039291
459,245425863375458,0.008180726,-0.060622835,0.181169933,0.100470138,0.886162590,-0.096981243,0.441832894,245425.863375458
461,245425896711583,0.005049025,-0.053243537,0.187770138,0.105194615,0.889848144,-0.097791778,0.433060268,245425.896711583
463,245425930047833,0.001873011,-0.048308654,0.192559015,0.110042896,0.892239569,-0.097412437,0.426977730,245425.930047833
465,245425963383958,-0.002697389,-0.042872110,0.199914352,0.114648761,0.891980480,-0.095491570,0.426741020,245425.963383958
467,245425996720208,-0.005256025,-0.041064303,0.207918630,0.114722167,0.891661749,-0.091628094,0.428231825,245425.996720208
469,245426030056375,-0.009608083,-0.038207320,0.215181380,0.116181535,0.890945283,-0.090374449,0.429593839,245426.030056375
471,245426063392583,-0.015449951,-0.035247929,0.225106816,0.118749805,0.892709478,-0.086557764,0.426000091,245426.063392583
473,245426096728750,-0.019290320,-0.038892726,0.232987624,0.119558906,0.894180785,-0.086921618,0.422600376,245426.096728750
475,245426130065000,-0.023957792,-0.038128461,0.241209754,0.123147766,0.894808710,-0.088210754,0.419965374,245426.130065000
477,245426163401250,-0.030256982,-0.037915774,0.252978062,0.125661181,0.895873212,-0.087219303,0.417149016,245426.163401250
479,245426196737458,-0.036229462,-0.040465733,0.261970488,0.128298608,0.896248382,-0.084319453,0.416135301,245426.196737458
481,245426230073583,-0.040834712,-0.041690969,0.271269040,0.131765188,0.895762265,-0.084201820,0.416122586,245426.230073583
483,245426263409875,-0.046901481,-0.044183576,0.283910264,0.139379460,0.895650915,-0.090720291,0.412495682,245426.263409875
485,245426296746083,-0.052577097,-0.045423630,0.292856124,0.139298460,0.897327281,-0.091295384,0.408735728,245426.296746083
487,245426330082250,-0.055461793,-0.047579149,0.301612552,0.140788646,0.897767415,-0.093181234,0.406828633,245426.330082250
489,245426363418458,-0.059251886,-0.050876426,0.313184997,0.143030081,0.896638907,-0.098756463,0.407220187,245426.363418458
491,245426396754708,-0.063774231,-0.051344194,0.321541815,0.143817569,0.896258532,-0.100141699,0.407441828,245426.396754708
493,245426430090958,-0.066294905,-0.054271585,0.329013270,0.147466040,0.895533974,-0.103368175,0.406924738,245426.430090958
495,245426463427000,-0.069061263,-0.058944133,0.337805051,0.154093548,0.895466353,-0.105121348,0.404159306,245426.463427000
497,245426496763250,-0.071554660,-0.058291624,0.344422169,0.155311437,0.896327543,-0.104189016,0.402019894,245426.496763250
499,245426530099375,-0.071846893,-0.062304730,0.349474195,0.157058673,0.897015862,-0.102043629,0.400352678,245426.530099375
501,245426563435666,-0.072230423,-0.068184614,0.355317993,0.166242914,0.896287308,-0.100235128,0.398729642,245426.563435666
503,245426596771875,-0.072480669,-0.070572973,0.356851524,0.168094654,0.896711912,-0.096808585,0.397844297,245426.596771875
505,245426630108083,-0.071711090,-0.075769678,0.360419469,0.166533557,0.897600639,-0.092288839,0.397570736,245426.630108083
507,245426663444250,-0.070106595,-0.081892983,0.365068511,0.167133036,0.897705145,-0.086925723,0.398291341,245426.663444250
509,245426696780500,-0.067578365,-0.084210919,0.366313802,0.169156521,0.898041962,-0.084643405,0.397167790,245426.696780500
511,245426730116666,-0.066730073,-0.089107773,0.369525900,0.171045007,0.899056682,-0.083898684,0.394210289,245426.730116666
513,245426763452791,-0.064539304,-0.095307546,0.373512362,0.168936269,0.901040719,-0.079212333,0.391550278,245426.763452791
515,245426796789083,-0.059971712,-0.095637242,0.377935259,0.170272179,0.901230143,-0.079115217,0.390554030,245426.796789083
517,245426830125291,-0.058355680,-0.099578899,0.381183914,0.171667557,0.900998540,-0.078418108,0.390618144,245426.830125291
519,245426863461416,-0.055950305,-0.104537955,0.385572944,0.171934533,0.902186650,-0.078980606,0.387633695,245426.863461416
521,245426896797708,-0.055798669,-0.106994405,0.390975829,0.173793070,0.903166238,-0.078469155,0.384615860,245426.896797708
523,245426930133791,-0.052793471,-0.110596370,0.394852693,0.175032935,0.904517341,-0.078037269,0.380948933,245426.930133791
525,245426963470000,-0.050683753,-0.112992110,0.397821561,0.176223783,0.905056204,-0.078705907,0.378977412,245426.963470000
527,245426996806291,-0.049289160,-0.114530236,0.401494063,0.178530463,0.904991869,-0.080102038,0.377756943,245426.996806291
529,245427030142416,-0.047242318,-0.116500987,0.405063796,0.184543127,0.903836966,-0.079667225,0.377724450,245427.030142416
531,245427063478666,-0.045838817,-0.117771458,0.407765179,0.187687573,0.903009274,-0.082888815,0.377461421,245427.063478666
533,245427096814750,-0.045828617,-0.116693289,0.412310221,0.190421297,0.901818944,-0.084393478,0.378602847,245427.096814750
535,245427130151041,-0.043924053,-0.116509275,0.415355291,0.194788216,0.899832109,-0.085679320,0.380813385,245427.130151041
537,245427163487166,-0.042550621,-0.116145082,0.417204378,0.196990688,0.900128212,-0.087516593,0.378556164,245427.163487166
539,245427196823416,-0.042676395,-0.112983623,0.419112455,0.198917394,0.901621288,-0.086583940,0.374184710,245427.196823416
541,245427230159500,-0.039534024,-0.111146800,0.420133573,0.202504685,0.902785355,-0.085467339,0.369683435,245427.230159500
543,245427263495750,-0.036972705,-0.109452822,0.420568047,0.204703655,0.902912680,-0.086424678,0.367934687,245427.263495750
545,245427296831958,-0.036259250,-0.103313884,0.417751988,0.205175058,0.903182010,-0.086072784,0.367092607,245427.296831958
547,245427330168250,-0.032352923,-0.099044044,0.417041158,0.206527945,0.901794130,-0.083279364,0.370375696,245427.330168250
549,245427363504291,-0.029445609,-0.095199957,0.416181750,0.209239638,0.900410641,-0.082390179,0.372412893,245427.363504291
551,245427396840541,-0.027604065,-0.086235500,0.413638812,0.210853101,0.899593124,-0.082835500,0.373378514,245427.396840541
553,245427430176708,-0.023585190,-0.079269054,0.411695673,0.212051050,0.898349318,-0.081019080,0.376083524,245427.430176708
555,245427463512916,-0.020385081,-0.073439036,0.409986128,0.213728099,0.897274824,-0.080938392,0.377713144,245427.463512916
557,245427496849083,-0.015472226,-0.063760267,0.405017376,0.214469261,0.897468380,-0.080780140,0.376866111,245427.496849083
559,245427530185291,-0.010745794,-0.054937929,0.401895283,0.215081585,0.898005657,-0.078709431,0.375673569,245427.530185291
561,245427563521500,-0.007066976,-0.047937125,0.399387544,0.218041144,0.897507921,-0.078236673,0.375255470,245427.563521500
563,245427596857666,-0.004085820,-0.041093560,0.396484274,0.220409736,0.897368029,-0.078127089,0.374227711,245427.596857666
565,245427630193916,0.000332252,-0.031998652,0.392840821,0.222877274,0.896980956,-0.072948424,0.374739197,245427.630193916
567,245427663530041,0.003527345,-0.025132535,0.390277520,0.226030076,0.895755236,-0.072362419,0.375894526,245427.663530041
569,245427696866250,0.006296382,-0.019053220,0.388231140,0.226777376,0.895206688,-0.070126710,0.377172778,245427.696866250
571,245427730202375,0.010234438,-0.010450002,0.385025059,0.225003080,0.895040490,-0.065778935,0.379406537,245427.730202375
573,245427763538541,0.013016832,-0.004075963,0.382613811,0.225020177,0.893676466,-0.062687162,0.383117041,245427.763538541
575,245427796874833,0.014296806,0.000464898,0.381106918,0.225130215,0.892172243,-0.062450456,0.386581258,245427.796874833
577,245427830211000,0.016582000,0.008064838,0.378607975,0.225874848,0.890912655,-0.060982300,0.389276775,245427.830211000
579,245427863547125,0.018192459,0.013368565,0.376467206,0.227399926,0.889297626,-0.059722149,0.392265630,245427.863547125
581,245427896883416,0.018455486,0.015416937,0.375140959,0.228427411,0.887669671,-0.059300756,0.395407317,245427.896883416
583,245427930219458,0.019894749,0.020690498,0.372102456,0.228221663,0.886222091,-0.057554838,0.399014752,245427.930219458
585,245427963555666,0.020722640,0.024377111,0.369601128,0.228376108,0.884939140,-0.056699877,0.401885866,245427.963555666
587,245427996891916,0.019806786,0.025292819,0.366544316,0.230335860,0.883012252,-0.055302953,0.405186860,245427.996891916
589,245428030228125,0.019659361,0.028146277,0.363510923,0.231696462,0.882059731,-0.054903963,0.406537807,245428.030228125
591,245428063564291,0.019278477,0.030949246,0.360428950,0.233218579,0.881107266,-0.055827157,0.407605768,245428.063564291
593,245428096900458,0.018709310,0.032282194,0.356119418,0.235024967,0.879717887,-0.055767508,0.409572634,245428.096900458
595,245428130236625,0.018242742,0.035118452,0.353031412,0.236441481,0.878572649,-0.056591759,0.411099686,245428.130236625
597,245428163572875,0.017487727,0.037833061,0.349632822,0.238479738,0.877317577,-0.057423169,0.412485049,245428.163572875
599,245428196909041,0.017429887,0.042852375,0.343630179,0.242247158,0.875634509,-0.057330638,0.413876518,245428.196909041
601,245428230245166,0.016464552,0.045541816,0.339138727,0.245119462,0.874322025,-0.056763857,0.415036580,245428.230245166
603,245428263581333,0.015293853,0.047970715,0.334183113,0.248962557,0.872464487,-0.055359863,0.416843739,245428.263581333
605,245428296917583,0.015617324,0.054648323,0.324684438,0.253300603,0.870041579,-0.054112076,0.419450107,245428.296917583
607,245428330253708,0.014323637,0.057012003,0.319143898,0.255704201,0.868885355,-0.055263257,0.420237585,245428.330253708
609,245428363589916,0.013274418,0.059510960,0.313582785,0.258487714,0.867825556,-0.055438062,0.420701296,245428.363589916
611,245428396926041,0.015040728,0.065806341,0.302890341,0.262050049,0.865852178,-0.056319031,0.422442894,245428.396926041
613,245428430262250,0.014487703,0.068184364,0.296985055,0.264660733,0.864537628,-0.057940688,0.423287511,245428.430262250
615,245428463598458,0.014285446,0.070703468,0.291246061,0.266031642,0.863119021,-0.060568817,0.424951989,245428.463598458
617,245428496934583,0.017202407,0.074192922,0.283515355,0.266692486,0.861485334,-0.066615176,0.426943332,245428.496934583
619,245428530270791,0.018307575,0.077219310,0.277408560,0.267335777,0.861150388,-0.069305784,0.426788416,245428.530270791
621,245428563607000,0.019948531,0.080358346,0.270606340,0.267246268,0.860774902,-0.070737395,0.427366675,245428.563607000
623,245428596943166,0.023572552,0.084702196,0.262263093,0.269279900,0.858362787,-0.077135982,0.429827588,245428.596943166
625,245428630279375,0.025541388,0.088075502,0.255069326,0.270463177,0.858678857,-0.080310336,0.427867496,245428.630279375
627,245428663615541,0.028163239,0.091389734,0.247538794,0.269681034,0.859801708,-0.082366415,0.425709984,245428.663615541
629,245428696951666,0.031982918,0.097325483,0.236379870,0.270538341,0.860045428,-0.085633842,0.424025667,245428.696951666
631,245428730287791,0.035105327,0.100113509,0.228319995,0.271688869,0.861597316,-0.084429697,0.420365201,245428.730287791
633,245428763624041,0.037818550,0.102560623,0.220263483,0.273018233,0.862654781,-0.084933380,0.417221940,245428.763624041
635,245428796960250,0.040047132,0.105828222,0.208002444,0.274566423,0.865300749,-0.084757634,0.410711686,245428.796960250
637,245428830296291,0.042237508,0.108111449,0.200136478,0.275654123,0.867042083,-0.083591607,0.406528385,245428.830296291
639,245428863632500,0.044093200,0.110136445,0.192149825,0.277910693,0.868259665,-0.083032052,0.402487929,245428.863632500
641,245428896968791,0.044599477,0.112426402,0.181821208,0.281866795,0.869457711,-0.081127286,0.397508259,245428.896968791
643,245428930304875,0.045491123,0.114105560,0.174390188,0.284147272,0.870214886,-0.079942261,0.394456167,245428.930304875
645,245428963641083,0.046295421,0.115722640,0.167376625,0.286055835,0.870982857,-0.080157530,0.391325627,245428.963641083
647,245428996977125,0.045438855,0.117695509,0.161061715,0.286974744,0.871836537,-0.080101189,0.388754937,245428.996977125
649,245429030313416,0.046092432,0.119797510,0.155411559,0.288159738,0.872124593,-0.080329239,0.387182033,245429.030313416
651,245429063649625,0.046563152,0.121865493,0.150302097,0.288780612,0.872362257,-0.080426189,0.386162573,245429.063649625
653,245429096985666,0.043677605,0.123973577,0.147502835,0.291861315,0.871062909,-0.080362174,0.386792394,245429.096985666
655,245429130321875,0.043465481,0.125972130,0.143235653,0.295737806,0.870084828,-0.080786414,0.385960038,245429.130321875
657,245429163658166,0.043034024,0.128363218,0.137777433,0.300920282,0.868484880,-0.082068137,0.385286738,245429.163658166
659,245429196994250,0.039659604,0.129806502,0.137631400,0.305288223,0.867127769,-0.082935093,0.384721142,245429.196994250
661,245429230330458,0.039558639,0.131235627,0.133654389,0.309196222,0.865730665,-0.083896245,0.384538146,245429.230330458
663,245429263666583,0.039428642,0.132498898,0.128071258,0.315057121,0.863446074,-0.084166414,0.384858359,245429.263666583
665,245429297002791,0.036647397,0.133529329,0.125001966,0.318657993,0.861826103,-0.084936404,0.385355307,245429.297002791
667,245429330339000,0.036225113,0.133738346,0.121035122,0.321426865,0.860259777,-0.087189556,0.386051708,245429.330339000
669,245429363675166,0.035518954,0.133924636,0.116085729,0.326214928,0.858584076,-0.088657271,0.385431118,245429.363675166
671,245429397011208,0.035117836,0.134970226,0.110314734,0.330245470,0.856756201,-0.093019284,0.385037931,245429.397011208
673,245429430347500,0.033950400,0.134781987,0.106935767,0.334198174,0.854956892,-0.096742475,0.384709291,245429.430347500
675,245429463683666,0.032201598,0.134551016,0.102972827,0.339373226,0.852059076,-0.101370409,0.385415670,245429.463683666
677,245429497019833,0.031267810,0.134405710,0.099074489,0.343102109,0.850229747,-0.105456802,0.385057447,245429.497019833
679,245429530355958,0.029852510,0.133698422,0.096133881,0.346289666,0.847536445,-0.107435876,0.387586155,245429.530355958
681,245429563692083,0.027736892,0.132539068,0.092597195,0.350699990,0.844032898,-0.112459055,0.389834577,245429.563692083
683,245429597028250,0.026304293,0.131725684,0.089610080,0.352342125,0.841954762,-0.117769198,0.391276980,245429.597028250
685,245429630364500,0.024521007,0.130846137,0.087656402,0.354857381,0.838120536,-0.124376573,0.395171770,245429.630364500
687,245429663700541,0.021555153,0.130010778,0.085266462,0.360067876,0.833069154,-0.132157023,0.398599402,245429.663700541
689,245429697036750,0.019481702,0.129803704,0.084390630,0.361667889,0.829904427,-0.136792511,0.402172651,245429.697036750
691,245429730372958,0.017102530,0.129215965,0.082295348,0.363791236,0.825915318,-0.140213056,0.407259348,245429.730372958
693,245429763709166,0.013362313,0.128695343,0.079339734,0.368494621,0.821608879,-0.144242338,0.410322756,245429.763709166
695,245429797045291,0.009835536,0.129245965,0.077096114,0.370932426,0.817819927,-0.146269479,0.414951799,245429.797045291
697,245429830381458,0.006188807,0.128128862,0.073690911,0.373819821,0.815453570,-0.147351525,0.416631490,245429.830381458
699,245429863717541,0.000303742,0.126543413,0.068843154,0.378550022,0.811803127,-0.153778650,0.417166327,245429.863717541
701,245429897053791,-0.004571188,0.126956407,0.064333012,0.381769182,0.808097547,-0.153871369,0.421371928,245429.897053791
703,245429930389958,-0.009765476,0.125897572,0.059664045,0.383435745,0.805235343,-0.154708483,0.425015777,245429.930389958
705,245429963726083,-0.016764600,0.123809853,0.052907968,0.380302966,0.804594432,-0.152808388,0.429705835,245429.963726083
707,245429997062208,-0.023242245,0.121331395,0.048065104,0.376954412,0.801833516,-0.150468809,0.438551679,245429.997062208
709,245430030398416,-0.028951735,0.120223641,0.042543353,0.376178509,0.800203714,-0.150556105,0.442150040,245430.030398416
711,245430063734541,-0.037689747,0.118692212,0.034999929,0.373404726,0.797922789,-0.148715065,0.449190400,245430.063734541
713,245430097070791,-0.043795678,0.118279346,0.028309518,0.372601663,0.796509209,-0.150764076,0.451676131,245430.097070791
715,245430130406958,-0.050328927,0.117663461,0.023153071,0.373519796,0.795712522,-0.155209078,0.450815639,245430.130406958
717,245430163743083,-0.058438471,0.116942210,0.015968658,0.373805525,0.793597206,-0.153811232,0.454769240,245430.163743083
719,245430197079250,-0.063143971,0.116747549,0.009324653,0.374428466,0.790909533,-0.157418964,0.457695049,245430.197079250
721,245430230415458,-0.070665711,0.115894016,0.003034394,0.372631189,0.786819410,-0.156409544,0.466473280,245430.230415458
723,245430263751500,-0.075783899,0.115831301,-0.000907396,0.371369563,0.782807432,-0.159394613,0.473170776,245430.263751500
725,245430297087708,-0.077873658,0.115706440,-0.002693178,0.369204519,0.780947485,-0.162269229,0.476946328,245430.297087708
727,245430330423875,-0.082635982,0.115517373,-0.006942830,0.362882553,0.779244534,-0.162571423,0.484422125,245430.330423875
729,245430363760041,-0.085495138,0.115736223,-0.009750599,0.361089853,0.777621474,-0.168420417,0.486367739,245430.363760041
731,245430397096250,-0.081837323,0.117148853,-0.002824011,0.358610293,0.776732540,-0.172154639,0.488311430,245430.397096250
733,245430430432333,-0.084424648,0.117683448,-0.005163656,0.355440165,0.776051722,-0.175023544,0.490686077,245430.430432333
735,245430463768500,-0.086350500,0.117772959,-0.007119609,0.355514321,0.775148742,-0.178752610,0.490715349,245430.463768500
737,245430497104625,-0.084073779,0.117171044,-0.006286553,0.355668067,0.774716246,-0.180236789,0.490744045,245430.497104625
739,245430530440791,-0.085925963,0.117125913,-0.008926690,0.356227477,0.774218334,-0.181959450,0.490488295,245430.530440791
741,245430563777000,-0.087237352,0.116814026,-0.011153378,0.356353817,0.773805757,-0.182285310,0.490926397,245430.563777000
743,245430597113125,-0.090696137,0.113163090,-0.023295784,0.356567686,0.774510700,-0.181090762,0.490100857,245430.597113125
745,245430630449250,-0.092167596,0.112573658,-0.026723935,0.355970828,0.774602662,-0.181141517,0.490370563,245430.630449250
747,245430663785375,-0.092959953,0.112127573,-0.029367168,0.355308154,0.773894605,-0.179637329,0.492517755,245430.663785375
749,245430697121541,-0.097267301,0.110093652,-0.038740348,0.353250274,0.774367282,-0.178655719,0.493610924,245430.697121541
751,245430730457750,-0.097572297,0.110375767,-0.042061065,0.349691605,0.775360156,-0.179506258,0.494277216,245430.730457750
753,245430763793958,-0.096951795,0.110858642,-0.044609921,0.347737029,0.776055387,-0.177867492,0.495156747,245430.763793958
755,245430797130083,-0.097345242,0.111465097,-0.049558018,0.346322269,0.776521027,-0.178522860,0.495182413,245430.797130083
757,245430830466208,-0.096777815,0.112670380,-0.053466770,0.346800734,0.777239121,-0.179119975,0.493502470,245430.830466208
759,245430863802333,-0.095912148,0.113882000,-0.056491617,0.347055048,0.777742398,-0.178571077,0.492729114,245430.863802333
761,245430897138416,-0.094406113,0.118835125,-0.058829442,0.347195810,0.778460817,-0.177393325,0.491920205,245430.897138416
763,245430930474666,-0.091614357,0.120801603,-0.062159741,0.346163555,0.779694331,-0.178119736,0.490429359,245430.930474666
765,245430963810791,-0.088699221,0.122612951,-0.064271092,0.344804932,0.780292430,-0.178837174,0.490174052,245430.963810791
767,245430997147000,-0.085089586,0.126277714,-0.064985194,0.343755705,0.780810342,-0.179776082,0.489742625,245430.997147000
769,245431030483208,-0.080070846,0.130113986,-0.066413602,0.341054216,0.780136161,-0.180821798,0.492314049,245431.030483208
771,245431063819333,-0.076057211,0.133264769,-0.067206975,0.340231468,0.780468221,-0.181808222,0.491993626,245431.063819333
773,245431097155458,-0.071938079,0.139025478,-0.066023509,0.338338539,0.780666420,-0.183699266,0.492282040,245431.097155458
775,245431130491541,-0.065012658,0.143811914,-0.066671336,0.334802725,0.782453914,-0.183257409,0.492026202,245431.130491541
777,245431163827791,-0.059378165,0.147478502,-0.067108899,0.332020319,0.783962117,-0.182917086,0.491637367,245431.163827791
779,245431197164000,-0.053501563,0.152411008,-0.064714335,0.329367816,0.784692601,-0.182686483,0.492341412,245431.197164000
781,245431230500041,-0.046122088,0.157144599,-0.064907653,0.326931414,0.786167961,-0.183236029,0.491406552,245431.230500041
783,245431263836208,-0.040892236,0.160478990,-0.065017949,0.326283742,0.786997823,-0.182931756,0.490621414,245431.263836208
785,245431297172333,-0.035934169,0.164210457,-0.065476160,0.325386615,0.787318783,-0.182312469,0.490932686,245431.297172333
787,245431330508541,-0.029587004,0.167901702,-0.065611488,0.325290678,0.788228468,-0.181041137,0.490006140,245431.330508541
789,245431363844666,-0.024933219,0.170573934,-0.065513532,0.325105621,0.788383676,-0.180376888,0.490124214,245431.363844666
791,245431397180750,-0.022074127,0.174959630,-0.067515297,0.326781706,0.788424478,-0.179744826,0.489175234,245431.397180750
793,245431430517000,-0.018180640,0.177569357,-0.067484816,0.328445783,0.788327799,-0.179702290,0.488231287,245431.430517000
795,245431463853083,-0.014368538,0.179941861,-0.067589852,0.329851870,0.788672207,-0.179148116,0.486929049,245431.463853083
797,245431497189333,-0.013634113,0.180638185,-0.066619278,0.330954531,0.788580902,-0.176549150,0.487277858,245431.497189333
799,245431530525416,-0.010291823,0.182806616,-0.066683859,0.333959645,0.787930180,-0.176530581,0.486285918,245431.530525416
801,245431563861458,-0.007111018,0.184973991,-0.066551352,0.336377119,0.787190923,-0.175461033,0.486204035,245431.563861458
803,245431597197666,-0.006291990,0.185156688,-0.064479783,0.339303042,0.785907202,-0.174717837,0.486515206,245431.597197666
805,245431630533750,-0.003458131,0.187578280,-0.063581252,0.342003118,0.784666235,-0.175036652,0.486513094,245431.630533750
807,245431663870000,-0.000392726,0.190144719,-0.062343222,0.344066447,0.783272325,-0.174555681,0.487476269,245431.663870000
809,245431697206166,0.003887377,0.194743655,-0.060809137,0.345788857,0.782128353,-0.175107404,0.487896255,245431.697206166
811,245431730542250,0.006888801,0.197903149,-0.058901622,0.348619691,0.780855187,-0.176740198,0.487331965,245431.730542250
813,245431763878500,0.010127973,0.201060896,-0.057148743,0.350076666,0.779945742,-0.175315434,0.488257635,245431.763878500
815,245431797214583,0.015546150,0.210458101,-0.054287350,0.350821918,0.779186799,-0.173105116,0.489720927,245431.797214583
817,245431830550791,0.018735081,0.213902485,-0.052517942,0.350736437,0.779346283,-0.173393184,0.489426379,245431.830550791
819,245431863886875,0.021964382,0.217488268,-0.050651737,0.351366375,0.779293989,-0.175316687,0.488371438,245431.863886875
821,245431897223000,0.025185181,0.226788570,-0.046688433,0.351036647,0.779116171,-0.178242774,0.487832790,245431.897223000
823,245431930559125,0.028091221,0.230807385,-0.044379301,0.352369027,0.778834654,-0.180675459,0.486424797,245431.930559125
825,245431963895333,0.031136925,0.234625592,-0.042096853,0.353072074,0.777857703,-0.181011473,0.487352444,245431.963895333
827,245431997231416,0.033953635,0.241896528,-0.039073292,0.348663375,0.777821037,-0.177145179,0.491983662,245431.997231416
829,245432030567625,0.036917627,0.246106302,-0.036456316,0.348066568,0.777217614,-0.178665304,0.492809504,245432.030567625
831,245432063903750,0.039922941,0.250370561,-0.033829106,0.348261827,0.776219370,-0.179262095,0.494026664,245432.063903750
833,245432097239833,0.041364413,0.255314882,-0.030695276,0.346659174,0.774887820,-0.177854184,0.497739114,245432.097239833
835,245432130576041,0.043549850,0.259590764,-0.028211396,0.347161988,0.774607159,-0.178827593,0.497476682,245432.130576041
837,245432163912208,0.046074112,0.263867029,-0.025840580,0.347401430,0.773774279,-0.177216275,0.499179383,245432.163912208
839,245432197248291,0.049454869,0.269152262,-0.023179699,0.347370263,0.772856078,-0.175106029,0.501363457,245432.197248291
841,245432230584416,0.051679083,0.273334759,-0.021114460,0.349393940,0.771741384,-0.174167422,0.502000869,245432.230584416
843,245432263920625,0.054072900,0.277596297,-0.018986912,0.350711669,0.771361992,-0.173353287,0.501946904,245432.263920625
845,245432297256666,0.058999366,0.282100947,-0.017409922,0.352850230,0.771555784,-0.171293902,0.500856106,245432.297256666
847,245432330592791,0.062220918,0.285699371,-0.015688706,0.353846957,0.771482142,-0.170858916,0.500414748,245432.330592791
849,245432363929000,0.065766546,0.289025791,-0.014186039,0.354857614,0.771380096,-0.169612513,0.500280391,245432.363929000
851,245432397265125,0.072322833,0.291998507,-0.013107821,0.356054691,0.770925197,-0.167753542,0.500757626,245432.397265125
853,245432430601291,0.076371815,0.294883458,-0.011533158,0.357841861,0.770523498,-0.168935783,0.499703408,245432.430601291
855,245432463937500,0.082180371,0.298691148,-0.009205181,0.361394147,0.769531024,-0.169664952,0.498427659,245432.463937500
857,245432497273625,0.087919567,0.300271565,-0.008005452,0.364528117,0.768238693,-0.170504849,0.497852098,245432.497273625
859,245432530609750,0.092914890,0.302572405,-0.006207525,0.366683978,0.767591140,-0.170937207,0.497118925,245432.530609750
861,245432563945875,0.099811478,0.305861575,-0.003808601,0.371790883,0.765965480,-0.172699743,0.495220431,245432.563945875
863,245432597282041,0.106368226,0.306423076,-0.002793653,0.376184187,0.765165598,-0.172164875,0.493321775,245432.597282041
865,245432630618208,0.111800560,0.308240117,-0.001267096,0.380077100,0.764101333,-0.172558161,0.491847828,245432.630618208
867,245432663954375,0.119388429,0.310306138,0.000794443,0.386204093,0.763248203,-0.173633212,0.488006290,245432.663954375
869,245432697290416,0.125833497,0.312702904,0.002335226,0.390724363,0.762147110,-0.174267731,0.485898205,245432.697290416
871,245432730626583,0.132020195,0.313990580,0.003759777,0.396016585,0.761001882,-0.174908869,0.483170715,245432.730626583
873,245432763962708,0.140314461,0.315326176,0.005309154,0.402731460,0.759403726,-0.173903039,0.480490518,245432.763962708
875,245432797298833,0.146509085,0.317309819,0.005837159,0.406077518,0.758967292,-0.172610144,0.478827203,245432.797298833
877,245432830635041,0.152967030,0.317853465,0.006680319,0.408693448,0.758029722,-0.170237685,0.478936103,245432.830635041
879,245432863971125,0.161682062,0.318592929,0.008164239,0.409583701,0.758311452,-0.169860596,0.477862285,245432.863971125
881,245432897307208,0.168124897,0.320416933,0.008953390,0.410016426,0.758202553,-0.169312955,0.477858342,245432.897307208
883,245432930643416,0.174706060,0.321415601,0.010210728,0.410095062,0.758161193,-0.167613628,0.478455191,245432.930643416
885,245432963979541,0.182753282,0.322741075,0.011844251,0.410652138,0.757918086,-0.166547382,0.478734810,245432.963979541
887,245432997315625,0.190522391,0.327120159,0.013615972,0.410304466,0.757741990,-0.164052808,0.480170855,245432.997315625
889,245433030651791,0.196529670,0.328208577,0.014665086,0.410040767,0.757783790,-0.161019990,0.481355287,245433.030651791
891,245433063988000,0.204409219,0.329297418,0.015677551,0.410919205,0.758424183,-0.158265026,0.480510561,245433.063988000
893,245433097324041,0.209874710,0.332328761,0.016883842,0.411551803,0.758470712,-0.158412414,0.479846697,245433.097324041
895,245433130660250,0.215955208,0.333184896,0.017277874,0.411688753,0.759432306,-0.157930278,0.478364949,245433.130660250
897,245433163996291,0.224029083,0.334463238,0.017711819,0.411832589,0.760699371,-0.156561928,0.476674734,245433.163996291
899,245433197332416,0.225608047,0.336139310,0.016865279,0.413654468,0.760418748,-0.156744680,0.475483404,245433.197332416
901,245433230668583,0.231096474,0.337007282,0.016728843,0.415358981,0.760765033,-0.156447876,0.473537324,245433.230668583
903,245433264004791,0.238214651,0.338168894,0.016732369,0.417828561,0.761145700,-0.158205784,0.470156889,245433.264004791
905,245433297340791,0.240671740,0.338580202,0.016366257,0.420429931,0.761455480,-0.158126230,0.467354654,245433.297340791
907,245433330677000,0.246065330,0.339029117,0.016089804,0.422530562,0.761101401,-0.157748786,0.466163013,245433.330677000
909,245433364013041,0.252891597,0.339434044,0.015587286,0.426218214,0.760591619,-0.159610896,0.462993346,245433.364013041
911,245433397349208,0.254359037,0.339372268,0.015260996,0.429588384,0.759783441,-0.161388317,0.460583117,245433.397349208
913,245433430685333,0.259197553,0.339949144,0.014717093,0.433581628,0.758750968,-0.163005886,0.457966237,245433.430685333
915,245433464021458,0.265565276,0.340680628,0.013693240,0.439723794,0.757340824,-0.165309939,0.453597331,245433.464021458
917,245433497357625,0.270650122,0.341630106,0.012376109,0.442936170,0.756612825,-0.165468423,0.451624663,245433.497357625
919,245433530693708,0.275789246,0.342015524,0.011304042,0.446022172,0.756244490,-0.164702122,0.449479428,245433.530693708
921,245433564029833,0.282757968,0.342732163,0.009944804,0.449626451,0.755224199,-0.163937176,0.447880698,245433.564029833
923,245433597365958,0.287598580,0.344525076,0.008719333,0.452551391,0.754538632,-0.164722674,0.445797248,245433.597365958
925,245433630702208,0.294254648,0.346144213,0.007557659,0.457422462,0.752521873,-0.163190802,0.444796962,245433.630702208
927,245433664038291,0.299285079,0.347491025,0.006975112,0.459854595,0.751479220,-0.162554847,0.444284491,245433.664038291
929,245433697374416,0.303870446,0.350295233,0.007533673,0.462381106,0.750619076,-0.164246074,0.442490673,245433.697374416
931,245433730710500,0.310740457,0.352860762,0.007640972,0.466765948,0.748788864,-0.163840530,0.441136170,245433.730710500
933,245433764046541,0.315929484,0.354835242,0.007898306,0.470005325,0.747050975,-0.163344248,0.440827114,245433.764046541
935,245433797382750,0.318207229,0.357022413,0.009504968,0.472686416,0.746384626,-0.163366600,0.439077384,245433.797382750
937,245433830718875,0.325109180,0.359705694,0.010335009,0.477815376,0.744307782,-0.163002972,0.437182429,245433.830718875
939,245433864055000,0.330396334,0.361653971,0.010800594,0.482737564,0.742127079,-0.162673768,0.435602045,245433.864055000
941,245433897391000,0.332472822,0.363079161,0.011878529,0.487464698,0.739863836,-0.161633085,0.434573898,245433.897391000
943,245433930727250,0.338692099,0.365355241,0.012614013,0.495118487,0.736893531,-0.163332133,0.430311835,245433.930727250
945,245433964063291,0.343710245,0.366950862,0.013303072,0.499381811,0.735751702,-0.164620953,0.426833967,245433.964063291
947,245433997399458,0.348343087,0.368434479,0.013522311,0.504035416,0.733975421,-0.164878331,0.424315413,245433.997399458
949,245434030735500,0.355415388,0.370619541,0.013811068,0.511504421,0.730738439,-0.165189558,0.420828972,245434.030735500
951,245434064071666,0.360398456,0.372312818,0.013958554,0.515988939,0.728799395,-0.165353440,0.418646808,245434.064071666
953,245434097407875,0.365604420,0.374365591,0.013051361,0.520762606,0.726619005,-0.166637829,0.416008434,245434.097407875
955,245434130743958,0.372383469,0.376877068,0.013315783,0.526348543,0.724492061,-0.168137436,0.412065918,245434.130743958
957,245434164080125,0.377232434,0.378500142,0.013493687,0.531079634,0.722148352,-0.170468982,0.409141246,245434.164080125
959,245434197416208,0.381863914,0.379546944,0.013060835,0.534633559,0.721250546,-0.170452488,0.406091874,245434.197416208
961,245434230752250,0.387799213,0.380620766,0.012863003,0.539999041,0.718198445,-0.168197123,0.405341597,245434.230752250
963,245434264088375,0.392108597,0.381030036,0.012917580,0.543374738,0.716629794,-0.170575586,0.402603595,245434.264088375
965,245434297424541,0.392926554,0.380102057,0.013316349,0.547794909,0.713729751,-0.173007832,0.400723001,245434.297424541
967,245434330760625,0.397959604,0.380622473,0.013536656,0.552413103,0.710026304,-0.176707691,0.399345536,245434.330760625
969,245434364096791,0.401489083,0.380969639,0.013360749,0.555943868,0.707786818,-0.180514923,0.396709782,245434.364096791
971,245434397432791,0.400355583,0.380204022,0.012624956,0.561411742,0.704037386,-0.183903029,0.394116663,245434.397432791
973,245434430768958,0.404333816,0.381237007,0.011710810,0.566719921,0.698536827,-0.190026725,0.393401486,245434.430768958
975,245434464105083,0.406769656,0.382468295,0.011089005,0.572035187,0.694471114,-0.198062522,0.388917611,245434.464105083
977,245434497441291,0.408862305,0.384165802,0.010197295,0.575817111,0.689824821,-0.204940311,0.388041097,245434.497441291
979,245434530777333,0.412649133,0.385754054,0.009682514,0.578559825,0.684737572,-0.213872785,0.388151352,245434.530777333
981,245434564113500,0.415222872,0.386986860,0.009225024,0.580965402,0.680474709,-0.219784906,0.388751875,245434.564113500
983,245434597449541,0.418395068,0.388932319,0.009543729,0.582479024,0.677651584,-0.225918105,0.387901508,245434.597449541
985,245434630785625,0.421810803,0.390151372,0.008746951,0.584548155,0.673293261,-0.234891036,0.387047663,245434.630785625
987,245434664121750,0.424435123,0.390908473,0.007904807,0.587010006,0.668562631,-0.241472331,0.387471840,245434.664121750
989,245434697457875,0.427311145,0.391379665,0.007508897,0.589520592,0.666518916,-0.247092512,0.383618756,245434.697457875
991,245434730794083,0.430598882,0.391250349,0.005471660,0.591370282,0.663949470,-0.252649516,0.381602628,245434.730794083
993,245434764130083,0.433802612,0.390273060,0.003765598,0.592651387,0.662788420,-0.258666082,0.377581455,245434.764130083
995,245434797466291,0.436438787,0.388116730,0.001438372,0.594087996,0.659718599,-0.268355375,0.373920137,245434.797466291
997,245434830802458,0.439342080,0.388004557,0.000371077,0.596569056,0.656797654,-0.280648139,0.366003933,245434.830802458
999,245434864138500,0.442438948,0.387718927,-0.000705740,0.597039632,0.653864995,-0.290648620,0.362667451,245434.864138500
1001,245434897474583,0.443766910,0.383769781,-0.003026722,0.597280788,0.651263933,-0.303839820,0.356079158,245434.897474583
1003,245434930810791,0.447293557,0.383465778,-0.003788107,0.599551328,0.648126153,-0.310958149,0.351817819,245434.930810791
1005,245434964146916,0.450931370,0.382982690,-0.004650648,0.601703738,0.645966721,-0.317624609,0.346113086,245434.964146916
1007,245434997483000,0.452615042,0.381094678,-0.005369240,0.609155601,0.639039151,-0.332744065,0.331420968,245434.997483000
1009,245435030819000,0.455932298,0.380729478,-0.005778158,0.616325713,0.632868817,-0.342492235,0.319873095,245435.030819000
1011,245435064155208,0.459162229,0.380153270,-0.005969854,0.619999193,0.629129506,-0.349806359,0.312142002,245435.064155208
1013,245435097491333,0.461257936,0.378663410,-0.005063207,0.629996317,0.618897662,-0.364012597,0.295914188,245435.097491333
1015,245435130827500,0.464722470,0.377913444,-0.004533642,0.636116898,0.611948717,-0.372286062,0.286840029,245435.130827500
1017,245435164163666,0.467758111,0.377103291,-0.003920919,0.639545556,0.607675956,-0.380040834,0.277993583,245435.164163666
1019,245435197499833,0.469477062,0.375641347,-0.003228339,0.642994850,0.601381116,-0.390338925,0.269321284,245435.197499833
1021,245435230835833,0.473715907,0.374010006,-0.002153083,0.647299148,0.596708836,-0.397468744,0.258768292,245435.230835833
1023,245435264171958,0.476936243,0.372471462,-0.001606804,0.650167652,0.593429091,-0.400841364,0.253870426,245435.264171958
1025,245435297508083,0.476107441,0.369435799,-0.000776938,0.655318763,0.590851090,-0.403993040,0.241333764,245435.297508083
1027,245435330844291,0.479223870,0.366918693,-0.000782321,0.658806087,0.590804951,-0.401049002,0.236820187,245435.330844291
1029,245435364180333,0.482304034,0.363824922,-0.001217636,0.661679385,0.592197874,-0.396463262,0.233021468,245435.364180333
1031,245435397516500,0.486284942,0.360112990,-0.000994374,0.662264166,0.595794203,-0.393849762,0.226534457,245435.397516500
1033,245435430852625,0.489658498,0.357070071,-0.000504458,0.664913999,0.595847457,-0.392154916,0.221516944,245435.430852625
1035,245435464188791,0.492743929,0.354226988,0.000271324,0.668030877,0.594795676,-0.390818040,0.217288204,245435.464188791
1037,245435497524833,0.494070925,0.350569379,0.000505125,0.670419050,0.594186308,-0.390839597,0.211483785,245435.497524833
1039,245435530860958,0.496184478,0.347632783,0.001763929,0.672050156,0.592851604,-0.392117795,0.207651755,245435.530860958
1041,245435564197125,0.498959714,0.343992637,0.003433557,0.672765052,0.593023326,-0.392425249,0.204237598,245435.564197125
1043,245435597533291,0.499901337,0.340388565,0.006589576,0.672137270,0.594568441,-0.390004645,0.206437131,245435.597533291
1045,245435630869250,0.502002879,0.335950575,0.008554479,0.671743486,0.595772838,-0.390702912,0.202895794,245435.630869250
1047,245435664205416,0.503891957,0.331259781,0.010655958,0.671252153,0.596575413,-0.390797706,0.201979033,245435.664205416
1049,245435697541541,0.509542766,0.326247368,0.015076801,0.669925717,0.598144504,-0.391071335,0.201211208,245435.697541541
1051,245435730877666,0.510652560,0.321370832,0.017736526,0.668684495,0.599145019,-0.391889872,0.200770201,245435.730877666
1053,245435764213708,0.511652624,0.316465602,0.020546670,0.668482692,0.598783883,-0.393298300,0.199762993,245435.764213708
1055,245435797549833,0.515740233,0.311561479,0.024045770,0.668874782,0.598890754,-0.393041745,0.198631897,245435.797549833
1057,245435830886000,0.515684625,0.306329398,0.026288558,0.667696058,0.600986743,-0.391203833,0.199891279,245435.830886000
1059,245435864222041,0.515505428,0.299416659,0.029357435,0.668066814,0.601146876,-0.390583741,0.199382946,245435.864222041
