point_index,track_length
0,4
1,5
2,12
3,13
4,6
5,8
6,6
7,6
8,11
9,4
10,4
11,8
12,3
13,4
14,5
15,3
16,3
17,8
18,16
19,6
20,4
21,15
22,3
23,4
24,5
25,4
26,3
27,8
28,5
29,8
30,3
31,6
32,6
33,5
34,5
35,5
36,8
37,5
38,5
39,4
40,11
41,8
42,7
43,7
44,8
45,5
46,6
47,7
48,10
49,5
50,4
51,5
52,6
53,11
54,5
55,7
56,10
57,5
58,8
59,7
60,7
61,5
62,5
63,4
64,7
65,3
66,5
67,3
68,3
69,3
70,3
71,3
72,3
73,3
74,3
75,3
76,3
77,3
78,3
79,3
80,3
81,3
82,3
83,3
84,3
85,3
86,3
87,3
88,3
89,3
90,3
91,3
92,3
93,3
94,3
95,3
96,3
97,3
98,3
99,3
100,4
101,3
102,3
103,3
104,3
105,3
106,3
107,3
108,4
109,3
110,3
111,3
112,3
113,4
114,3
115,3
116,3
117,3
118,9
119,5
120,10
121,6
122,9
123,8
124,6
125,5
126,10
127,4
128,7
129,7
130,6
131,9
132,7
133,8
134,9
135,6
136,15
137,6
138,5
139,6
140,11
141,4
142,10
143,3
144,3
145,3
146,4
147,3
148,3
149,3
150,3
151,3
152,3
153,3
154,3
155,3
156,3
157,3
158,3
159,3
160,3
161,3
162,3
163,3
164,4
165,3
166,3
167,3
168,3
169,3
170,3
171,3
172,3
173,3
174,3
175,3
176,3
177,3
178,3
179,3
180,3
181,4
182,3
183,3
184,3
185,3
186,3
187,3
188,3
189,4
190,4
191,3
192,4
193,5
194,3
195,3
196,3
197,3
198,3
199,4
200,3
201,4
202,3
203,3
204,3
205,3
206,3
207,3
208,3
209,4
210,3
211,3
212,3
213,3
214,3
215,3
216,4
217,4
218,4
219,3
220,3
221,3
222,3
223,3
224,3
225,3
226,3
227,3
228,3
229,3
230,3
231,3
232,3
233,3
234,3
235,3
236,3
237,3
238,3
239,3
240,3
241,3
242,3
243,4
244,3
245,3
246,4
247,3
248,3
249,4
250,4
251,3
252,3
253,3
254,3
255,3
256,3
257,3
258,3
259,3
260,3
261,3
262,3
263,4
264,3
265,3
266,3
267,3
268,3
269,3
270,3
271,3
272,3
273,3
274,3
275,3
276,3
277,3
278,3
279,3
280,3
281,3
282,3
283,3
284,3
285,3
286,3
287,4
288,4
289,4
290,3
291,3
292,5
293,3
294,3
295,3
296,3
297,3
298,3
299,3
300,3
301,3
302,3
303,4
304,3
305,4
306,3
307,3
308,3
309,3
310,3
311,3
312,4
313,3
314,3
315,3
316,3
317,4
318,4
319,3
320,3
321,3
322,3
323,3
324,3
325,3
326,3
327,3
328,3
329,4
330,3
331,3
332,3
333,3
334,3
335,3
336,4
337,3
338,4
339,4
340,3
341,3
342,3
343,3
344,3
345,3
346,3
347,3
348,3
349,4
350,4
351,4
352,3
353,4
354,4
355,3
356,4
357,3
358,3
359,3
360,3
361,4
362,10
363,6
364,8
365,7
366,9
367,8
368,6
369,7
370,3
371,14
372,5
373,12
374,9
375,10
376,7
377,6
378,3
379,3
380,4
381,3
382,4
383,3
384,4
385,6
386,3
387,3
388,5
389,4
390,3
391,4
392,4
393,4
394,4
395,4
396,3
397,3
398,4
399,3
400,3
401,4
402,3
403,4
404,4
405,3
406,4
407,3
408,3
409,3
410,4
411,4
412,3
413,4
414,4
415,3
416,4
417,5
418,4
419,3
420,3
421,3
422,4
423,3
424,4
425,5
426,5
427,4
428,4
429,4
430,4
431,6
432,5
433,3
434,5
435,3
436,3
437,4
438,3
439,4
440,4
441,3
442,4
443,3
444,4
445,4
446,5
447,3
448,3
449,4
450,3
451,4
452,3
453,4
454,4
455,3
456,4
457,5
458,4
459,4
460,5
461,4
462,4
463,3
464,3
465,3
466,4
467,3
468,5
469,4
470,4
471,3
472,3
473,4
474,3
475,4
476,3
477,4
478,4
479,3
480,4
481,4
482,4
483,5
484,4
485,3
486,3
487,3
488,4
489,4
490,5
491,3
492,3
493,3
494,3
495,3
496,3
497,4
498,4
499,3
500,4
501,3
502,3
503,3
504,3
505,4
506,4
507,3
508,5
509,3
510,4
511,4
512,4
513,4
514,4
515,3
516,3
517,3
518,4
519,3
520,4
521,3
522,3
523,4
524,4
525,3
526,4
527,4
528,3
529,3
530,4
531,4
532,3
533,4
534,3
535,3
536,3
537,4
538,3
539,3
540,3
541,5
542,3
543,4
544,4
545,3
546,4
547,4
548,5
549,3
550,5
551,4
552,3
553,3
554,4
555,5
556,3
557,3
558,3
559,3
560,3
561,3
562,3
563,4
564,4
565,3
566,13
567,7
568,6
569,12
570,5
571,7
572,6
573,5
574,9
575,6
576,5
577,13
578,11
579,5
580,11
581,11
582,6
583,7
584,9
585,8
586,3
587,3
588,4
589,3
590,3
591,3
592,3
593,4
594,3
595,3
596,3
597,3
598,3
599,3
600,3
601,4
602,3
603,3
604,3
605,3
606,3
607,3
608,3
609,5
610,3
611,3
612,3
613,5
614,4
615,4
616,3
617,3
618,3
619,3
620,3
621,3
622,3
623,4
624,5
625,5
626,4
627,5
628,5
629,3
630,4
631,4
632,7
633,5
634,3
635,4
636,4
637,3
638,3
639,3
640,3
641,3
642,3
643,5
644,5
645,5
646,4
647,4
648,4
649,3
650,3
651,5
652,3
653,6
654,3
655,4
656,5
657,5
658,3
659,3
660,6
661,4
662,4
663,5
664,4
665,3
666,5
667,4
668,5
669,4
670,5
671,3
672,3
673,3
674,5
675,5
676,3
677,3
678,5
679,3
680,3
681,5
682,4
683,3
684,5
685,7
686,4
687,6
688,3
689,5
690,3
691,4
692,3
693,3
694,3
695,3
696,3
697,5
698,3
699,5
700,5
701,4
702,4
703,4
704,3
705,3
706,3
707,3
708,5
709,4
710,7
711,4
712,7
713,5
714,3
715,5
716,5
717,5
718,3
719,6
720,3
721,3
722,3
723,3
724,3
725,3
726,5
727,6
728,9
729,6
730,6
731,4
732,3
733,3
734,9
735,6
736,9
737,3
738,5
739,7
740,7
741,8
742,8
743,9
744,7
745,6
746,12
747,9
748,10
749,9
750,11
751,16
752,8
753,13
754,12
755,16
756,4
757,5
758,5
759,5
760,4
761,5
762,3
763,4
764,4
765,3
766,3
767,3
768,3
769,3
770,5
771,7
772,3
773,5
774,7
775,3
776,3
777,3
778,4
779,3
780,3
781,3
782,3
783,3
784,3
785,3
786,5
787,6
788,3
789,3
790,3
791,3
792,3
793,5
794,3
795,3
796,5
797,3
798,5
799,3
800,7
801,3
802,3
803,7
804,3
805,3
806,4
807,4
808,5
809,3
810,3
811,3
812,3
813,3
814,3
815,3
816,3
817,5
818,5
819,5
820,7
821,3
822,7
823,3
824,3
825,3
826,4
827,4
828,5
829,4
830,5
831,4
832,5
833,6
834,6
835,5
836,3
837,4
838,5
839,6
840,6
841,6
842,5
843,5
844,4
845,3
846,4
847,4
848,6
849,5
850,4
851,4
852,5
853,3
854,3
855,3
856,4
857,4
858,5
859,6
860,5
861,3
862,4
863,5
864,3
865,3
866,4
867,4
868,4
869,3
870,4
871,5
872,3
873,3
874,3
875,5
876,4
877,3
878,4
879,3
880,3
881,6
882,3
883,6
884,3
885,3
886,6
887,6
888,5
889,5
890,3
891,5
892,5
893,5
894,6
895,3
896,3
897,3
898,6
899,3
900,6
901,3
902,5
903,4
904,6
905,4
906,3
907,3
908,4
909,3
910,5
911,3
912,3
913,6
914,3
915,3
916,3
917,3
918,3
919,3
920,3
921,3
922,3
923,6
924,6
925,4
926,3
927,3
928,3
929,3
930,3
931,6
932,3
933,3
934,4
935,3
936,4
937,3
938,7
939,3
940,3
941,3
942,3
943,7
944,6
945,4
946,7
947,11
948,3
949,3
950,5
951,3
952,3
953,3
954,3
955,3
956,3
957,3
958,3
959,10
960,5
961,10
962,3
963,6
964,3
965,3
966,4
967,3
968,5
969,3
970,3
971,3
972,3
973,3
974,3
975,3
976,3
977,3
978,3
979,5
980,3
981,3
982,3
983,3
984,9
985,6
986,4
987,9
988,15
989,6
990,12
991,4
992,7
993,6
994,4
995,9
996,4
997,5
998,8
999,9
1000,3
1001,3
1002,3
1003,3
1004,3
1005,3
1006,4
1007,4
1008,4
1009,3
1010,3
1011,4
1012,3
1013,5
1014,3
1015,3
1016,4
1017,4
1018,3
1019,3
1020,4
1021,3
1022,3
1023,3
1024,3
1025,4
1026,3
1027,3
1028,3
1029,3
1030,3
1031,3
1032,3
1033,3
1034,3
1035,3
1036,3
1037,3
1038,3
1039,6
1040,4
1041,3
1042,3
1043,4
1044,3
1045,3
1046,3
1047,4
1048,4
1049,3
1050,4
1051,3
1052,3
1053,3
1054,3
1055,3
1056,3
1057,5
1058,3
1059,4
1060,6
1061,7
1062,4
1063,3
1064,4
1065,4
1066,3
1067,3
1068,3
1069,3
1070,3
1071,3
1072,3
1073,3
1074,3
1075,3
1076,4
1077,4
1078,3
1079,4
1080,4
1081,4
1082,3
1083,4
1084,4
1085,4
1086,3
1087,4
1088,3
1089,4
1090,4
1091,3
1092,4
1093,4
1094,3
1095,3
1096,3
1097,3
1098,3
1099,3
1100,3
1101,3
1102,3
1103,3
1104,3
1105,3
1106,3
1107,4
1108,3
1109,4
1110,4
1111,3
1112,3
1113,4
1114,3
1115,4
1116,3
1117,3
1118,5
1119,3
1120,3
1121,4
1122,4
1123,4
1124,3
1125,3
1126,4
1127,5
1128,4
1129,3
1130,5
1131,4
1132,5
1133,4
1134,4
1135,3
1136,3
1137,4
1138,4
1139,3
1140,3
1141,3
1142,3
1143,3
1144,3
1145,3
1146,3
1147,4
1148,3
1149,3
1150,3
1151,3
1152,5
1153,3
1154,4
1155,4
1156,3
1157,4
1158,4
1159,5
1160,5
1161,3
1162,3
1163,4
1164,3
1165,4
1166,3
1167,4
1168,3
1169,3
1170,3
1171,4
1172,4
1173,4
1174,4
1175,3
1176,3
1177,4
1178,3
1179,3
1180,4
1181,3
1182,4
1183,4
1184,3
1185,3
1186,3
1187,3
1188,3
1189,3
1190,3
1191,3
1192,3
1193,3
1194,3
1195,4
1196,4
1197,3
1198,4
1199,3
1200,4
1201,3
1202,4
1203,3
1204,4
1205,3
1206,3
1207,3
1208,4
1209,3
1210,4
1211,5
1212,4
1213,3
1214,3
1215,5
1216,4
1217,7
1218,4
1219,3
1220,3
1221,9
1222,3
1223,8
1224,4
1225,4
1226,3
1227,6
1228,6
1229,6
1230,3
1231,3
1232,5
1233,4
1234,4
1235,3
1236,3
1237,3
1238,3
1239,3
1240,3
1241,3
1242,5
1243,3
1244,3
1245,3
1246,3
1247,3
1248,3
1249,3
1250,3
1251,3
1252,5
1253,4
1254,4
1255,3
1256,3
1257,4
1258,3
1259,3
1260,3
1261,3
1262,3
1263,3
1264,3
1265,3
1266,3
1267,3
1268,3
1269,3
1270,3
1271,3
1272,4
1273,3
1274,3
1275,3
1276,4
1277,4
1278,4
1279,3
1280,4
1281,5
1282,3
1283,6
1284,3
1285,3
1286,3
1287,3
1288,3
1289,3
1290,6
1291,5
1292,4
1293,3
1294,3
1295,3
1296,3
1297,4
1298,3
1299,3
1300,3
1301,4
1302,3
1303,4
1304,3
1305,4
1306,3
1307,4
1308,3
1309,3
1310,3
1311,8
1312,3
1313,4
1314,3
1315,3
1316,3
1317,3
1318,3
1319,3
1320,4
1321,3
1322,3
1323,3
1324,4
1325,3
1326,3
1327,3
1328,4
1329,3
1330,4
1331,5
1332,4
1333,3
1334,5
1335,4
1336,4
1337,4
1338,3
1339,3
1340,3
1341,5
1342,4
1343,3
1344,3
1345,4
1346,3
1347,6
1348,3
1349,3
1350,5
1351,4
1352,3
1353,4
1354,3
1355,3
1356,4
1357,4
1358,3
1359,4
1360,3
1361,3
1362,3
1363,4
1364,3
1365,3
1366,3
1367,3
1368,4
1369,3
1370,3
1371,4
1372,3
1373,4
1374,3
1375,3
1376,3
1377,3
1378,3
1379,3
1380,3
1381,4
1382,3
1383,6
1384,3
1385,3
1386,3
1387,5
1388,4
1389,4
1390,3
1391,3
1392,3
1393,4
1394,3
1395,3
1396,4
1397,3
1398,3
1399,3
1400,3
1401,7
1402,6
1403,3
1404,3
1405,3
1406,4
1407,3
1408,6
1409,5
1410,13
1411,3
1412,3
1413,4
1414,16
1415,16
1416,6
1417,6
1418,10
1419,10
1420,4
1421,4
1422,7
1423,5
1424,3
1425,3
1426,3
1427,3
1428,3
1429,3
1430,3
1431,5
1432,3
1433,3
1434,3
1435,3
1436,3
1437,3
1438,3
1439,4
1440,3
1441,3
1442,3
1443,3
1444,3
1445,4
1446,6
1447,3
1448,3
1449,3
1450,3
1451,4
1452,3
1453,3
1454,3
1455,4
1456,3
1457,3
1458,3
1459,3
1460,4
1461,3
1462,3
1463,3
1464,7
1465,4
1466,3
1467,3
1468,3
1469,3
1470,4
1471,3
1472,3
1473,3
1474,3
1475,3
1476,4
1477,3
1478,4
1479,4
1480,3
1481,4
1482,4
1483,4
1484,3
1485,3
1486,3
1487,3
1488,3
1489,3
1490,3
1491,4
1492,3
1493,5
1494,3
1495,3
1496,3
1497,5
1498,3
1499,3
1500,4
1501,4
1502,4
1503,4
1504,3
1505,3
1506,3
1507,5
1508,4
1509,3
1510,3
1511,3
1512,5
1513,3
1514,3
1515,3
1516,3
1517,5
1518,5
1519,5
1520,6
1521,5
1522,5
1523,3
1524,7
1525,4
1526,9
1527,3
1528,4
1529,3
1530,4
1531,3
1532,3
1533,4
1534,3
1535,3
1536,4
1537,3
1538,5
1539,3
1540,4
1541,3
1542,3
1543,5
1544,3
1545,4
1546,4
1547,3
1548,5
1549,3
1550,4
1551,3
1552,3
1553,3
1554,3
1555,3
1556,3
1557,3
1558,3
1559,3
1560,3
1561,3
1562,4
1563,3
1564,3
1565,3
1566,3
1567,3
1568,3
1569,3
1570,4
1571,4
1572,3
1573,3
1574,3
1575,4
1576,4
1577,3
1578,3
1579,3
1580,4
1581,3
1582,3
1583,3
1584,4
1585,3
1586,3
1587,4
1588,4
1589,3
1590,3
1591,4
1592,3
1593,3
1594,3
1595,3
1596,3
1597,4
1598,4
1599,3
1600,3
1601,3
1602,3
1603,4
1604,4
1605,3
1606,3
1607,3
1608,3
1609,10
1610,4
1611,5
1612,6
1613,12
1614,4
1615,4
1616,5
1617,5
1618,8
1619,9
1620,10
1621,5
1622,5
1623,3
1624,5
1625,10
1626,4
1627,3
1628,5
1629,8
1630,4
1631,3
1632,3
1633,4
1634,4
1635,3
1636,4
1637,3
1638,3
1639,3
1640,3
1641,3
1642,3
1643,3
1644,6
1645,4
1646,3
1647,6
1648,3
1649,3
1650,3
1651,5
1652,3
1653,3
1654,3
1655,3
1656,3
1657,3
1658,3
1659,3
1660,3
1661,3
1662,3
1663,3
1664,5
1665,4
1666,3
1667,3
1668,4
1669,4
1670,5
1671,3
1672,3
1673,3
1674,3
1675,5
1676,3
1677,3
1678,4
1679,3
1680,3
1681,3
1682,3
1683,3
1684,3
1685,4
1686,3
1687,3
1688,3
1689,4
1690,4
1691,3
1692,6
1693,3
1694,4
1695,3
1696,4
1697,3
1698,3
1699,3
1700,5
1701,4
1702,4
1703,3
1704,4
1705,3
1706,3
1707,3
1708,3
1709,3
1710,3
1711,3
1712,3
1713,3
1714,3
1715,3
1716,3
1717,3
1718,3
1719,3
1720,3
1721,3
1722,4
1723,4
1724,4
1725,3
1726,3
1727,3
1728,3
1729,3
1730,3
1731,4
1732,3
1733,3
1734,3
1735,3
1736,4
1737,3
1738,3
1739,3
1740,3
1741,3
1742,4
1743,3
1744,3
1745,4
1746,4
1747,3
1748,3
1749,3
1750,3
1751,3
1752,8
1753,3
1754,5
1755,3
1756,3
1757,3
1758,3
1759,4
1760,4
1761,4
1762,3
1763,3
1764,3
1765,3
1766,3
1767,3
1768,5
1769,5
1770,3
1771,3
1772,3
1773,3
1774,3
1775,3
1776,3
1777,3
1778,3
1779,3
1780,4
1781,3
1782,3
1783,3
1784,4
1785,5
1786,3
1787,3
1788,5
1789,6
1790,4
1791,3
1792,5
1793,3
1794,4
1795,4
1796,3
1797,3
1798,3
1799,3
1800,3
1801,3
1802,3
1803,3
1804,3
1805,3
1806,5
1807,3
1808,3
1809,4
1810,3
1811,3
1812,3
1813,3
1814,6
1815,3
1816,6
1817,4
1818,6
1819,4
1820,4
1821,3
1822,3
1823,3
1824,3
1825,3
1826,3
1827,4
1828,3
1829,4
1830,4
1831,3
1832,3
1833,4
1834,3
1835,3
1836,3
1837,3
1838,3
1839,6
1840,5
1841,6
1842,5
1843,7
1844,4
1845,6
1846,6
1847,5
1848,5
1849,9
1850,5
1851,6
1852,4
1853,12
1854,11
1855,9
1856,8
1857,3
1858,5
1859,4
1860,5
1861,3
1862,3
1863,3
1864,7
1865,4
1866,3
1867,3
1868,3
1869,3
1870,3
1871,3
1872,4
1873,4
1874,3
1875,3
1876,3
1877,5
1878,3
1879,5
1880,4
1881,4
1882,7
1883,5
1884,3
1885,6
1886,3
1887,3
1888,4
1889,6
1890,4
1891,3
1892,4
1893,3
1894,3
1895,5
1896,4
1897,3
1898,3
1899,3
1900,6
1901,3
1902,3
1903,4
1904,3
1905,3
1906,4
1907,4
1908,3
1909,3
1910,4
1911,4
1912,5
1913,5
1914,8
1915,5
1916,3
1917,3
1918,3
1919,3
1920,4
1921,3
1922,4
1923,3
1924,3
1925,3
1926,3
1927,3
1928,3
1929,3
1930,3
1931,3
1932,3
1933,3
1934,3
1935,3
1936,3
1937,3
1938,3
1939,3
1940,3
1941,3
1942,4
1943,5
1944,9
1945,3
1946,3
1947,3
1948,4
1949,5
1950,6
1951,5
1952,3
1953,3
1954,7
1955,4
1956,6
1957,3
1958,5
1959,3
1960,3
1961,3
1962,3
1963,6
1964,6
1965,3
1966,5
1967,5
1968,5
1969,5
1970,5
1971,4
1972,3
1973,4
1974,3
1975,7
1976,3
1977,5
1978,5
1979,7
1980,4
1981,3
1982,6
1983,6
1984,4
1985,3
1986,3
1987,5
1988,4
1989,5
1990,4
1991,5
1992,4
1993,5
1994,5
1995,3
1996,4
1997,3
1998,3
1999,5
2000,3
2001,3
2002,3
2003,3
2004,3
2005,5
2006,3
2007,4
2008,5
2009,6
2010,3
2011,3
2012,3
2013,3
2014,3
2015,3
2016,3
2017,4
2018,4
2019,3
2020,3
2021,4
2022,3
2023,7
2024,3
2025,3
2026,3
2027,8
2028,13
2029,9
2030,6
2031,6
2032,3
2033,3
2034,5
2035,3
2036,3
2037,3
2038,5
2039,6
2040,3
2041,3
2042,7
2043,7
2044,5
2045,5
2046,5
2047,4
2048,4
2049,3
2050,3
2051,7
2052,3
2053,4
2054,3
2055,3
2056,5
2057,5
2058,4
2059,6
2060,3
2061,3
2062,6
2063,5
2064,6
2065,5
2066,5
2067,5
2068,5
2069,3
2070,7
2071,6
2072,3
2073,3
2074,3
2075,4
2076,3
2077,3
2078,3
2079,3
2080,7
2081,5
2082,3
2083,3
2084,4
2085,3
2086,3
2087,6
2088,3
2089,4
2090,5
2091,7
2092,8
2093,6
2094,3
2095,3
2096,3
2097,7
2098,3
2099,4
2100,3
2101,4
2102,5
2103,3
2104,3
2105,3
2106,3
2107,4
2108,3
2109,7
2110,6
2111,6
2112,11
2113,8
2114,8
2115,3
2116,7
2117,3
2118,4
2119,3
2120,3
2121,3
2122,3
2123,3
2124,7
2125,3
2126,5
2127,5
2128,4
2129,7
2130,3
2131,3
2132,3
2133,3
2134,6
2135,3
2136,4
2137,4
2138,3
2139,3
2140,4
2141,3
2142,4
2143,5
2144,4
2145,3
2146,4
2147,3
2148,3
2149,6
2150,6
2151,3
2152,3
2153,3
2154,6
2155,8
2156,5
2157,5
2158,5
2159,6
2160,4
2161,6
2162,3
2163,4
2164,3
2165,3
2166,9
2167,3
2168,3
2169,3
2170,3
2171,9
2172,5
2173,5
2174,3
2175,3
2176,3
2177,3
2178,5
2179,3
2180,3
2181,4
2182,3
2183,6
2184,4
2185,5
2186,4
2187,4
2188,4
2189,6
2190,4
2191,8
2192,9
2193,8
2194,5
2195,3
2196,3
2197,3
2198,4
2199,4
2200,4
2201,7
2202,3
2203,5
2204,4
2205,3
2206,3
2207,4
2208,4
2209,7
2210,3
2211,4
2212,7
2213,5
2214,9
2215,3
2216,3
2217,4
2218,4
2219,5
2220,6
2221,8
2222,4
2223,6
2224,5
2225,3
2226,3
2227,3
2228,5
2229,3
2230,6
2231,3
2232,4
2233,5
2234,3
2235,4
2236,3
2237,3
2238,4
2239,3
2240,4
2241,8
2242,3
2243,3
2244,3
2245,6
2246,4
2247,3
2248,6
2249,5
2250,3
2251,3
2252,3
2253,3
2254,3
2255,4
2256,3
2257,3
2258,4
2259,5
2260,6
2261,3
2262,3
2263,3
2264,3
2265,3
2266,4
2267,3
2268,4
2269,7
2270,3
2271,3
2272,3
2273,3
2274,5
2275,3
2276,4
2277,3
2278,4
2279,3
2280,6
2281,5
2282,3
2283,3
2284,6
2285,5
2286,3
2287,4
2288,3
2289,3
2290,3
2291,3
2292,3
2293,3
2294,3
2295,4
2296,3
2297,3
2298,3
2299,7
2300,5
2301,7
2302,6
2303,3
2304,6
2305,3
2306,3
2307,3
2308,3
2309,3
2310,6
2311,4
2312,4
2313,7
2314,4
2315,4
2316,3
2317,4
2318,3
2319,4
2320,3
2321,4
2322,4
2323,5
2324,5
2325,10
2326,9
2327,3
2328,3
2329,4
2330,6
2331,5
2332,8
2333,6
2334,6
2335,5
2336,4
2337,3
2338,6
2339,5
2340,6
2341,7
2342,3
2343,4
2344,7
2345,8
2346,3
2347,4
2348,3
2349,3
2350,3
2351,3
2352,5
2353,4
2354,5
2355,4
2356,4
2357,6
2358,5
2359,8
2360,15
2361,3
2362,5
2363,8
2364,6
2365,6
2366,4
2367,3
2368,4
2369,4
2370,5
2371,6
2372,3
2373,3
2374,3
2375,3
2376,4
2377,3
2378,3
2379,4
2380,3
2381,3
2382,3
2383,3
2384,3
2385,4
2386,3
2387,3
2388,4
2389,3
2390,3
2391,4
2392,4
2393,4
2394,5
2395,7
2396,4
2397,3
2398,4
2399,3
2400,4
2401,4
2402,4
2403,3
2404,3
2405,3
2406,3
2407,3
2408,9
2409,5
2410,3
2411,4
2412,3
2413,3
2414,4
2415,4
2416,3
2417,4
2418,4
2419,4
2420,3
2421,3
2422,3
2423,3
2424,3
2425,3
2426,3
2427,3
2428,3
2429,6
2430,3
2431,3
2432,3
2433,3
2434,5
2435,4
2436,3
2437,3
2438,3
2439,3
2440,3
2441,3
2442,4
2443,3
2444,3
2445,3
2446,3
2447,4
2448,3
2449,3
2450,3
2451,3
2452,3
2453,3
2454,3
2455,3
2456,6
2457,4
2458,5
2459,4
2460,5
2461,4
2462,3
2463,4
2464,3
2465,5
2466,6
2467,4
2468,4
2469,5
2470,5
2471,5
2472,5
2473,3
2474,7
2475,6
2476,4
2477,5
2478,3
2479,5
2480,4
2481,3
2482,4
2483,4
2484,3
2485,3
2486,3
2487,3
2488,4
2489,5
2490,3
2491,4
2492,4
2493,4
2494,4
2495,3
2496,4
2497,7
2498,5
2499,3
2500,3
2501,4
2502,5
2503,3
2504,3
2505,6
2506,4
2507,3
2508,3
2509,3
2510,6
2511,3
2512,3
2513,3
2514,3
2515,3
2516,4
2517,5
2518,4
2519,4
2520,7
2521,4
2522,3
2523,4
2524,5
2525,6
2526,6
2527,4
2528,6
2529,6
2530,5
2531,3
2532,4
2533,4
2534,4
2535,4
2536,5
2537,5
2538,4
2539,5
2540,3
2541,4
2542,5
2543,4
2544,3
2545,7
2546,3
2547,3
2548,3
2549,4
2550,3
2551,3
2552,3
2553,3
2554,4
2555,3
2556,3
2557,5
2558,4
2559,6
2560,3
2561,8
2562,4
2563,5
2564,3
2565,5
2566,6
2567,4
2568,7
2569,8
2570,7
2571,5
2572,12
2573,4
2574,6
2575,5
2576,6
2577,4
2578,5
2579,3
2580,4
2581,4
2582,3
2583,6
2584,3
2585,3
2586,7
2587,5
2588,6
2589,6
2590,4
2591,5
2592,3
2593,3
2594,3
2595,4
2596,3
2597,3
2598,3
2599,3
2600,4
2601,4
2602,4
2603,4
2604,4
2605,5
2606,5
2607,5
2608,3
2609,6
2610,3
2611,3
2612,4
2613,3
2614,3
2615,3
2616,8
2617,4
2618,5
2619,4
2620,5
2621,6
2622,4
2623,4
2624,3
2625,6
2626,4
2627,5
2628,4
2629,7
2630,8
2631,5
2632,4
2633,5
2634,3
2635,5
2636,5
2637,5
2638,3
2639,3
2640,4
2641,6
2642,3
2643,3
2644,9
2645,3
2646,4
2647,5
2648,3
2649,4
2650,4
2651,8
2652,4
2653,3
2654,6
2655,3
2656,3
2657,7
2658,5
2659,7
2660,7
2661,7
2662,4
2663,12
2664,5
2665,4
2666,3
2667,4
2668,3
2669,4
2670,3
2671,5
2672,3
2673,4
2674,7
2675,4
2676,6
2677,5
2678,4
2679,6
2680,5
2681,4
2682,5
2683,5
2684,3
2685,5
2686,4
2687,5
2688,4
2689,3
2690,4
2691,4
2692,4
2693,5
2694,4
2695,4
2696,3
2697,5
2698,4
2699,3
2700,5
2701,3
2702,5
2703,3
2704,3
2705,8
2706,5
2707,3
2708,11
2709,6
2710,4
2711,7
2712,5
2713,7
2714,8
2715,3
2716,3
2717,3
2718,3
2719,5
2720,5
2721,4
2722,8
2723,3
2724,6
2725,3
2726,7
2727,5
2728,3
2729,3
2730,6
2731,4
2732,4
2733,5
2734,3
2735,3
2736,6
2737,4
2738,5
2739,3
2740,11
2741,3
2742,5
2743,8
2744,3
2745,5
2746,3
2747,10
2748,5
2749,9
2750,3
2751,5
2752,4
2753,3
2754,4
2755,4
2756,5
2757,4
2758,5
2759,5
2760,5
2761,6
2762,4
2763,4
2764,4
2765,3
2766,3
2767,5
2768,5
2769,5
2770,4
2771,4
2772,4
2773,4
2774,5
2775,6
2776,5
2777,3
2778,5
2779,7
2780,6
2781,6
2782,6
2783,4
2784,5
2785,5
2786,4
2787,5
2788,4
2789,5
2790,4
2791,5
2792,6
2793,4
2794,7
2795,3
2796,7
2797,6
2798,3
2799,6
2800,3
2801,3
2802,4
2803,9
2804,6
2805,3
2806,5
2807,4
2808,6
2809,4
2810,5
2811,5
2812,8
2813,5
2814,4
2815,4
2816,3
2817,4
2818,3
2819,4
2820,4
2821,3
2822,3
2823,4
2824,4
2825,5
2826,3
2827,4
2828,3
2829,6
2830,5
2831,4
2832,3
2833,5
2834,3
2835,3
2836,10
2837,7
2838,7
2839,4
2840,3
2841,4
2842,3
2843,4
2844,4
2845,4
2846,3
2847,8
2848,7
2849,8
2850,4
2851,4
2852,5
2853,4
2854,5
2855,4
2856,5
2857,7
2858,7
2859,7
2860,3
2861,6
2862,6
2863,3
2864,3
2865,4
2866,7
2867,6
2868,5
2869,4
2870,3
2871,6
2872,4
2873,9
2874,9
2875,5
2876,6
2877,3
2878,4
2879,3
2880,5
2881,9
2882,4
2883,4
2884,3
2885,4
2886,7
2887,3
2888,4
2889,3
2890,3
2891,4
2892,3
2893,5
2894,3
2895,5
2896,3
2897,3
2898,4
2899,4
2900,10
2901,6
2902,3
2903,3
2904,5
2905,6
2906,5
2907,3
2908,6
2909,3
2910,3
2911,7
2912,5
2913,3
2914,4
2915,3
2916,9
2917,3
2918,3
2919,3
2920,4
2921,3
2922,4
2923,5
2924,4
2925,3
2926,4
2927,3
2928,3
2929,5
2930,7
2931,8
2932,10
2933,4
2934,5
2935,5
2936,3
2937,6
2938,6
2939,6
2940,6
2941,4
2942,4
2943,6
2944,3
2945,7
2946,3
2947,3
2948,5
2949,5
2950,3
2951,6
2952,11
2953,4
2954,3
2955,4
2956,3
2957,9
2958,9
2959,7
2960,5
2961,3
2962,3
2963,3
2964,7
2965,5
2966,3
2967,6
2968,3
2969,9
2970,8
2971,4
2972,8
2973,4
2974,5
2975,8
2976,5
2977,5
2978,6
2979,3
2980,6
2981,5
2982,3
2983,3
2984,9
2985,5
2986,3
2987,4
2988,4
2989,7
2990,5
2991,6
2992,6
2993,4
2994,3
2995,5
2996,4
2997,9
2998,3
2999,4
3000,3
3001,6
3002,6
3003,7
3004,6
3005,5
3006,3
3007,6
3008,4
3009,5
3010,5
3011,4
3012,5
3013,5
3014,3
3015,8
3016,6
3017,6
3018,9
3019,4
3020,5
3021,3
3022,4
3023,3
3024,3
3025,3
3026,6
3027,4
3028,6
3029,4
3030,7
3031,6
3032,4
3033,3
3034,6
3035,3
3036,5
3037,6
3038,3
3039,3
3040,3
3041,4
3042,7
3043,4
3044,6
3045,6
3046,3
3047,5
3048,5
3049,4
3050,3
3051,3
3052,3
3053,5
3054,4
3055,11
3056,3
3057,3
3058,5
3059,4
3060,7
3061,4
3062,4
3063,8
3064,5
3065,5
3066,5
3067,4
3068,6
3069,6
3070,4
3071,4
3072,5
3073,3
3074,4
3075,9
3076,9
3077,5
3078,6
3079,3
3080,4
3081,5
3082,3
3083,3
3084,8
3085,4
3086,3
3087,7
3088,7
3089,3
3090,5
3091,4
3092,6
3093,3
3094,4
3095,3
3096,6
3097,3
3098,4
3099,4
3100,4
3101,6
3102,4
3103,3
3104,3
3105,3
3106,6
3107,4
3108,3
3109,4
3110,3
3111,3
3112,7
3113,3
3114,5
3115,4
3116,3
3117,3
3118,3
3119,3
3120,3
3121,4
3122,12
3123,3
3124,6
3125,8
3126,6
3127,10
3128,7
3129,10
3130,5
3131,7
3132,7
3133,8
3134,9
3135,4
3136,6
3137,4
3138,7
3139,6
3140,10
3141,6
3142,5
3143,8
3144,8
3145,7
3146,6
3147,8
3148,5
3149,6
3150,4
3151,5
3152,5
3153,6
3154,4
3155,11
3156,8
3157,11
3158,11
3159,9
3160,8
3161,10
3162,5
3163,8
3164,6
3165,8
3166,5
3167,6
3168,10
3169,10
3170,9
3171,10
3172,10
3173,4
3174,14
3175,4
3176,14
3177,5
3178,5
3179,3
3180,4
3181,3
3182,4
3183,3
3184,11
3185,10
3186,12
3187,11
3188,9
3189,4
3190,5
3191,7
3192,7
3193,8
3194,4
3195,5
3196,4
3197,12
3198,3
3199,6
3200,4
3201,4
3202,5
3203,3
3204,3
3205,6
3206,6
3207,3
3208,4
3209,5
3210,3
3211,6
3212,4
3213,3
3214,4
3215,3
3216,3
3217,3
3218,6
3219,4
3220,4
3221,4
3222,4
3223,6
3224,5
3225,8
3226,9
3227,7
3228,4
3229,3
3230,3
3231,3
3232,4
3233,3
3234,3
3235,4
3236,3
3237,4
3238,3
3239,8
3240,9
3241,4
3242,3
3243,6
3244,3
3245,3
3246,3
3247,3
3248,6
3249,3
3250,4
3251,8
3252,8
3253,4
3254,3
3255,3
3256,3
3257,3
3258,3
3259,3
3260,3
3261,3
3262,3
3263,5
3264,3
3265,7
3266,4
3267,3
3268,3
3269,3
3270,3
3271,3
3272,3
3273,3
3274,3
3275,3
3276,3
3277,3
3278,3
3279,5
3280,3
3281,3
3282,3
3283,3
3284,3
3285,4
3286,3
3287,4
3288,7
3289,3
3290,3
3291,3
3292,3
3293,3
3294,3
3295,3
3296,4
3297,3
3298,5
3299,3
3300,4
3301,3
3302,4
3303,4
3304,3
3305,3
3306,5
3307,3
3308,3
3309,3
3310,3
3311,4
3312,3
3313,4
3314,4
3315,3
3316,4
3317,4
3318,3
3319,3
3320,4
3321,3
3322,3
3323,6
3324,4
3325,3
3326,8
3327,5
3328,5
3329,4
3330,4
3331,4
3332,6
3333,4
3334,6
3335,4
3336,3
3337,8
3338,3
3339,7
3340,8
3341,8
3342,3
3343,8
3344,3
3345,4
3346,4
3347,3
3348,3
3349,6
3350,5
3351,3
3352,3
3353,4
3354,4
3355,3
3356,3
3357,4
3358,6
3359,5
3360,5
3361,5
3362,3
3363,6
3364,4
3365,10
3366,7
3367,10
3368,3
3369,12
3370,6
3371,14
3372,3
3373,9
3374,4
3375,10
3376,6
3377,8
3378,6
3379,8
3380,12
3381,4
3382,13
3383,3
3384,7
3385,11
3386,8
3387,3
3388,8
3389,5
3390,13
3391,8
3392,7
3393,3
3394,9
3395,13
3396,16
3397,3
3398,11
3399,8
3400,8
3401,6
3402,7
3403,7
3404,4
3405,3
3406,7
3407,4
3408,5
3409,3
3410,5
3411,7
3412,4
3413,6
3414,3
3415,6
3416,3
3417,3
3418,3
3419,4
3420,5
3421,4
3422,3
3423,4
3424,4
3425,5
3426,7
3427,4
3428,3
3429,6
3430,6
3431,4
3432,5
3433,7
3434,9
3435,8
3436,4
3437,6
3438,5
3439,3
3440,5
3441,6
3442,3
3443,7
3444,3
3445,5
3446,4
3447,4
3448,3
3449,3
3450,4
3451,5
3452,3
3453,4
3454,3
3455,4
3456,3
3457,3
3458,4
3459,6
3460,3
3461,3
3462,6
3463,3
3464,4
3465,4
3466,5
3467,6
3468,5
3469,7
3470,6
3471,3
3472,4
3473,6
3474,4
3475,4
3476,3
3477,3
3478,4
3479,3
3480,4
3481,5
3482,4
3483,9
3484,3
3485,12
3486,12
3487,4
3488,9
3489,4
3490,4
3491,3
3492,4
3493,3
3494,8
3495,9
3496,3
3497,5
3498,3
3499,3
3500,3
3501,6
3502,4
3503,3
3504,3
3505,4
3506,4
3507,5
3508,7
3509,4
3510,4
3511,4
3512,6
3513,4
3514,3
3515,4
3516,3
3517,5
3518,4
3519,8
3520,3
3521,4
3522,3
3523,6
3524,5
3525,4
3526,3
3527,5
3528,12
3529,3
3530,4
3531,4
3532,7
3533,14
3534,4
3535,3
3536,6
3537,4
3538,4
3539,4
3540,4
3541,6
3542,7
3543,7
3544,4
3545,5
3546,4
3547,3
3548,8
3549,4
3550,3
3551,3
3552,4
3553,4
3554,4
3555,5
3556,3
3557,4
3558,12
3559,3
3560,3
3561,4
3562,6
3563,5
3564,3
3565,9
3566,9
3567,8
3568,4
3569,11
3570,12
3571,4
3572,11
3573,3
3574,11
3575,3
3576,6
3577,12
3578,7
3579,11
3580,8
3581,14
3582,13
3583,14
3584,13
3585,3
3586,12
3587,5
3588,6
3589,5
3590,7
3591,8
3592,7
3593,6
3594,13
3595,4
3596,11
3597,11
3598,5
3599,4
3600,6
3601,6
3602,6
3603,11
3604,9
3605,3
3606,4
3607,9
3608,4
3609,6
3610,9
3611,6
3612,8
3613,14
3614,3
3615,7
3616,3
3617,14
3618,3
3619,5
3620,3
3621,3
3622,16
3623,4
3624,9
3625,11
3626,9
3627,9
3628,8
3629,8
3630,5
3631,8
3632,10
3633,9
3634,11
3635,4
3636,5
3637,6
3638,10
3639,7
3640,4
3641,11
3642,4
3643,3
3644,6
3645,3
3646,5
3647,4
3648,5
3649,6
3650,3
3651,3
3652,8
3653,3
3654,6
3655,6
3656,3
3657,3
3658,9
3659,4
3660,3
3661,7
3662,6
3663,3
3664,5
3665,3
3666,5
3667,3
3668,10
3669,3
3670,7
3671,7
3672,6
3673,3
3674,3
3675,4
3676,4
3677,7
3678,11
3679,6
3680,4
3681,3
3682,4
3683,5
3684,6
3685,11
3686,5
3687,6
3688,8
3689,3
3690,9
3691,7
3692,3
3693,11
3694,8
3695,4
3696,6
3697,8
3698,3
3699,6
3700,6
3701,6
3702,5
3703,4
3704,3
3705,10
3706,3
3707,3
3708,3
3709,5
3710,3
3711,4
3712,3
3713,3
3714,3
3715,3
3716,5
3717,9
3718,3
3719,3
3720,5
3721,5
3722,5
3723,5
3724,8
3725,6
3726,7
3727,4
3728,3
3729,11
3730,6
3731,4
3732,3
3733,4
3734,4
3735,3
3736,3
3737,6
3738,8
3739,8
3740,8
3741,3
3742,6
3743,3
3744,6
3745,6
3746,8
3747,7
3748,3
3749,3
3750,3
3751,3
3752,4
3753,3
3754,6
3755,4
3756,3
3757,9
3758,3
3759,3
3760,3
3761,4
3762,3
3763,3
3764,4
3765,3
3766,5
3767,5
3768,4
3769,4
3770,5
3771,7
3772,3
3773,4
3774,4
3775,3
3776,3
3777,3
3778,5
3779,3
3780,5
3781,7
3782,4
3783,18
3784,7
3785,3
3786,9
3787,3
3788,12
3789,9
3790,11
3791,8
3792,3
3793,8
3794,8
3795,6
3796,9
3797,3
3798,3
3799,16
3800,5
3801,13
3802,16
3803,16
3804,20
3805,15
3806,3
3807,14
3808,3
3809,17
3810,3
3811,12
3812,5
3813,16
3814,6
3815,16
3816,3
3817,10
3818,3
3819,12
3820,3
3821,5
3822,7
3823,6
3824,8
3825,5
3826,3
3827,7
3828,3
3829,6
3830,7
3831,3
3832,4
3833,3
3834,8
3835,6
3836,3
3837,4
3838,5
3839,11
3840,8
3841,3
3842,7
3843,7
3844,6
3845,3
3846,7
3847,5
3848,4
3849,5
3850,3
3851,3
3852,8
3853,4
3854,3
3855,4
3856,5
3857,4
3858,4
3859,11
3860,8
3861,3
3862,3
3863,6
3864,3
3865,4
3866,6
3867,3
3868,6
3869,4
3870,8
3871,5
3872,4
3873,5
3874,7
3875,5
3876,3
3877,4
3878,6
3879,11
3880,9
3881,3
3882,3
3883,9
3884,4
3885,5
3886,3
3887,4
3888,5
3889,3
3890,5
3891,3
3892,5
3893,4
3894,10
3895,3
3896,9
3897,10
3898,6
3899,5
3900,4
3901,3
3902,7
3903,3
3904,3
3905,3
3906,3
3907,4
3908,3
3909,3
3910,9
3911,3
3912,3
3913,9
3914,5
3915,4
3916,7
3917,3
3918,12
3919,4
3920,4
3921,4
3922,3
3923,4
3924,4
3925,10
3926,3
3927,7
3928,6
3929,7
3930,3
3931,3
3932,3
3933,6
3934,4
3935,4
3936,7
3937,9
3938,7
3939,3
3940,9
3941,8
3942,3
3943,9
3944,3
3945,8
3946,7
3947,6
3948,9
3949,3
3950,4
3951,3
3952,4
3953,3
3954,3
3955,3
3956,3
3957,3
3958,5
3959,4
3960,7
3961,4
3962,11
3963,3
3964,6
3965,4
3966,3
3967,5
3968,3
3969,4
3970,5
3971,3
3972,7
3973,7
3974,3
3975,10
3976,3
3977,4
3978,14
3979,3
3980,5
3981,8
3982,8
3983,14
3984,5
3985,6
3986,19
3987,15
3988,5
3989,3
3990,4
3991,4
3992,12
3993,8
3994,6
3995,16
3996,6
3997,3
3998,3
3999,5
4000,15
4001,3
4002,11
4003,10
4004,6
4005,3
4006,3
4007,3
4008,8
4009,7
4010,6
4011,8
4012,6
4013,7
4014,6
4015,8
4016,5
4017,7
4018,3
4019,5
4020,3
4021,3
4022,3
4023,3
4024,4
4025,10
4026,5
4027,8
4028,5
4029,11
4030,3
4031,12
4032,3
4033,8
4034,4
4035,3
4036,4
4037,4
4038,3
4039,3
4040,3
4041,3
4042,3
4043,6
4044,5
4045,6
4046,9
4047,5
4048,10
4049,4
4050,4
4051,5
4052,3
4053,3
4054,10
4055,3
4056,8
4057,3
4058,8
4059,3
4060,9
4061,3
4062,7
4063,3
4064,3
4065,3
4066,4
4067,4
4068,3
4069,5
4070,3
4071,3
4072,12
4073,12
4074,4
4075,7
4076,5
4077,12
4078,3
4079,9
4080,7
4081,9
4082,7
4083,16
4084,8
4085,9
4086,6
4087,8
4088,10
4089,8
4090,5
4091,3
4092,3
4093,3
4094,3
4095,8
4096,3
4097,13
4098,4
4099,7
4100,7
4101,10
4102,4
4103,3
4104,10
4105,4
4106,7
4107,3
4108,4
4109,3
4110,9
4111,6
4112,3
4113,12
4114,3
4115,11
4116,8
4117,5
4118,3
4119,8
4120,3
4121,4
4122,5
4123,5
4124,3
4125,4
4126,3
4127,5
4128,3
4129,17
4130,4
4131,6
4132,3
4133,4
4134,9
4135,3
4136,5
4137,3
4138,9
4139,3
4140,3
4141,4
4142,6
4143,9
4144,9
4145,11
4146,3
4147,14
4148,3
4149,11
4150,11
4151,12
4152,3
4153,3
4154,3
4155,3
4156,11
4157,6
4158,4
4159,3
4160,5
4161,13
4162,3
4163,7
4164,3
4165,8
4166,3
4167,3
4168,8
4169,3
4170,4
4171,10
4172,4
4173,6
4174,3
4175,4
4176,9
4177,5
4178,5
4179,8
4180,3
4181,8
4182,9
4183,3
4184,6
4185,6
4186,4
4187,4
4188,5
4189,6
4190,9
4191,4
4192,3
4193,3
4194,3
4195,4
4196,3
4197,9
4198,3
4199,4
4200,3
4201,4
4202,5
4203,5
4204,3
4205,3
4206,3
4207,3
4208,10
4209,3
4210,8
4211,3
4212,3
4213,3
4214,3
4215,5
4216,10
4217,8
4218,5
4219,12
4220,3
4221,13
4222,4
4223,3
4224,3
4225,3
4226,4
4227,10
4228,13
4229,3
4230,3
4231,12
4232,3
4233,14
4234,7
4235,3
4236,4
4237,8
4238,4
4239,8
4240,5
4241,11
4242,3
4243,4
4244,3
4245,3
4246,3
4247,5
4248,3
4249,3
4250,6
4251,3
4252,6
4253,4
4254,7
4255,3
4256,7
4257,3
4258,4
4259,9
4260,3
4261,3
4262,3
4263,4
4264,3
4265,3
4266,7
4267,4
4268,4
4269,4
4270,3
4271,6
4272,3
4273,3
4274,3
4275,3
4276,3
4277,7
4278,7
4279,10
4280,11
4281,3
4282,5
4283,5
4284,3
4285,3
4286,3
4287,4
4288,3
4289,3
4290,4
4291,8
4292,4
4293,8
4294,4
4295,3
4296,3
4297,3
4298,3
4299,4
4300,3
4301,4
4302,4
4303,4
4304,4
4305,3
4306,5
4307,4
4308,3
4309,5
4310,4
4311,5
4312,7
4313,4
4314,3
4315,8
4316,3
4317,16
4318,3
4319,6
4320,5
4321,4
4322,6
4323,3
4324,4
4325,3
4326,4
4327,12
4328,4
4329,6
4330,4
4331,7
4332,5
4333,3
4334,4
4335,3
4336,4
4337,3
4338,3
4339,3
4340,3
4341,3
4342,3
4343,3
4344,5
4345,4
4346,4
4347,4
4348,3
4349,7
4350,3
4351,5
4352,3
4353,3
4354,3
4355,3
4356,3
4357,11
4358,4
4359,10
4360,3
4361,8
4362,3
4363,7
4364,4
4365,3
4366,9
4367,7
4368,6
4369,3
4370,3
4371,5
4372,3
4373,3
4374,6
4375,3
4376,4
4377,4
4378,3
4379,11
4380,3
4381,3
4382,5
4383,3
4384,6
4385,3
4386,3
4387,3
4388,4
4389,10
4390,4
4391,7
4392,5
4393,3
4394,3
4395,3
4396,3
4397,4
4398,4
4399,4
4400,6
4401,3
4402,3
4403,3
4404,4
4405,3
4406,5
4407,4
4408,6
4409,7
4410,3
4411,9
4412,3
4413,6
4414,7
4415,4
4416,3
4417,3
4418,3
4419,3
4420,3
4421,6
4422,3
4423,4
4424,4
4425,3
4426,3
4427,3
4428,3
4429,7
4430,3
4431,3
4432,6
4433,4
4434,3
4435,5
4436,3
4437,3
4438,7
4439,3
4440,6
4441,4
4442,5
4443,3
4444,4
4445,4
4446,4
4447,3
4448,4
4449,3
4450,3
4451,3
4452,3
4453,3
4454,3
4455,3
4456,3
4457,3
4458,3
4459,3
4460,3
4461,5
4462,3
4463,9
4464,6
4465,6
4466,3
4467,7
4468,4
4469,6
4470,4
4471,5
4472,3
4473,3
4474,7
4475,4
4476,3
4477,6
4478,5
4479,3
4480,5
4481,3
4482,12
4483,8
4484,3
4485,8
4486,6
4487,3
4488,3
4489,4
4490,3
4491,3
4492,4
4493,4
4494,4
4495,3
4496,3
4497,3
4498,5
4499,5
4500,3
4501,3
4502,3
4503,3
4504,3
4505,3
4506,5
4507,13
4508,4
4509,4
4510,4
4511,3
4512,6
4513,5
4514,6
4515,3
4516,4
4517,3
4518,10
4519,4
4520,4
4521,11
4522,5
4523,5
4524,5
4525,3
4526,3
4527,6
4528,6
4529,10
4530,6
4531,7
4532,3
4533,4
4534,4
4535,3
4536,3
4537,3
4538,4
4539,4
4540,6
4541,7
4542,5
4543,3
4544,8
4545,3
4546,7
4547,3
4548,11
4549,3
4550,5
4551,3
4552,9
4553,7
4554,3
4555,8
4556,8
4557,12
4558,4
4559,10
4560,5
4561,4
4562,3
4563,9
4564,6
4565,3
4566,4
4567,8
4568,3
4569,10
4570,5
4571,3
4572,5
4573,8
4574,5
4575,3
4576,5
4577,9
4578,4
4579,4
4580,6
4581,10
4582,5
4583,3
4584,3
4585,3
4586,3
4587,8
4588,7
4589,12
4590,4
4591,9
4592,8
4593,4
4594,8
4595,3
4596,7
4597,4
4598,3
4599,7
4600,6
4601,3
4602,8
4603,3
4604,3
4605,3
4606,6
4607,7
4608,3
4609,5
4610,8
4611,4
4612,3
4613,4
4614,4
4615,11
4616,3
4617,8
4618,7
4619,7
4620,3
4621,6
4622,4
4623,4
4624,5
4625,3
4626,3
4627,8
4628,3
4629,10
4630,6
4631,9
4632,5
4633,3
4634,11
4635,9
4636,9
4637,3
4638,12
4639,6
4640,6
4641,10
4642,8
4643,7
4644,3
4645,3
4646,12
4647,3
4648,12
4649,6
4650,8
4651,4
4652,4
4653,3
4654,3
4655,4
4656,3
4657,11
4658,9
4659,4
4660,4
4661,10
4662,8
4663,6
4664,5
4665,3
4666,3
4667,12
4668,5
4669,3
4670,3
4671,3
4672,11
4673,6
4674,4
4675,10
4676,3
4677,4
4678,9
4679,3
4680,10
4681,4
4682,3
4683,13
4684,3
4685,6
4686,8
4687,3
4688,4
4689,4
4690,5
4691,3
4692,10
4693,3
4694,11
4695,3
4696,14
4697,3
4698,6
4699,3
4700,7
4701,7
4702,6
4703,4
4704,5
4705,6
4706,4
4707,3
4708,5
4709,4
4710,4
4711,8
4712,5
4713,6
4714,11
4715,3
4716,4
4717,4
4718,5
4719,6
4720,3
4721,7
4722,5
4723,7
4724,4
4725,3
4726,5
4727,4
4728,11
4729,3
4730,10
4731,11
4732,6
4733,13
4734,4
4735,7
4736,5
4737,3
4738,5
4739,3
4740,6
4741,3
4742,3
4743,4
4744,5
4745,3
4746,5
4747,3
4748,6
4749,3
4750,3
4751,5
4752,6
4753,12
4754,3
4755,9
4756,3
4757,6
4758,3
4759,3
4760,6
4761,3
4762,5
4763,5
4764,4
4765,3
4766,3
