,seed,all_done,configs,coarse_submitted,coarse_job_obj,num_running,num_done,fineterrain_job_obj,fineterrain_output_folder,fineterrain_submitted,populate_job_obj,populate_output_folder,populate_submitted,rendershort_0_0_0048_0_job_obj,rendershort_0_0_0048_0_output_folder,rendershort_0_0_0048_0_submitted,rendershort_1_0_0048_0_job_obj,rendershort_1_0_0048_0_output_folder,rendershort_1_0_0048_0_submitted,rendershort_2_0_0048_0_job_obj,rendershort_2_0_0048_0_output_folder,rendershort_2_0_0048_0_submitted,rendershort_3_0_0048_0_job_obj,rendershort_3_0_0048_0_output_folder,rendershort_3_0_0048_0_submitted,rendershort_4_0_0048_0_job_obj,rendershort_4_0_0048_0_output_folder,rendershort_4_0_0048_0_submitted,rendershort_5_0_0048_0_job_obj,rendershort_5_0_0048_0_output_folder,rendershort_5_0_0048_0_submitted,rendershort_6_0_0048_0_job_obj,rendershort_6_0_0048_0_output_folder,rendershort_6_0_0048_0_submitted,rendershort_7_0_0048_0_job_obj,rendershort_7_0_0048_0_output_folder,rendershort_7_0_0048_0_submitted,rendershort_8_0_0048_0_job_obj,rendershort_8_0_0048_0_output_folder,rendershort_8_0_0048_0_submitted,rendershort_9_0_0048_0_job_obj,rendershort_9_0_0048_0_output_folder,rendershort_9_0_0048_0_submitted,rendershort_10_0_0048_0_job_obj,rendershort_10_0_0048_0_output_folder,rendershort_10_0_0048_0_submitted,rendershort_11_0_0048_0_job_obj,rendershort_11_0_0048_0_output_folder,rendershort_11_0_0048_0_submitted,rendershort_12_0_0048_0_job_obj,rendershort_12_0_0048_0_output_folder,rendershort_12_0_0048_0_submitted,rendershort_13_0_0048_0_job_obj,rendershort_13_0_0048_0_output_folder,rendershort_13_0_0048_0_submitted,rendershort_14_0_0048_0_job_obj,rendershort_14_0_0048_0_output_folder,rendershort_14_0_0048_0_submitted,rendershort_15_0_0048_0_job_obj,rendershort_15_0_0048_0_output_folder,rendershort_15_0_0048_0_submitted,blendergt_7_0_0048_0_job_obj,blendergt_7_0_0048_0_output_folder,blendergt_7_0_0048_0_submitted,blendergt_8_0_0048_0_job_obj,blendergt_8_0_0048_0_output_folder,blendergt_8_0_0048_0_submitted,blendergt_9_0_0048_0_job_obj,blendergt_9_0_0048_0_output_folder,blendergt_9_0_0048_0_submitted,blendergt_11_0_0048_0_job_obj,blendergt_11_0_0048_0_output_folder,blendergt_11_0_0048_0_submitted,blendergt_12_0_0048_0_job_obj,blendergt_12_0_0048_0_output_folder,blendergt_12_0_0048_0_submitted,blendergt_13_0_0048_0_job_obj,blendergt_13_0_0048_0_output_folder,blendergt_13_0_0048_0_submitted,blendergt_14_0_0048_0_job_obj,blendergt_14_0_0048_0_output_folder,blendergt_14_0_0048_0_submitted,blendergt_15_0_0048_0_job_obj,blendergt_15_0_0048_0_output_folder,blendergt_15_0_0048_0_submitted,rendershort_16_0_0048_0_job_obj,rendershort_16_0_0048_0_output_folder,rendershort_16_0_0048_0_submitted,rendershort_17_0_0048_0_job_obj,rendershort_17_0_0048_0_output_folder,rendershort_17_0_0048_0_submitted,rendershort_18_0_0048_0_job_obj,rendershort_18_0_0048_0_output_folder,rendershort_18_0_0048_0_submitted,blendergt_6_0_0048_0_job_obj,blendergt_6_0_0048_0_output_folder,blendergt_6_0_0048_0_submitted,rendershort_19_0_0048_0_job_obj,rendershort_19_0_0048_0_output_folder,rendershort_19_0_0048_0_submitted,blendergt_10_0_0048_0_job_obj,blendergt_10_0_0048_0_output_folder,blendergt_10_0_0048_0_submitted,rendershort_20_0_0048_0_job_obj,rendershort_20_0_0048_0_output_folder,rendershort_20_0_0048_0_submitted,rendershort_21_0_0048_0_job_obj,rendershort_21_0_0048_0_output_folder,rendershort_21_0_0048_0_submitted,rendershort_22_0_0048_0_job_obj,rendershort_22_0_0048_0_output_folder,rendershort_22_0_0048_0_submitted,rendershort_23_0_0048_0_job_obj,rendershort_23_0_0048_0_output_folder,rendershort_23_0_0048_0_submitted,blendergt_3_0_0048_0_job_obj,blendergt_3_0_0048_0_output_folder,blendergt_3_0_0048_0_submitted,rendershort_24_0_0048_0_job_obj,rendershort_24_0_0048_0_output_folder,rendershort_24_0_0048_0_submitted,blendergt_5_0_0048_0_job_obj,blendergt_5_0_0048_0_output_folder,blendergt_5_0_0048_0_submitted,rendershort_25_0_0048_0_job_obj,rendershort_25_0_0048_0_output_folder,rendershort_25_0_0048_0_submitted,blendergt_4_0_0048_0_job_obj,blendergt_4_0_0048_0_output_folder,blendergt_4_0_0048_0_submitted,blendergt_0_0_0048_0_job_obj,blendergt_0_0_0048_0_output_folder,blendergt_0_0_0048_0_submitted,blendergt_1_0_0048_0_job_obj,blendergt_1_0_0048_0_output_folder,blendergt_1_0_0048_0_submitted,blendergt_2_0_0048_0_job_obj,blendergt_2_0_0048_0_output_folder,blendergt_2_0_0048_0_submitted,rendershort_26_0_0048_0_job_obj,rendershort_26_0_0048_0_output_folder,rendershort_26_0_0048_0_submitted,rendershort_27_0_0048_0_job_obj,rendershort_27_0_0048_0_output_folder,rendershort_27_0_0048_0_submitted,rendershort_28_0_0048_0_job_obj,rendershort_28_0_0048_0_output_folder,rendershort_28_0_0048_0_submitted,rendershort_29_0_0048_0_job_obj,rendershort_29_0_0048_0_output_folder,rendershort_29_0_0048_0_submitted,blendergt_16_0_0048_0_job_obj,blendergt_16_0_0048_0_output_folder,blendergt_16_0_0048_0_submitted,blendergt_19_0_0048_0_job_obj,blendergt_19_0_0048_0_output_folder,blendergt_19_0_0048_0_submitted,blendergt_20_0_0048_0_job_obj,blendergt_20_0_0048_0_output_folder,blendergt_20_0_0048_0_submitted,blendergt_21_0_0048_0_job_obj,blendergt_21_0_0048_0_output_folder,blendergt_21_0_0048_0_submitted,blendergt_23_0_0048_0_job_obj,blendergt_23_0_0048_0_output_folder,blendergt_23_0_0048_0_submitted,blendergt_25_0_0048_0_job_obj,blendergt_25_0_0048_0_output_folder,blendergt_25_0_0048_0_submitted,blendergt_22_0_0048_0_job_obj,blendergt_22_0_0048_0_output_folder,blendergt_22_0_0048_0_submitted,blendergt_18_0_0048_0_job_obj,blendergt_18_0_0048_0_output_folder,blendergt_18_0_0048_0_submitted,blendergt_17_0_0048_0_job_obj,blendergt_17_0_0048_0_output_folder,blendergt_17_0_0048_0_submitted,blendergt_24_0_0048_0_job_obj,blendergt_24_0_0048_0_output_folder,blendergt_24_0_0048_0_submitted,blendergt_27_0_0048_0_job_obj,blendergt_27_0_0048_0_output_folder,blendergt_27_0_0048_0_submitted,blendergt_28_0_0048_0_job_obj,blendergt_28_0_0048_0_output_folder,blendergt_28_0_0048_0_submitted,blendergt_29_0_0048_0_job_obj,blendergt_29_0_0048_0_output_folder,blendergt_29_0_0048_0_submitted,blendergt_26_0_0048_0_job_obj,blendergt_26_0_0048_0_output_folder,blendergt_26_0_0048_0_submitted
0,28e7c516,done,['coast'],True,MARK_AS_SUCCEEDED,0,63,"LocalJob(job_id=59280042639, process=None, finalized=True)",/root/ig7_official_c/28e7c516/fine,1,"LocalJob(job_id=92843644550, process=None, finalized=True)",/root/ig7_official_c/28e7c516/fine,1,"LocalJob(job_id=67235333272, process=None, finalized=True)",/root/ig7_official_c/28e7c516/frames_0_0_0048_0,1,"LocalJob(job_id=93855278475, process=None, finalized=True)",/root/ig7_official_c/28e7c516/frames_1_0_0048_0,1,"LocalJob(job_id=51982402367, process=None, finalized=True)",/root/ig7_official_c/28e7c516/frames_2_0_0048_0,1,"LocalJob(job_id=33753885111, process=None, finalized=True)",/root/ig7_official_c/28e7c516/frames_3_0_0048_0,1,"LocalJob(job_id=52230117339, process=None, finalized=True)",/root/ig7_official_c/28e7c516/frames_4_0_0048_0,1,"LocalJob(job_id=55152384372, process=None, finalized=True)",/root/ig7_official_c/28e7c516/frames_5_0_0048_0,1,"LocalJob(job_id=71714406544, process=None, finalized=True)",/root/ig7_official_c/28e7c516/frames_6_0_0048_0,1,"LocalJob(job_id=21903596071, process=None, finalized=True)",/root/ig7_official_c/28e7c516/frames_7_0_0048_0,1,"LocalJob(job_id=35621151314, process=None, finalized=True)",/root/ig7_official_c/28e7c516/frames_8_0_0048_0,1,"LocalJob(job_id=96259173880, process=None, finalized=True)",/root/ig7_official_c/28e7c516/frames_9_0_0048_0,1,"LocalJob(job_id=17865820769, process=None, finalized=True)",/root/ig7_official_c/28e7c516/frames_10_0_0048_0,1,"LocalJob(job_id=27923930748, process=None, finalized=True)",/root/ig7_official_c/28e7c516/frames_11_0_0048_0,1,"LocalJob(job_id=79884235226, process=None, finalized=True)",/root/ig7_official_c/28e7c516/frames_12_0_0048_0,1,"LocalJob(job_id=49100602428, process=None, finalized=True)",/root/ig7_official_c/28e7c516/frames_13_0_0048_0,1,"LocalJob(job_id=22093463966, process=None, finalized=True)",/root/ig7_official_c/28e7c516/frames_14_0_0048_0,1,"LocalJob(job_id=78539401948, process=None, finalized=True)",/root/ig7_official_c/28e7c516/frames_15_0_0048_0,1,"LocalJob(job_id=86107460364, process=None, finalized=True)",/root/ig7_official_c/28e7c516/frames_7_0_0048_0,1,"LocalJob(job_id=99687755770, process=None, finalized=True)",/root/ig7_official_c/28e7c516/frames_8_0_0048_0,1,"LocalJob(job_id=36483261118, process=None, finalized=True)",/root/ig7_official_c/28e7c516/frames_9_0_0048_0,1,"LocalJob(job_id=90062565435, process=None, finalized=True)",/root/ig7_official_c/28e7c516/frames_11_0_0048_0,1,"LocalJob(job_id=48035180480, process=None, finalized=True)",/root/ig7_official_c/28e7c516/frames_12_0_0048_0,1,"LocalJob(job_id=29366041555, process=None, finalized=True)",/root/ig7_official_c/28e7c516/frames_13_0_0048_0,1,"LocalJob(job_id=94358054042, process=None, finalized=True)",/root/ig7_official_c/28e7c516/frames_14_0_0048_0,1,"LocalJob(job_id=35444430379, process=None, finalized=True)",/root/ig7_official_c/28e7c516/frames_15_0_0048_0,1,"LocalJob(job_id=91095329560, process=None, finalized=True)",/root/ig7_official_c/28e7c516/frames_16_0_0048_0,1,"LocalJob(job_id=11746619057, process=None, finalized=True)",/root/ig7_official_c/28e7c516/frames_17_0_0048_0,1,"LocalJob(job_id=21682912207, process=None, finalized=True)",/root/ig7_official_c/28e7c516/frames_18_0_0048_0,1,"LocalJob(job_id=80592456248, process=None, finalized=True)",/root/ig7_official_c/28e7c516/frames_6_0_0048_0,1,"LocalJob(job_id=59882904198, process=None, finalized=True)",/root/ig7_official_c/28e7c516/frames_19_0_0048_0,1,"LocalJob(job_id=93130781262, process=None, finalized=True)",/root/ig7_official_c/28e7c516/frames_10_0_0048_0,1,"LocalJob(job_id=52440293238, process=None, finalized=True)",/root/ig7_official_c/28e7c516/frames_20_0_0048_0,1,"LocalJob(job_id=62083981623, process=None, finalized=True)",/root/ig7_official_c/28e7c516/frames_21_0_0048_0,1,"LocalJob(job_id=46711466252, process=None, finalized=True)",/root/ig7_official_c/28e7c516/frames_22_0_0048_0,1,"LocalJob(job_id=20664921033, process=None, finalized=True)",/root/ig7_official_c/28e7c516/frames_23_0_0048_0,1,"LocalJob(job_id=80869630155, process=None, finalized=True)",/root/ig7_official_c/28e7c516/frames_3_0_0048_0,1,"LocalJob(job_id=27918976601, process=None, finalized=True)",/root/ig7_official_c/28e7c516/frames_24_0_0048_0,1,"LocalJob(job_id=90289874752, process=None, finalized=True)",/root/ig7_official_c/28e7c516/frames_5_0_0048_0,1,"LocalJob(job_id=89498181556, process=None, finalized=True)",/root/ig7_official_c/28e7c516/frames_25_0_0048_0,1,"LocalJob(job_id=33923944047, process=None, finalized=True)",/root/ig7_official_c/28e7c516/frames_4_0_0048_0,1,"LocalJob(job_id=90179153706, process=None, finalized=True)",/root/ig7_official_c/28e7c516/frames_0_0_0048_0,1,"LocalJob(job_id=39943178598, process=None, finalized=True)",/root/ig7_official_c/28e7c516/frames_1_0_0048_0,1,"LocalJob(job_id=56827356182, process=None, finalized=True)",/root/ig7_official_c/28e7c516/frames_2_0_0048_0,1,"LocalJob(job_id=12986812056, process=None, finalized=True)",/root/ig7_official_c/28e7c516/frames_26_0_0048_0,1,"LocalJob(job_id=14133862477, process=None, finalized=True)",/root/ig7_official_c/28e7c516/frames_27_0_0048_0,1,"LocalJob(job_id=58924310844, process=None, finalized=True)",/root/ig7_official_c/28e7c516/frames_28_0_0048_0,1,"LocalJob(job_id=15270340120, process=None, finalized=True)",/root/ig7_official_c/28e7c516/frames_29_0_0048_0,1,"LocalJob(job_id=45366013186, process=None, finalized=True)",/root/ig7_official_c/28e7c516/frames_16_0_0048_0,1,"LocalJob(job_id=64381983896, process=None, finalized=True)",/root/ig7_official_c/28e7c516/frames_19_0_0048_0,1,"LocalJob(job_id=31097323348, process=None, finalized=True)",/root/ig7_official_c/28e7c516/frames_20_0_0048_0,1,"LocalJob(job_id=72738737801, process=None, finalized=True)",/root/ig7_official_c/28e7c516/frames_21_0_0048_0,1,"LocalJob(job_id=61267535686, process=None, finalized=True)",/root/ig7_official_c/28e7c516/frames_23_0_0048_0,1,"LocalJob(job_id=55446137034, process=None, finalized=True)",/root/ig7_official_c/28e7c516/frames_25_0_0048_0,1,"LocalJob(job_id=78969199086, process=None, finalized=True)",/root/ig7_official_c/28e7c516/frames_22_0_0048_0,1,"LocalJob(job_id=65688557229, process=None, finalized=True)",/root/ig7_official_c/28e7c516/frames_18_0_0048_0,1,"LocalJob(job_id=55629293449, process=None, finalized=True)",/root/ig7_official_c/28e7c516/frames_17_0_0048_0,1,"LocalJob(job_id=64256244805, process=None, finalized=True)",/root/ig7_official_c/28e7c516/frames_24_0_0048_0,1,"LocalJob(job_id=68234910159, process=None, finalized=True)",/root/ig7_official_c/28e7c516/frames_27_0_0048_0,1,"LocalJob(job_id=61266529126, process=None, finalized=True)",/root/ig7_official_c/28e7c516/frames_28_0_0048_0,1,"LocalJob(job_id=15441997222, process=None, finalized=True)",/root/ig7_official_c/28e7c516/frames_29_0_0048_0,1,"LocalJob(job_id=62822443767, process=None, finalized=True)",/root/ig7_official_c/28e7c516/frames_26_0_0048_0,1
1,5683cce4,done,['mountain'],True,MARK_AS_SUCCEEDED,0,63,MARK_AS_SUCCEEDED,,True,MARK_AS_SUCCEEDED,,True,MARK_AS_SUCCEEDED,,True,MARK_AS_SUCCEEDED,,True,MARK_AS_SUCCEEDED,,True,MARK_AS_SUCCEEDED,,True,MARK_AS_SUCCEEDED,,True,MARK_AS_SUCCEEDED,,True,MARK_AS_SUCCEEDED,,True,MARK_AS_SUCCEEDED,,True,MARK_AS_SUCCEEDED,,True,MARK_AS_SUCCEEDED,,True,MARK_AS_SUCCEEDED,,True,MARK_AS_SUCCEEDED,,True,MARK_AS_SUCCEEDED,,True,MARK_AS_SUCCEEDED,,True,MARK_AS_SUCCEEDED,,True,MARK_AS_SUCCEEDED,,True,MARK_AS_SUCCEEDED,,True,MARK_AS_SUCCEEDED,,True,MARK_AS_SUCCEEDED,,True,MARK_AS_SUCCEEDED,,True,MARK_AS_SUCCEEDED,,True,MARK_AS_SUCCEEDED,,True,MARK_AS_SUCCEEDED,,True,MARK_AS_SUCCEEDED,,True,MARK_AS_SUCCEEDED,,True,MARK_AS_SUCCEEDED,,True,MARK_AS_SUCCEEDED,,True,MARK_AS_SUCCEEDED,,True,MARK_AS_SUCCEEDED,,True,MARK_AS_SUCCEEDED,,True,MARK_AS_SUCCEEDED,,True,MARK_AS_SUCCEEDED,,True,MARK_AS_SUCCEEDED,,True,MARK_AS_SUCCEEDED,,True,MARK_AS_SUCCEEDED,,True,MARK_AS_SUCCEEDED,,True,MARK_AS_SUCCEEDED,,True,MARK_AS_SUCCEEDED,,True,MARK_AS_SUCCEEDED,,True,MARK_AS_SUCCEEDED,,True,MARK_AS_SUCCEEDED,,True,MARK_AS_SUCCEEDED,,True,MARK_AS_SUCCEEDED,,True,MARK_AS_SUCCEEDED,,True,MARK_AS_SUCCEEDED,,True,MARK_AS_SUCCEEDED,,True,MARK_AS_SUCCEEDED,,True,MARK_AS_SUCCEEDED,,True,MARK_AS_SUCCEEDED,,True,MARK_AS_SUCCEEDED,,True,MARK_AS_SUCCEEDED,,True,MARK_AS_SUCCEEDED,,True,MARK_AS_SUCCEEDED,,True,MARK_AS_SUCCEEDED,,True,MARK_AS_SUCCEEDED,,True,MARK_AS_SUCCEEDED,,True,MARK_AS_SUCCEEDED,,True,MARK_AS_SUCCEEDED,,True,MARK_AS_SUCCEEDED,,True,MARK_AS_SUCCEEDED,,True
2,54f247ce,done,['desert'],True,MARK_AS_SUCCEEDED,0,63,MARK_AS_SUCCEEDED,,True,MARK_AS_SUCCEEDED,,True,MARK_AS_SUCCEEDED,,True,MARK_AS_SUCCEEDED,,True,MARK_AS_SUCCEEDED,,True,MARK_AS_SUCCEEDED,,True,MARK_AS_SUCCEEDED,,True,MARK_AS_SUCCEEDED,,True,MARK_AS_SUCCEEDED,,True,MARK_AS_SUCCEEDED,,True,MARK_AS_SUCCEEDED,,True,MARK_AS_SUCCEEDED,,True,MARK_AS_SUCCEEDED,,True,MARK_AS_SUCCEEDED,,True,MARK_AS_SUCCEEDED,,True,MARK_AS_SUCCEEDED,,True,MARK_AS_SUCCEEDED,,True,MARK_AS_SUCCEEDED,,True,MARK_AS_SUCCEEDED,,True,MARK_AS_SUCCEEDED,,True,MARK_AS_SUCCEEDED,,True,MARK_AS_SUCCEEDED,,True,MARK_AS_SUCCEEDED,,True,MARK_AS_SUCCEEDED,,True,MARK_AS_SUCCEEDED,,True,MARK_AS_SUCCEEDED,,True,MARK_AS_SUCCEEDED,,True,MARK_AS_SUCCEEDED,,True,MARK_AS_SUCCEEDED,,True,MARK_AS_SUCCEEDED,,True,MARK_AS_SUCCEEDED,,True,MARK_AS_SUCCEEDED,,True,MARK_AS_SUCCEEDED,,True,MARK_AS_SUCCEEDED,,True,MARK_AS_SUCCEEDED,,True,MARK_AS_SUCCEEDED,,True,MARK_AS_SUCCEEDED,,True,MARK_AS_SUCCEEDED,,True,MARK_AS_SUCCEEDED,,True,MARK_AS_SUCCEEDED,,True,MARK_AS_SUCCEEDED,,True,MARK_AS_SUCCEEDED,,True,MARK_AS_SUCCEEDED,,True,MARK_AS_SUCCEEDED,,True,MARK_AS_SUCCEEDED,,True,MARK_AS_SUCCEEDED,,True,MARK_AS_SUCCEEDED,,True,MARK_AS_SUCCEEDED,,True,MARK_AS_SUCCEEDED,,True,MARK_AS_SUCCEEDED,,True,MARK_AS_SUCCEEDED,,True,MARK_AS_SUCCEEDED,,True,MARK_AS_SUCCEEDED,,True,MARK_AS_SUCCEEDED,,True,MARK_AS_SUCCEEDED,,True,MARK_AS_SUCCEEDED,,True,MARK_AS_SUCCEEDED,,True,MARK_AS_SUCCEEDED,,True,MARK_AS_SUCCEEDED,,True,MARK_AS_SUCCEEDED,,True,MARK_AS_SUCCEEDED,,True,MARK_AS_SUCCEEDED,,True
3,46543c06,done,['desert'],True,MARK_AS_SUCCEEDED,0,63,MARK_AS_SUCCEEDED,,True,MARK_AS_SUCCEEDED,,True,MARK_AS_SUCCEEDED,,True,MARK_AS_SUCCEEDED,,True,MARK_AS_SUCCEEDED,,True,MARK_AS_SUCCEEDED,,True,MARK_AS_SUCCEEDED,,True,MARK_AS_SUCCEEDED,,True,MARK_AS_SUCCEEDED,,True,MARK_AS_SUCCEEDED,,True,MARK_AS_SUCCEEDED,,True,MARK_AS_SUCCEEDED,,True,MARK_AS_SUCCEEDED,,True,MARK_AS_SUCCEEDED,,True,MARK_AS_SUCCEEDED,,True,MARK_AS_SUCCEEDED,,True,MARK_AS_SUCCEEDED,,True,MARK_AS_SUCCEEDED,,True,MARK_AS_SUCCEEDED,,True,MARK_AS_SUCCEEDED,,True,MARK_AS_SUCCEEDED,,True,MARK_AS_SUCCEEDED,,True,MARK_AS_SUCCEEDED,,True,MARK_AS_SUCCEEDED,,True,MARK_AS_SUCCEEDED,,True,MARK_AS_SUCCEEDED,,True,MARK_AS_SUCCEEDED,,True,MARK_AS_SUCCEEDED,,True,MARK_AS_SUCCEEDED,,True,MARK_AS_SUCCEEDED,,True,MARK_AS_SUCCEEDED,,True,MARK_AS_SUCCEEDED,,True,MARK_AS_SUCCEEDED,,True,MARK_AS_SUCCEEDED,,True,MARK_AS_SUCCEEDED,,True,MARK_AS_SUCCEEDED,,True,MARK_AS_SUCCEEDED,,True,MARK_AS_SUCCEEDED,,True,MARK_AS_SUCCEEDED,,True,MARK_AS_SUCCEEDED,,True,MARK_AS_SUCCEEDED,,True,MARK_AS_SUCCEEDED,,True,MARK_AS_SUCCEEDED,,True,MARK_AS_SUCCEEDED,,True,MARK_AS_SUCCEEDED,,True,MARK_AS_SUCCEEDED,,True,MARK_AS_SUCCEEDED,,True,MARK_AS_SUCCEEDED,,True,MARK_AS_SUCCEEDED,,True,MARK_AS_SUCCEEDED,,True,MARK_AS_SUCCEEDED,,True,MARK_AS_SUCCEEDED,,True,MARK_AS_SUCCEEDED,,True,MARK_AS_SUCCEEDED,,True,MARK_AS_SUCCEEDED,,True,MARK_AS_SUCCEEDED,,True,MARK_AS_SUCCEEDED,,True,MARK_AS_SUCCEEDED,,True,MARK_AS_SUCCEEDED,,True,MARK_AS_SUCCEEDED,,True,MARK_AS_SUCCEEDED,,True,MARK_AS_SUCCEEDED,,True
4,5247e2d6,done,['forest'],True,MARK_AS_SUCCEEDED,0,63,"LocalJob(job_id=97477422741, process=None, finalized=True)",/root/ig7_official_c/5247e2d6/fine,1,"LocalJob(job_id=42843585706, process=None, finalized=True)",/root/ig7_official_c/5247e2d6/fine,1,"LocalJob(job_id=92923015026, process=None, finalized=True)",/root/ig7_official_c/5247e2d6/frames_0_0_0048_0,1,"LocalJob(job_id=95854773679, process=None, finalized=True)",/root/ig7_official_c/5247e2d6/frames_1_0_0048_0,1,"LocalJob(job_id=10160122473, process=None, finalized=True)",/root/ig7_official_c/5247e2d6/frames_2_0_0048_0,1,"LocalJob(job_id=45027187682, process=None, finalized=True)",/root/ig7_official_c/5247e2d6/frames_3_0_0048_0,1,"LocalJob(job_id=75986473030, process=None, finalized=True)",/root/ig7_official_c/5247e2d6/frames_4_0_0048_0,1,"LocalJob(job_id=49762724590, process=None, finalized=True)",/root/ig7_official_c/5247e2d6/frames_5_0_0048_0,1,"LocalJob(job_id=91584720498, process=None, finalized=True)",/root/ig7_official_c/5247e2d6/frames_6_0_0048_0,1,"LocalJob(job_id=61714995593, process=None, finalized=True)",/root/ig7_official_c/5247e2d6/frames_7_0_0048_0,1,"LocalJob(job_id=70796095879, process=None, finalized=True)",/root/ig7_official_c/5247e2d6/frames_8_0_0048_0,1,"LocalJob(job_id=43418015007, process=None, finalized=True)",/root/ig7_official_c/5247e2d6/frames_9_0_0048_0,1,"LocalJob(job_id=10403603107, process=None, finalized=True)",/root/ig7_official_c/5247e2d6/frames_10_0_0048_0,1,"LocalJob(job_id=99634595187, process=None, finalized=True)",/root/ig7_official_c/5247e2d6/frames_11_0_0048_0,1,"LocalJob(job_id=76346579990, process=None, finalized=True)",/root/ig7_official_c/5247e2d6/frames_12_0_0048_0,1,"LocalJob(job_id=55384418646, process=None, finalized=True)",/root/ig7_official_c/5247e2d6/frames_13_0_0048_0,1,"LocalJob(job_id=88934353594, process=None, finalized=True)",/root/ig7_official_c/5247e2d6/frames_14_0_0048_0,1,"LocalJob(job_id=79799164399, process=None, finalized=True)",/root/ig7_official_c/5247e2d6/frames_15_0_0048_0,1,"LocalJob(job_id=71892430642, process=None, finalized=True)",/root/ig7_official_c/5247e2d6/frames_7_0_0048_0,1,"LocalJob(job_id=43943669136, process=None, finalized=True)",/root/ig7_official_c/5247e2d6/frames_8_0_0048_0,1,"LocalJob(job_id=14835591438, process=None, finalized=True)",/root/ig7_official_c/5247e2d6/frames_9_0_0048_0,1,"LocalJob(job_id=80648996037, process=None, finalized=True)",/root/ig7_official_c/5247e2d6/frames_11_0_0048_0,1,"LocalJob(job_id=76782775578, process=None, finalized=True)",/root/ig7_official_c/5247e2d6/frames_12_0_0048_0,1,"LocalJob(job_id=73916946349, process=None, finalized=True)",/root/ig7_official_c/5247e2d6/frames_13_0_0048_0,1,"LocalJob(job_id=57088475161, process=None, finalized=True)",/root/ig7_official_c/5247e2d6/frames_14_0_0048_0,1,"LocalJob(job_id=78823608890, process=None, finalized=True)",/root/ig7_official_c/5247e2d6/frames_15_0_0048_0,1,"LocalJob(job_id=96246469966, process=None, finalized=True)",/root/ig7_official_c/5247e2d6/frames_16_0_0048_0,1,"LocalJob(job_id=56175354977, process=None, finalized=True)",/root/ig7_official_c/5247e2d6/frames_17_0_0048_0,1,"LocalJob(job_id=81450215678, process=None, finalized=True)",/root/ig7_official_c/5247e2d6/frames_18_0_0048_0,1,"LocalJob(job_id=44014315546, process=None, finalized=True)",/root/ig7_official_c/5247e2d6/frames_6_0_0048_0,1,"LocalJob(job_id=58065633841, process=None, finalized=True)",/root/ig7_official_c/5247e2d6/frames_19_0_0048_0,1,"LocalJob(job_id=25361565738, process=None, finalized=True)",/root/ig7_official_c/5247e2d6/frames_10_0_0048_0,1,"LocalJob(job_id=33160142607, process=None, finalized=True)",/root/ig7_official_c/5247e2d6/frames_20_0_0048_0,1,"LocalJob(job_id=64676975975, process=None, finalized=True)",/root/ig7_official_c/5247e2d6/frames_21_0_0048_0,1,"LocalJob(job_id=47897113096, process=None, finalized=True)",/root/ig7_official_c/5247e2d6/frames_22_0_0048_0,1,"LocalJob(job_id=33275143559, process=None, finalized=True)",/root/ig7_official_c/5247e2d6/frames_23_0_0048_0,1,"LocalJob(job_id=51244371298, process=None, finalized=True)",/root/ig7_official_c/5247e2d6/frames_3_0_0048_0,1,"LocalJob(job_id=79543026447, process=None, finalized=True)",/root/ig7_official_c/5247e2d6/frames_24_0_0048_0,1,"LocalJob(job_id=60430363222, process=None, finalized=True)",/root/ig7_official_c/5247e2d6/frames_5_0_0048_0,1,"LocalJob(job_id=76550081160, process=None, finalized=True)",/root/ig7_official_c/5247e2d6/frames_25_0_0048_0,1,"LocalJob(job_id=81096310030, process=None, finalized=True)",/root/ig7_official_c/5247e2d6/frames_4_0_0048_0,1,"LocalJob(job_id=25009165057, process=None, finalized=True)",/root/ig7_official_c/5247e2d6/frames_0_0_0048_0,1,"LocalJob(job_id=21555218789, process=None, finalized=True)",/root/ig7_official_c/5247e2d6/frames_1_0_0048_0,1,"LocalJob(job_id=27604150550, process=None, finalized=True)",/root/ig7_official_c/5247e2d6/frames_2_0_0048_0,1,"LocalJob(job_id=42544367523, process=None, finalized=True)",/root/ig7_official_c/5247e2d6/frames_26_0_0048_0,1,"LocalJob(job_id=28252124321, process=None, finalized=True)",/root/ig7_official_c/5247e2d6/frames_27_0_0048_0,1,"LocalJob(job_id=76454048851, process=None, finalized=True)",/root/ig7_official_c/5247e2d6/frames_28_0_0048_0,1,"LocalJob(job_id=29772324700, process=None, finalized=True)",/root/ig7_official_c/5247e2d6/frames_29_0_0048_0,1,"LocalJob(job_id=68903253796, process=None, finalized=True)",/root/ig7_official_c/5247e2d6/frames_16_0_0048_0,1,"LocalJob(job_id=84986472479, process=None, finalized=True)",/root/ig7_official_c/5247e2d6/frames_19_0_0048_0,1,"LocalJob(job_id=35720766937, process=None, finalized=True)",/root/ig7_official_c/5247e2d6/frames_20_0_0048_0,1,"LocalJob(job_id=70886556652, process=None, finalized=True)",/root/ig7_official_c/5247e2d6/frames_21_0_0048_0,1,"LocalJob(job_id=50445191470, process=None, finalized=True)",/root/ig7_official_c/5247e2d6/frames_23_0_0048_0,1,"LocalJob(job_id=60920838919, process=None, finalized=True)",/root/ig7_official_c/5247e2d6/frames_25_0_0048_0,1,"LocalJob(job_id=15380297554, process=None, finalized=True)",/root/ig7_official_c/5247e2d6/frames_22_0_0048_0,1,"LocalJob(job_id=51538361830, process=None, finalized=True)",/root/ig7_official_c/5247e2d6/frames_18_0_0048_0,1,"LocalJob(job_id=49502312745, process=None, finalized=True)",/root/ig7_official_c/5247e2d6/frames_17_0_0048_0,1,"LocalJob(job_id=96556713340, process=None, finalized=True)",/root/ig7_official_c/5247e2d6/frames_24_0_0048_0,1,"LocalJob(job_id=98462265914, process=None, finalized=True)",/root/ig7_official_c/5247e2d6/frames_27_0_0048_0,1,"LocalJob(job_id=31625889790, process=None, finalized=True)",/root/ig7_official_c/5247e2d6/frames_28_0_0048_0,1,"LocalJob(job_id=70751722660, process=None, finalized=True)",/root/ig7_official_c/5247e2d6/frames_29_0_0048_0,1,"LocalJob(job_id=31957065177, process=None, finalized=True)",/root/ig7_official_c/5247e2d6/frames_26_0_0048_0,1
5,66ebb213,done,['forest'],True,MARK_AS_SUCCEEDED,0,63,MARK_AS_SUCCEEDED,,True,MARK_AS_SUCCEEDED,,True,MARK_AS_SUCCEEDED,,True,MARK_AS_SUCCEEDED,,True,MARK_AS_SUCCEEDED,,True,MARK_AS_SUCCEEDED,,True,MARK_AS_SUCCEEDED,,True,MARK_AS_SUCCEEDED,,True,MARK_AS_SUCCEEDED,,True,MARK_AS_SUCCEEDED,,True,MARK_AS_SUCCEEDED,,True,MARK_AS_SUCCEEDED,,True,MARK_AS_SUCCEEDED,,True,MARK_AS_SUCCEEDED,,True,MARK_AS_SUCCEEDED,,True,MARK_AS_SUCCEEDED,,True,MARK_AS_SUCCEEDED,,True,MARK_AS_SUCCEEDED,,True,MARK_AS_SUCCEEDED,,True,MARK_AS_SUCCEEDED,,True,MARK_AS_SUCCEEDED,,True,MARK_AS_SUCCEEDED,,True,MARK_AS_SUCCEEDED,,True,MARK_AS_SUCCEEDED,,True,MARK_AS_SUCCEEDED,,True,MARK_AS_SUCCEEDED,,True,MARK_AS_SUCCEEDED,,True,MARK_AS_SUCCEEDED,,True,MARK_AS_SUCCEEDED,,True,MARK_AS_SUCCEEDED,,True,MARK_AS_SUCCEEDED,,True,MARK_AS_SUCCEEDED,,True,MARK_AS_SUCCEEDED,,True,MARK_AS_SUCCEEDED,,True,MARK_AS_SUCCEEDED,,True,MARK_AS_SUCCEEDED,,True,MARK_AS_SUCCEEDED,,True,MARK_AS_SUCCEEDED,,True,MARK_AS_SUCCEEDED,,True,MARK_AS_SUCCEEDED,,True,MARK_AS_SUCCEEDED,,True,MARK_AS_SUCCEEDED,,True,MARK_AS_SUCCEEDED,,True,MARK_AS_SUCCEEDED,,True,MARK_AS_SUCCEEDED,,True,MARK_AS_SUCCEEDED,,True,MARK_AS_SUCCEEDED,,True,MARK_AS_SUCCEEDED,,True,MARK_AS_SUCCEEDED,,True,MARK_AS_SUCCEEDED,,True,MARK_AS_SUCCEEDED,,True,MARK_AS_SUCCEEDED,,True,MARK_AS_SUCCEEDED,,True,MARK_AS_SUCCEEDED,,True,MARK_AS_SUCCEEDED,,True,MARK_AS_SUCCEEDED,,True,MARK_AS_SUCCEEDED,,True,MARK_AS_SUCCEEDED,,True,MARK_AS_SUCCEEDED,,True,MARK_AS_SUCCEEDED,,True,MARK_AS_SUCCEEDED,,True,MARK_AS_SUCCEEDED,,True
6,1ed77ad4,done,['river'],True,MARK_AS_SUCCEEDED,0,63,MARK_AS_SUCCEEDED,,True,MARK_AS_SUCCEEDED,,True,MARK_AS_SUCCEEDED,,True,MARK_AS_SUCCEEDED,,True,MARK_AS_SUCCEEDED,,True,MARK_AS_SUCCEEDED,,True,MARK_AS_SUCCEEDED,,True,MARK_AS_SUCCEEDED,,True,MARK_AS_SUCCEEDED,,True,MARK_AS_SUCCEEDED,,True,MARK_AS_SUCCEEDED,,True,MARK_AS_SUCCEEDED,,True,MARK_AS_SUCCEEDED,,True,MARK_AS_SUCCEEDED,,True,MARK_AS_SUCCEEDED,,True,MARK_AS_SUCCEEDED,,True,MARK_AS_SUCCEEDED,,True,MARK_AS_SUCCEEDED,,True,MARK_AS_SUCCEEDED,,True,MARK_AS_SUCCEEDED,,True,MARK_AS_SUCCEEDED,,True,MARK_AS_SUCCEEDED,,True,MARK_AS_SUCCEEDED,,True,MARK_AS_SUCCEEDED,,True,MARK_AS_SUCCEEDED,,True,MARK_AS_SUCCEEDED,,True,MARK_AS_SUCCEEDED,,True,MARK_AS_SUCCEEDED,,True,MARK_AS_SUCCEEDED,,True,MARK_AS_SUCCEEDED,,True,MARK_AS_SUCCEEDED,,True,MARK_AS_SUCCEEDED,,True,MARK_AS_SUCCEEDED,,True,MARK_AS_SUCCEEDED,,True,MARK_AS_SUCCEEDED,,True,MARK_AS_SUCCEEDED,,True,MARK_AS_SUCCEEDED,,True,MARK_AS_SUCCEEDED,,True,MARK_AS_SUCCEEDED,,True,MARK_AS_SUCCEEDED,,True,MARK_AS_SUCCEEDED,,True,MARK_AS_SUCCEEDED,,True,MARK_AS_SUCCEEDED,,True,MARK_AS_SUCCEEDED,,True,MARK_AS_SUCCEEDED,,True,MARK_AS_SUCCEEDED,,True,MARK_AS_SUCCEEDED,,True,MARK_AS_SUCCEEDED,,True,MARK_AS_SUCCEEDED,,True,MARK_AS_SUCCEEDED,,True,MARK_AS_SUCCEEDED,,True,MARK_AS_SUCCEEDED,,True,MARK_AS_SUCCEEDED,,True,MARK_AS_SUCCEEDED,,True,MARK_AS_SUCCEEDED,,True,MARK_AS_SUCCEEDED,,True,MARK_AS_SUCCEEDED,,True,MARK_AS_SUCCEEDED,,True,MARK_AS_SUCCEEDED,,True,MARK_AS_SUCCEEDED,,True,MARK_AS_SUCCEEDED,,True,MARK_AS_SUCCEEDED,,True
7,7260cf34,done,['coast'],True,MARK_AS_SUCCEEDED,0,63,MARK_AS_SUCCEEDED,,True,MARK_AS_SUCCEEDED,,True,MARK_AS_SUCCEEDED,,True,MARK_AS_SUCCEEDED,,True,MARK_AS_SUCCEEDED,,True,MARK_AS_SUCCEEDED,,True,MARK_AS_SUCCEEDED,,True,MARK_AS_SUCCEEDED,,True,MARK_AS_SUCCEEDED,,True,MARK_AS_SUCCEEDED,,True,MARK_AS_SUCCEEDED,,True,MARK_AS_SUCCEEDED,,True,MARK_AS_SUCCEEDED,,True,MARK_AS_SUCCEEDED,,True,MARK_AS_SUCCEEDED,,True,MARK_AS_SUCCEEDED,,True,MARK_AS_SUCCEEDED,,True,MARK_AS_SUCCEEDED,,True,MARK_AS_SUCCEEDED,,True,MARK_AS_SUCCEEDED,,True,MARK_AS_SUCCEEDED,,True,MARK_AS_SUCCEEDED,,True,MARK_AS_SUCCEEDED,,True,MARK_AS_SUCCEEDED,,True,MARK_AS_SUCCEEDED,,True,MARK_AS_SUCCEEDED,,True,MARK_AS_SUCCEEDED,,True,MARK_AS_SUCCEEDED,,True,MARK_AS_SUCCEEDED,,True,MARK_AS_SUCCEEDED,,True,MARK_AS_SUCCEEDED,,True,MARK_AS_SUCCEEDED,,True,MARK_AS_SUCCEEDED,,True,MARK_AS_SUCCEEDED,,True,MARK_AS_SUCCEEDED,,True,MARK_AS_SUCCEEDED,,True,MARK_AS_SUCCEEDED,,True,MARK_AS_SUCCEEDED,,True,MARK_AS_SUCCEEDED,,True,MARK_AS_SUCCEEDED,,True,MARK_AS_SUCCEEDED,,True,MARK_AS_SUCCEEDED,,True,MARK_AS_SUCCEEDED,,True,MARK_AS_SUCCEEDED,,True,MARK_AS_SUCCEEDED,,True,MARK_AS_SUCCEEDED,,True,MARK_AS_SUCCEEDED,,True,MARK_AS_SUCCEEDED,,True,MARK_AS_SUCCEEDED,,True,MARK_AS_SUCCEEDED,,True,MARK_AS_SUCCEEDED,,True,MARK_AS_SUCCEEDED,,True,MARK_AS_SUCCEEDED,,True,MARK_AS_SUCCEEDED,,True,MARK_AS_SUCCEEDED,,True,MARK_AS_SUCCEEDED,,True,MARK_AS_SUCCEEDED,,True,MARK_AS_SUCCEEDED,,True,MARK_AS_SUCCEEDED,,True,MARK_AS_SUCCEEDED,,True,MARK_AS_SUCCEEDED,,True,MARK_AS_SUCCEEDED,,True
8,30def702,done,['river'],True,MARK_AS_SUCCEEDED,0,63,MARK_AS_SUCCEEDED,,True,MARK_AS_SUCCEEDED,,True,MARK_AS_SUCCEEDED,,True,MARK_AS_SUCCEEDED,,True,MARK_AS_SUCCEEDED,,True,MARK_AS_SUCCEEDED,,True,MARK_AS_SUCCEEDED,,True,MARK_AS_SUCCEEDED,,True,MARK_AS_SUCCEEDED,,True,MARK_AS_SUCCEEDED,,True,MARK_AS_SUCCEEDED,,True,MARK_AS_SUCCEEDED,,True,MARK_AS_SUCCEEDED,,True,MARK_AS_SUCCEEDED,,True,MARK_AS_SUCCEEDED,,True,MARK_AS_SUCCEEDED,,True,MARK_AS_SUCCEEDED,,True,MARK_AS_SUCCEEDED,,True,MARK_AS_SUCCEEDED,,True,MARK_AS_SUCCEEDED,,True,MARK_AS_SUCCEEDED,,True,MARK_AS_SUCCEEDED,,True,MARK_AS_SUCCEEDED,,True,MARK_AS_SUCCEEDED,,True,MARK_AS_SUCCEEDED,,True,MARK_AS_SUCCEEDED,,True,MARK_AS_SUCCEEDED,,True,MARK_AS_SUCCEEDED,,True,MARK_AS_SUCCEEDED,,True,MARK_AS_SUCCEEDED,,True,MARK_AS_SUCCEEDED,,True,MARK_AS_SUCCEEDED,,True,MARK_AS_SUCCEEDED,,True,MARK_AS_SUCCEEDED,,True,MARK_AS_SUCCEEDED,,True,MARK_AS_SUCCEEDED,,True,MARK_AS_SUCCEEDED,,True,MARK_AS_SUCCEEDED,,True,MARK_AS_SUCCEEDED,,True,MARK_AS_SUCCEEDED,,True,MARK_AS_SUCCEEDED,,True,MARK_AS_SUCCEEDED,,True,MARK_AS_SUCCEEDED,,True,MARK_AS_SUCCEEDED,,True,MARK_AS_SUCCEEDED,,True,MARK_AS_SUCCEEDED,,True,MARK_AS_SUCCEEDED,,True,MARK_AS_SUCCEEDED,,True,MARK_AS_SUCCEEDED,,True,MARK_AS_SUCCEEDED,,True,MARK_AS_SUCCEEDED,,True,MARK_AS_SUCCEEDED,,True,MARK_AS_SUCCEEDED,,True,MARK_AS_SUCCEEDED,,True,MARK_AS_SUCCEEDED,,True,MARK_AS_SUCCEEDED,,True,MARK_AS_SUCCEEDED,,True,MARK_AS_SUCCEEDED,,True,MARK_AS_SUCCEEDED,,True,MARK_AS_SUCCEEDED,,True,MARK_AS_SUCCEEDED,,True,MARK_AS_SUCCEEDED,,True
9,1c9d6902,done,['coast'],True,MARK_AS_SUCCEEDED,0,63,MARK_AS_SUCCEEDED,,True,MARK_AS_SUCCEEDED,,True,MARK_AS_SUCCEEDED,,True,MARK_AS_SUCCEEDED,,True,MARK_AS_SUCCEEDED,,True,MARK_AS_SUCCEEDED,,True,MARK_AS_SUCCEEDED,,True,MARK_AS_SUCCEEDED,,True,MARK_AS_SUCCEEDED,,True,MARK_AS_SUCCEEDED,,True,MARK_AS_SUCCEEDED,,True,MARK_AS_SUCCEEDED,,True,MARK_AS_SUCCEEDED,,True,MARK_AS_SUCCEEDED,,True,MARK_AS_SUCCEEDED,,True,MARK_AS_SUCCEEDED,,True,MARK_AS_SUCCEEDED,,True,MARK_AS_SUCCEEDED,,True,MARK_AS_SUCCEEDED,,True,MARK_AS_SUCCEEDED,,True,MARK_AS_SUCCEEDED,,True,MARK_AS_SUCCEEDED,,True,MARK_AS_SUCCEEDED,,True,MARK_AS_SUCCEEDED,,True,MARK_AS_SUCCEEDED,,True,MARK_AS_SUCCEEDED,,True,MARK_AS_SUCCEEDED,,True,MARK_AS_SUCCEEDED,,True,MARK_AS_SUCCEEDED,,True,MARK_AS_SUCCEEDED,,True,MARK_AS_SUCCEEDED,,True,MARK_AS_SUCCEEDED,,True,MARK_AS_SUCCEEDED,,True,MARK_AS_SUCCEEDED,,True,MARK_AS_SUCCEEDED,,True,MARK_AS_SUCCEEDED,,True,MARK_AS_SUCCEEDED,,True,MARK_AS_SUCCEEDED,,True,MARK_AS_SUCCEEDED,,True,MARK_AS_SUCCEEDED,,True,MARK_AS_SUCCEEDED,,True,MARK_AS_SUCCEEDED,,True,MARK_AS_SUCCEEDED,,True,MARK_AS_SUCCEEDED,,True,MARK_AS_SUCCEEDED,,True,MARK_AS_SUCCEEDED,,True,MARK_AS_SUCCEEDED,,True,MARK_AS_SUCCEEDED,,True,MARK_AS_SUCCEEDED,,True,MARK_AS_SUCCEEDED,,True,MARK_AS_SUCCEEDED,,True,MARK_AS_SUCCEEDED,,True,MARK_AS_SUCCEEDED,,True,MARK_AS_SUCCEEDED,,True,MARK_AS_SUCCEEDED,,True,MARK_AS_SUCCEEDED,,True,MARK_AS_SUCCEEDED,,True,MARK_AS_SUCCEEDED,,True,MARK_AS_SUCCEEDED,,True,MARK_AS_SUCCEEDED,,True,MARK_AS_SUCCEEDED,,True,MARK_AS_SUCCEEDED,,True
