#t[s:double],filename[string]
129876.844074916,129876844074916.png
129876.877400916,129876877400916.png
129876.910727000,129876910727000.png
129876.944053125,129876944053125.png
129876.977379125,129876977379125.png
129877.010705125,129877010705125.png
129877.044031166,129877044031166.png
129877.077357208,129877077357208.png
129877.110683250,129877110683250.png
129877.144009291,129877144009291.png
129877.177335375,129877177335375.png
129877.210661375,129877210661375.png
129877.243987458,129877243987458.png
129877.277313583,129877277313583.png
129877.310639500,129877310639500.png
129877.343965708,129877343965708.png
129877.377291458,129877377291458.png
129877.410617625,129877410617625.png
129877.443943750,129877443943750.png
129877.477269666,129877477269666.png
129877.510595875,129877510595875.png
129877.543921833,129877543921833.png
129877.577247833,129877577247833.png
129877.610573791,129877610573791.png
129877.643899958,129877643899958.png
129877.677226041,129877677226041.png
129877.710552041,129877710552041.png
129877.743878041,129877743878041.png
129877.777204041,129877777204041.png
129877.810530083,129877810530083.png
129877.843856250,129877843856250.png
129877.877182416,129877877182416.png
129877.910508416,129877910508416.png
129877.943834291,129877943834291.png
129877.977160458,129877977160458.png
129878.010486541,129878010486541.png
129878.043812458,129878043812458.png
129878.077138625,129878077138625.png
129878.110464625,129878110464625.png
129878.143790583,129878143790583.png
129878.177116625,129878177116625.png
129878.210442750,129878210442750.png
129878.243768916,129878243768916.png
129878.277094833,129878277094833.png
129878.310420875,129878310420875.png
129878.343746958,129878343746958.png
129878.377073041,129878377073041.png
129878.410399041,129878410399041.png
129878.443725208,129878443725208.png
129878.477051083,129878477051083.png
129878.510377083,129878510377083.png
129878.543703125,129878543703125.png
129878.577029208,129878577029208.png
129878.610355291,129878610355291.png
129878.643681500,129878643681500.png
129878.677007375,129878677007375.png
129878.710333458,129878710333458.png
129878.743659500,129878743659500.png
129878.776985541,129878776985541.png
129878.810311625,129878810311625.png
129878.843637458,129878843637458.png
129878.876963666,129878876963666.png
129878.910289750,129878910289750.png
129878.943616041,129878943616041.png
129878.976942083,129878976942083.png
129879.010268125,129879010268125.png
129879.043593875,129879043593875.png
129879.076920000,129879076920000.png
129879.110246000,129879110246000.png
129879.143572125,129879143572125.png
129879.176898041,129879176898041.png
129879.210224041,129879210224041.png
129879.243550083,129879243550083.png
129879.276876291,129879276876291.png
129879.310202208,129879310202208.png
129879.343528375,129879343528375.png
129879.376854375,129879376854375.png
129879.410180416,129879410180416.png
129879.443506416,129879443506416.png
129879.476832625,129879476832625.png
129879.510158708,129879510158708.png
129879.543484666,129879543484666.png
129879.576810625,129879576810625.png
129879.610136583,129879610136583.png
129879.643462791,129879643462791.png
129879.676788833,129879676788833.png
129879.710114916,129879710114916.png
129879.743441000,129879743441000.png
129879.776766833,129879776766833.png
129879.810092958,129879810092958.png
129879.843418958,129879843418958.png
129879.876745166,129879876745166.png
129879.910071125,129879910071125.png
129879.943397041,129879943397041.png
129879.976723250,129879976723250.png
129880.010049208,129880010049208.png
129880.043375375,129880043375375.png
129880.076701500,129880076701500.png
129880.110027541,129880110027541.png
129880.143353250,129880143353250.png
129880.176679416,129880176679416.png
129880.210005583,129880210005583.png
129880.243331583,129880243331583.png
129880.276657666,129880276657666.png
129880.309983666,129880309983666.png
129880.343309625,129880343309625.png
129880.376635708,129880376635708.png
129880.409961750,129880409961750.png
129880.443287875,129880443287875.png
129880.476614000,129880476614000.png
129880.509939833,129880509939833.png
129880.543266000,129880543266000.png
129880.576592125,129880576592125.png
129880.609918041,129880609918041.png
129880.643244250,129880643244250.png
129880.676570083,129880676570083.png
129880.709896208,129880709896208.png
129880.743222250,129880743222250.png
129880.776548250,129880776548250.png
129880.809874333,129880809874333.png
129880.843200416,129880843200416.png
129880.876526375,129880876526375.png
129880.909852500,129880909852500.png
129880.943178666,129880943178666.png
129880.976504583,129880976504583.png
129881.009830708,129881009830708.png
129881.043156666,129881043156666.png
129881.076482666,129881076482666.png
129881.109808708,129881109808708.png
129881.143134750,129881143134750.png
129881.176460916,129881176460916.png
129881.209787000,129881209787000.png
129881.243112833,129881243112833.png
129881.276438750,129881276438750.png
129881.309765166,129881309765166.png
129881.343091125,129881343091125.png
129881.376417041,129881376417041.png
129881.409743166,129881409743166.png
129881.443069208,129881443069208.png
129881.476395208,129881476395208.png
129881.509721375,129881509721375.png
129881.543047500,129881543047500.png
129881.576373500,129881576373500.png
129881.609699375,129881609699375.png
129881.643025541,129881643025541.png
129881.676351625,129881676351625.png
129881.709677625,129881709677625.png
129881.743003750,129881743003750.png
129881.776329708,129881776329708.png
129881.809655833,129881809655833.png
129881.842981875,129881842981875.png
129881.876308041,129881876308041.png
129881.909634041,129881909634041.png
129881.942960041,129881942960041.png
129881.976285916,129881976285916.png
129882.009612041,129882009612041.png
129882.042938083,129882042938083.png
129882.076264125,129882076264125.png
129882.109590291,129882109590291.png
129882.142916166,129882142916166.png
129882.176242375,129882176242375.png
129882.209568416,129882209568416.png
129882.242894458,129882242894458.png
129882.276220625,129882276220625.png
129882.309546666,129882309546666.png
129882.342872541,129882342872541.png
129882.376198583,129882376198583.png
129882.409524666,129882409524666.png
129882.442850750,129882442850750.png
129882.476176875,129882476176875.png
129882.509502750,129882509502750.png
129882.542828791,129882542828791.png
129882.576154875,129882576154875.png
129882.609481083,129882609481083.png
129882.642807083,129882642807083.png
129882.676133000,129882676133000.png
129882.709459000,129882709459000.png
129882.742785041,129882742785041.png
129882.776111166,129882776111166.png
129882.809437333,129882809437333.png
129882.842763333,129882842763333.png
129882.876089291,129882876089291.png
129882.909415333,129882909415333.png
129882.942741416,129882942741416.png
129882.976067500,129882976067500.png
129883.009393500,129883009393500.png
129883.042719625,129883042719625.png
129883.076045583,129883076045583.png
129883.109371541,129883109371541.png
129883.142697708,129883142697708.png
129883.176023791,129883176023791.png
129883.209349833,129883209349833.png
129883.242675875,129883242675875.png
129883.276001875,129883276001875.png
129883.309327875,129883309327875.png
129883.342654041,129883342654041.png
129883.375980041,129883375980041.png
129883.409306125,129883409306125.png
129883.442632125,129883442632125.png
129883.475958125,129883475958125.png
129883.509284250,129883509284250.png
129883.542610291,129883542610291.png
129883.575936333,129883575936333.png
129883.609262416,129883609262416.png
129883.642588375,129883642588375.png
129883.675914375,129883675914375.png
129883.709240500,129883709240500.png
129883.742566541,129883742566541.png
129883.775892708,129883775892708.png
129883.809218500,129883809218500.png
129883.842544666,129883842544666.png
129883.875870625,129883875870625.png
129883.909196791,129883909196791.png
129883.942522791,129883942522791.png
129883.975848833,129883975848833.png
129884.009174958,129884009174958.png
129884.042501000,129884042501000.png
129884.075827125,129884075827125.png
129884.109153291,129884109153291.png
129884.142479291,129884142479291.png
129884.175805041,129884175805041.png
129884.209131083,129884209131083.png
129884.242457375,129884242457375.png
129884.275783458,129884275783458.png
129884.309109416,129884309109416.png
129884.342435375,129884342435375.png
129884.375761416,129884375761416.png
129884.409087458,129884409087458.png
129884.442413583,129884442413583.png
129884.475739666,129884475739666.png
129884.509065750,129884509065750.png
129884.542391541,129884542391541.png
129884.575717708,129884575717708.png
129884.609043791,129884609043791.png
129884.642370083,129884642370083.png
129884.675696083,129884675696083.png
129884.709021833,129884709021833.png
129884.742347958,129884742347958.png
129884.775674041,129884775674041.png
129884.809000041,129884809000041.png
129884.842326208,129884842326208.png
129884.875652250,129884875652250.png
129884.908977958,129884908977958.png
129884.942304125,129884942304125.png
129884.975630250,129884975630250.png
129885.008956375,129885008956375.png
129885.042282500,129885042282500.png
129885.075608333,129885075608333.png
129885.108934416,129885108934416.png
129885.142260625,129885142260625.png
129885.175586541,129885175586541.png
129885.208912583,129885208912583.png
129885.242238875,129885242238875.png
129885.275564791,129885275564791.png
129885.308890791,129885308890791.png
129885.342216916,129885342216916.png
129885.375542875,129885375542875.png
129885.408868958,129885408868958.png
129885.442194875,129885442194875.png
129885.475521125,129885475521125.png
129885.508847125,129885508847125.png
129885.542173166,129885542173166.png
129885.575499291,129885575499291.png
129885.608825333,129885608825333.png
129885.642151291,129885642151291.png
129885.675477208,129885675477208.png
129885.708803333,129885708803333.png
129885.742129458,129885742129458.png
129885.775455458,129885775455458.png
129885.808781500,129885808781500.png
129885.842107500,129885842107500.png
129885.875433666,129885875433666.png
129885.908759625,129885908759625.png
129885.942085666,129885942085666.png
129885.975411750,129885975411750.png
129886.008737750,129886008737750.png
129886.042063833,129886042063833.png
129886.075389916,129886075389916.png
129886.108716000,129886108716000.png
129886.142041958,129886142041958.png
129886.175367916,129886175367916.png
129886.208694125,129886208694125.png
129886.242020083,129886242020083.png
129886.275346208,129886275346208.png
129886.308672208,129886308672208.png
129886.341998375,129886341998375.png
129886.375324208,129886375324208.png
129886.408650416,129886408650416.png
129886.441976333,129886441976333.png
129886.475302375,129886475302375.png
129886.508628625,129886508628625.png
129886.541954583,129886541954583.png
129886.575280583,129886575280583.png
129886.608606750,129886608606750.png
129886.641932708,129886641932708.png
129886.675258833,129886675258833.png
129886.708584958,129886708584958.png
129886.741910916,129886741910916.png
129886.775236791,129886775236791.png
129886.808562958,129886808562958.png
129886.841889041,129886841889041.png
129886.875215125,129886875215125.png
129886.908541125,129886908541125.png
129886.941867125,129886941867125.png
129886.975193250,129886975193250.png
129887.008519291,129887008519291.png
129887.041845458,129887041845458.png
129887.075171541,129887075171541.png
129887.108497333,129887108497333.png
129887.141823333,129887141823333.png
129887.175149500,129887175149500.png
129887.208475583,129887208475583.png
129887.241801708,129887241801708.png
129887.275127500,129887275127500.png
129887.308453625,129887308453625.png
129887.341779708,129887341779708.png
129887.375105708,129887375105708.png
129887.408431958,129887408431958.png
129887.441758041,129887441758041.png
129887.475083833,129887475083833.png
129887.508410000,129887508410000.png
129887.541736000,129887541736000.png
129887.575062166,129887575062166.png
129887.608388250,129887608388250.png
129887.641714041,129887641714041.png
129887.675040166,129887675040166.png
129887.708366208,129887708366208.png
129887.741692291,129887741692291.png
129887.775018375,129887775018375.png
129887.808344541,129887808344541.png
129887.841670375,129887841670375.png
129887.874996500,129887874996500.png
129887.908322541,129887908322541.png
129887.941648583,129887941648583.png
129887.974974666,129887974974666.png
129888.008300666,129888008300666.png
129888.041626666,129888041626666.png
129888.074952833,129888074952833.png
129888.108278750,129888108278750.png
129888.141604916,129888141604916.png
129888.174931041,129888174931041.png
129888.208256958,129888208256958.png
129888.241582958,129888241582958.png
129888.274909208,129888274909208.png
129888.308235250,129888308235250.png
129888.341561291,129888341561291.png
129888.374887250,129888374887250.png
129888.408213291,129888408213291.png
129888.441539333,129888441539333.png
129888.474865333,129888474865333.png
129888.508191458,129888508191458.png
129888.541517458,129888541517458.png
129888.574843458,129888574843458.png
129888.608169583,129888608169583.png
129888.641495666,129888641495666.png
129888.674821708,129888674821708.png
129888.708147833,129888708147833.png
129888.741473750,129888741473750.png
129888.774799875,129888774799875.png
129888.808125958,129888808125958.png
129888.841452083,129888841452083.png
129888.874778083,129888874778083.png
129888.908104083,129888908104083.png
129888.941430166,129888941430166.png
129888.974756166,129888974756166.png
129889.008082041,129889008082041.png
129889.041408250,129889041408250.png
129889.074734375,129889074734375.png
129889.108060333,129889108060333.png
129889.141386375,129889141386375.png
129889.174712333,129889174712333.png
129889.208038541,129889208038541.png
129889.241364458,129889241364458.png
129889.274690666,129889274690666.png
129889.308016625,129889308016625.png
129889.341342708,129889341342708.png
129889.374668625,129889374668625.png
129889.407994750,129889407994750.png
129889.441320791,129889441320791.png
129889.474646750,129889474646750.png
129889.507972958,129889507972958.png
129889.541298916,129889541298916.png
129889.574625041,129889574625041.png
129889.607951083,129889607951083.png
129889.641277166,129889641277166.png
129889.674603166,129889674603166.png
129889.707929166,129889707929166.png
129889.741255166,129889741255166.png
129889.774581208,129889774581208.png
129889.807907375,129889807907375.png
129889.841233291,129889841233291.png
129889.874559375,129889874559375.png
129889.907885541,129889907885541.png
129889.941211500,129889941211500.png
129889.974537625,129889974537625.png
129890.007863625,129890007863625.png
129890.041189583,129890041189583.png
129890.074515791,129890074515791.png
129890.107841875,129890107841875.png
129890.141167833,129890141167833.png
129890.174493875,129890174493875.png
129890.207819833,129890207819833.png
129890.241145916,129890241145916.png
129890.274472041,129890274472041.png
129890.307798125,129890307798125.png
129890.341124250,129890341124250.png
129890.374450291,129890374450291.png
129890.407776125,129890407776125.png
129890.441102375,129890441102375.png
129890.474428416,129890474428416.png
129890.507754500,129890507754500.png
129890.541080458,129890541080458.png
129890.574406500,129890574406500.png
129890.607732541,129890607732541.png
129890.641058541,129890641058541.png
129890.674384708,129890674384708.png
129890.707710750,129890707710750.png
129890.741036875,129890741036875.png
129890.774362625,129890774362625.png
129890.807688833,129890807688833.png
129890.841014958,129890841014958.png
129890.874340916,129890874340916.png
129890.907667125,129890907667125.png
129890.940992875,129890940992875.png
129890.974318958,129890974318958.png
129891.007645166,129891007645166.png
129891.040971208,129891040971208.png
129891.074297333,129891074297333.png
129891.107623416,129891107623416.png
129891.140949208,129891140949208.png
129891.174275208,129891174275208.png
129891.207601541,129891207601541.png
129891.240927416,129891240927416.png
129891.274253708,129891274253708.png
129891.307579541,129891307579541.png
129891.340905708,129891340905708.png
129891.374231750,129891374231750.png
129891.407557791,129891407557791.png
129891.440883958,129891440883958.png
129891.474209958,129891474209958.png
129891.507535916,129891507535916.png
129891.540861916,129891540861916.png
129891.574188041,129891574188041.png
129891.607514125,129891607514125.png
129891.640840333,129891640840333.png
129891.674166208,129891674166208.png
129891.707492125,129891707492125.png
129891.740818375,129891740818375.png
129891.774144375,129891774144375.png
129891.807470250,129891807470250.png
129891.840796458,129891840796458.png
129891.874122458,129891874122458.png
129891.907448375,129891907448375.png
129891.940774541,129891940774541.png
129891.974100625,129891974100625.png
129892.007426750,129892007426750.png
129892.040752708,129892040752708.png
129892.074078625,129892074078625.png
129892.107404708,129892107404708.png
129892.140730916,129892140730916.png
129892.174057041,129892174057041.png
129892.207382958,129892207382958.png
129892.240709000,129892240709000.png
129892.274035083,129892274035083.png
129892.307361125,129892307361125.png
129892.340687208,129892340687208.png
129892.374013250,129892374013250.png
129892.407339083,129892407339083.png
129892.440665250,129892440665250.png
129892.473991333,129892473991333.png
129892.507317333,129892507317333.png
129892.540643541,129892540643541.png
129892.573969541,129892573969541.png
129892.607295458,129892607295458.png
129892.640621625,129892640621625.png
129892.673947583,129892673947583.png
129892.707273666,129892707273666.png
129892.740599833,129892740599833.png
129892.773925833,129892773925833.png
129892.807251791,129892807251791.png
129892.840577916,129892840577916.png
129892.873903916,129892873903916.png
129892.907230000,129892907230000.png
129892.940556083,129892940556083.png
129892.973882083,129892973882083.png
129893.007208041,129893007208041.png
129893.040534125,129893040534125.png
129893.073860250,129893073860250.png
129893.107186458,129893107186458.png
129893.140512250,129893140512250.png
129893.173838291,129893173838291.png
129893.207164500,129893207164500.png
129893.240490500,129893240490500.png
129893.273816583,129893273816583.png
129893.307142708,129893307142708.png
129893.340468541,129893340468541.png
129893.373794666,129893373794666.png
129893.407120875,129893407120875.png
129893.440446833,129893440446833.png
129893.473772833,129893473772833.png
129893.507098791,129893507098791.png
129893.540425000,129893540425000.png
129893.573750958,129893573750958.png
129893.607076958,129893607076958.png
129893.640403125,129893640403125.png
129893.673729083,129893673729083.png
129893.707055166,129893707055166.png
129893.740381166,129893740381166.png
129893.773707166,129893773707166.png
129893.807033291,129893807033291.png
129893.840359333,129893840359333.png
129893.873685416,129893873685416.png
129893.907011375,129893907011375.png
129893.940337500,129893940337500.png
129893.973663541,129893973663541.png
129894.006989708,129894006989708.png
129894.040315750,129894040315750.png
129894.073641583,129894073641583.png
129894.106967666,129894106967666.png
129894.140293708,129894140293708.png
129894.173619958,129894173619958.png
129894.206945958,129894206945958.png
129894.240271833,129894240271833.png
129894.273597916,129894273597916.png
129894.306924000,129894306924000.png
129894.340250208,129894340250208.png
129894.373576166,129894373576166.png
129894.406902333,129894406902333.png
129894.440228208,129894440228208.png
129894.473554375,129894473554375.png
129894.506880333,129894506880333.png
129894.540206458,129894540206458.png
129894.573532583,129894573532583.png
129894.606858416,129894606858416.png
129894.640184458,129894640184458.png
129894.673510666,129894673510666.png
129894.706836625,129894706836625.png
129894.740162708,129894740162708.png
129894.773489000,129894773489000.png
129894.806814750,129894806814750.png
129894.840140875,129894840140875.png
129894.873466958,129894873466958.png
129894.906793000,129894906793000.png
129894.940119083,129894940119083.png
129894.973445000,129894973445000.png
129895.006771041,129895006771041.png
129895.040097125,129895040097125.png
129895.073423208,129895073423208.png
129895.106749208,129895106749208.png
129895.140075333,129895140075333.png
129895.173401291,129895173401291.png
129895.206727375,129895206727375.png
129895.240053416,129895240053416.png
129895.273379583,129895273379583.png
129895.306705583,129895306705583.png
129895.340031541,129895340031541.png
129895.373357625,129895373357625.png
129895.406683583,129895406683583.png
129895.440009791,129895440009791.png
129895.473335791,129895473335791.png
129895.506662000,129895506662000.png
129895.539987791,129895539987791.png
129895.573313958,129895573313958.png
129895.606639916,129895606639916.png
129895.639966125,129895639966125.png
129895.673292125,129895673292125.png
129895.706618083,129895706618083.png
129895.739944083,129895739944083.png
129895.773270208,129895773270208.png
129895.806596208,129895806596208.png
129895.839922333,129895839922333.png
129895.873248500,129895873248500.png
129895.906574416,129895906574416.png
129895.939900458,129895939900458.png
129895.973226458,129895973226458.png
129896.006552541,129896006552541.png
129896.039878791,129896039878791.png
129896.073204666,129896073204666.png
129896.106530708,129896106530708.png
129896.139856833,129896139856833.png
129896.173182833,129896173182833.png
129896.206509000,129896206509000.png
129896.239835000,129896239835000.png
129896.273160875,129896273160875.png
129896.306487000,129896306487000.png
129896.339813166,129896339813166.png
129896.373139208,129896373139208.png
129896.406465291,129896406465291.png
129896.439791166,129896439791166.png
129896.473117291,129896473117291.png
129896.506443291,129896506443291.png
129896.539769333,129896539769333.png
129896.573095458,129896573095458.png
129896.606421583,129896606421583.png
129896.639747416,129896639747416.png
129896.673073666,129896673073666.png
129896.706399625,129896706399625.png
129896.739725750,129896739725750.png
129896.773051708,129896773051708.png
129896.806377791,129896806377791.png
129896.839703750,129896839703750.png
129896.873029833,129896873029833.png
129896.906355958,129896906355958.png
129896.939682041,129896939682041.png
129896.973008083,129896973008083.png
129897.006333958,129897006333958.png
129897.039660125,129897039660125.png
129897.072986291,129897072986291.png
129897.106312250,129897106312250.png
129897.139638416,129897139638416.png
129897.172964333,129897172964333.png
129897.206290333,129897206290333.png
129897.239616458,129897239616458.png
129897.272942500,129897272942500.png
129897.306268500,129897306268500.png
129897.339594625,129897339594625.png
129897.372920583,129897372920583.png
129897.406246708,129897406246708.png
129897.439572708,129897439572708.png
129897.472898875,129897472898875.png
129897.506224916,129897506224916.png
129897.539550875,129897539550875.png
129897.572876833,129897572876833.png
129897.606202958,129897606202958.png
129897.639529041,129897639529041.png
129897.672855166,129897672855166.png
129897.706181083,129897706181083.png
129897.739507208,129897739507208.png
129897.772833250,129897772833250.png
129897.806159250,129897806159250.png
129897.839485291,129897839485291.png
129897.872811458,129897872811458.png
129897.906137416,129897906137416.png
129897.939463458,129897939463458.png
129897.972789583,129897972789583.png
129898.006115625,129898006115625.png
129898.039441666,129898039441666.png
129898.072767666,129898072767666.png
129898.106093666,129898106093666.png
129898.139419708,129898139419708.png
129898.172745875,129898172745875.png
129898.206071875,129898206071875.png
129898.239398041,129898239398041.png
129898.272723791,129898272723791.png
129898.306050041,129898306050041.png
129898.339376000,129898339376000.png
129898.372702166,129898372702166.png
129898.406028208,129898406028208.png
129898.439354291,129898439354291.png
129898.472680208,129898472680208.png
129898.506006250,129898506006250.png
129898.539332291,129898539332291.png
129898.572658208,129898572658208.png
129898.605984583,129898605984583.png
129898.639310333,129898639310333.png
129898.672636375,129898672636375.png
129898.705962500,129898705962500.png
129898.739288625,129898739288625.png
129898.772614666,129898772614666.png
129898.805940833,129898805940833.png
129898.839266833,129898839266833.png
129898.872592666,129898872592666.png
129898.905918875,129898905918875.png
129898.939245000,129898939245000.png
129898.972571000,129898972571000.png
129899.005896958,129899005896958.png
129899.039223125,129899039223125.png
129899.072549125,129899072549125.png
129899.105875166,129899105875166.png
129899.139201333,129899139201333.png
129899.172527375,129899172527375.png
129899.205853250,129899205853250.png
129899.239179291,129899239179291.png
129899.272505458,129899272505458.png
129899.305831541,129899305831541.png
129899.339157541,129899339157541.png
129899.372483541,129899372483541.png
129899.405809541,129899405809541.png
129899.439135666,129899439135666.png
129899.472461750,129899472461750.png
129899.505787833,129899505787833.png
129899.539114000,129899539114000.png
129899.572439916,129899572439916.png
129899.605765958,129899605765958.png
129899.639092125,129899639092125.png
129899.672418125,129899672418125.png
129899.705744125,129899705744125.png
129899.739070083,129899739070083.png
129899.772396208,129899772396208.png
129899.805722208,129899805722208.png
129899.839048250,129899839048250.png
129899.872374458,129899872374458.png
129899.905700458,129899905700458.png
129899.939026583,129899939026583.png
129899.972352500,129899972352500.png
129900.005678666,129900005678666.png
129900.039004708,129900039004708.png
129900.072330541,129900072330541.png
129900.105656666,129900105656666.png
129900.138982750,129900138982750.png
129900.172308875,129900172308875.png
129900.205634916,129900205634916.png
129900.238961000,129900238961000.png
129900.272287000,129900272287000.png
129900.305613000,129900305613000.png
129900.338938958,129900338938958.png
129900.372265041,129900372265041.png
129900.405591291,129900405591291.png
129900.438917208,129900438917208.png
129900.472243166,129900472243166.png
129900.505569291,129900505569291.png
129900.538895250,129900538895250.png
129900.572221500,129900572221500.png
129900.605547416,129900605547416.png
129900.638873583,129900638873583.png
129900.672199583,129900672199583.png
129900.705525541,129900705525541.png
129900.738851708,129900738851708.png
129900.772177708,129900772177708.png
129900.805503791,129900805503791.png
129900.838829875,129900838829875.png
129900.872155708,129900872155708.png
129900.905481916,129900905481916.png
129900.938807916,129900938807916.png
129900.972134083,129900972134083.png
129901.005460000,129901005460000.png
129901.038786041,129901038786041.png
129901.072112083,129901072112083.png
129901.105438208,129901105438208.png
129901.138764291,129901138764291.png
129901.172090375,129901172090375.png
129901.205416250,129901205416250.png
129901.238742333,129901238742333.png
129901.272068458,129901272068458.png
129901.305394583,129901305394583.png
129901.338720583,129901338720583.png
129901.372046791,129901372046791.png
129901.405372541,129901405372541.png
129901.438698750,129901438698750.png
129901.472024750,129901472024750.png
129901.505350916,129901505350916.png
129901.538676916,129901538676916.png
129901.572002791,129901572002791.png
129901.605328916,129901605328916.png
129901.638654958,129901638654958.png
129901.671981041,129901671981041.png
129901.705307250,129901705307250.png
129901.738633208,129901738633208.png
129901.771959125,129901771959125.png
129901.805285208,129901805285208.png
129901.838611375,129901838611375.png
129901.871937458,129901871937458.png
129901.905263375,129901905263375.png
129901.938589291,129901938589291.png
129901.971915500,129901971915500.png
129902.005241583,129902005241583.png
129902.038567666,129902038567666.png
129902.071893791,129902071893791.png
129902.105219833,129902105219833.png
129902.138545791,129902138545791.png
129902.171871833,129902171871833.png
129902.205197875,129902205197875.png
129902.238524000,129902238524000.png
129902.271850083,129902271850083.png
129902.305175916,129902305175916.png
129902.338502041,129902338502041.png
129902.371828041,129902371828041.png
129902.405154166,129902405154166.png
129902.438480166,129902438480166.png
129902.471806333,129902471806333.png
129902.505132333,129902505132333.png
129902.538458333,129902538458333.png
129902.571784458,129902571784458.png
129902.605110541,129902605110541.png
129902.638436666,129902638436666.png
129902.671762458,129902671762458.png
129902.705088583,129902705088583.png
129902.738414666,129902738414666.png
129902.771740625,129902771740625.png
129902.805066833,129902805066833.png
129902.838392916,129902838392916.png
129902.871718750,129902871718750.png
129902.905044916,129902905044916.png
129902.938370916,129902938370916.png
129902.971697083,129902971697083.png
129903.005023125,129903005023125.png
129903.038349000,129903038349000.png
129903.071675291,129903071675291.png
129903.105001416,129903105001416.png
129903.138327500,129903138327500.png
129903.171653416,129903171653416.png
129903.204979583,129903204979583.png
129903.238305416,129903238305416.png
129903.271631458,129903271631458.png
129903.304957500,129903304957500.png
129903.338283750,129903338283750.png
129903.371609583,129903371609583.png
129903.404935708,129903404935708.png
129903.438261666,129903438261666.png
129903.471587833,129903471587833.png
129903.504913916,129903504913916.png
129903.538239875,129903538239875.png
129903.571565958,129903571565958.png
129903.604892000,129903604892000.png
129903.638217916,129903638217916.png
129903.671544000,129903671544000.png
129903.704870208,129903704870208.png
129903.738196208,129903738196208.png
129903.771522208,129903771522208.png
129903.804848208,129903804848208.png
129903.838174250,129903838174250.png
129903.871500416,129903871500416.png
129903.904826583,129903904826583.png
129903.938152708,129903938152708.png
129903.971478500,129903971478500.png
129904.004804500,129904004804500.png
129904.038130625,129904038130625.png
129904.071456708,129904071456708.png
129904.104782833,129904104782833.png
129904.138108666,129904138108666.png
129904.171434791,129904171434791.png
129904.204760791,129904204760791.png
129904.238086916,129904238086916.png
129904.271413083,129904271413083.png
129904.304739041,129904304739041.png
129904.338064958,129904338064958.png
129904.371391041,129904371391041.png
129904.404717166,129904404717166.png
129904.438043291,129904438043291.png
129904.471369291,129904471369291.png
129904.504695250,129904504695250.png
129904.538021250,129904538021250.png
129904.571347500,129904571347500.png
129904.604673416,129904604673416.png
129904.637999666,129904637999666.png
129904.671325750,129904671325750.png
129904.704651708,129904704651708.png
129904.737977625,129904737977625.png
129904.771303708,129904771303708.png
129904.804629708,129904804629708.png
129904.837955833,129904837955833.png
129904.871281875,129904871281875.png
129904.904607791,129904904607791.png
129904.937933875,129904937933875.png
129904.971260125,129904971260125.png
129905.004586083,129905004586083.png
129905.037912166,129905037912166.png
129905.071238041,129905071238041.png
129905.104564125,129905104564125.png
129905.137890250,129905137890250.png
129905.171216291,129905171216291.png
129905.204542375,129905204542375.png
129905.237868375,129905237868375.png
129905.271194541,129905271194541.png
129905.304520583,129905304520583.png
129905.337846541,129905337846541.png
129905.371172666,129905371172666.png
129905.404498833,129905404498833.png
129905.437824583,129905437824583.png
129905.471150708,129905471150708.png
129905.504476791,129905504476791.png
129905.537802916,129905537802916.png
129905.571128958,129905571128958.png
129905.604454833,129905604454833.png
129905.637781041,129905637781041.png
129905.671107000,129905671107000.png
129905.704433041,129905704433041.png
129905.737759208,129905737759208.png
129905.771085416,129905771085416.png
129905.804411166,129905804411166.png
129905.837737250,129905837737250.png
129905.871063416,129905871063416.png
129905.904389416,129905904389416.png
129905.937715666,129905937715666.png
129905.971041500,129905971041500.png
129906.004367666,129906004367666.png
129906.037693791,129906037693791.png
129906.071019833,129906071019833.png
129906.104345791,129906104345791.png
129906.137671875,129906137671875.png
129906.170997791,129906170997791.png
129906.204323875,129906204323875.png
129906.237649833,129906237649833.png
129906.270976041,129906270976041.png
129906.304302250,129906304302250.png
129906.337628083,129906337628083.png
129906.370954250,129906370954250.png
129906.404280166,129906404280166.png
129906.437606208,129906437606208.png
129906.470932416,129906470932416.png
129906.504258458,129906504258458.png
129906.537584375,129906537584375.png
129906.570910416,129906570910416.png
129906.604236541,129906604236541.png
129906.637562625,129906637562625.png
129906.670888708,129906670888708.png
129906.704214541,129906704214541.png
129906.737540750,129906737540750.png
129906.770866750,129906770866750.png
129906.804192791,129906804192791.png
129906.837518916,129906837518916.png
129906.870844875,129906870844875.png
129906.904170833,129906904170833.png
129906.937497000,129906937497000.png
129906.970823000,129906970823000.png
129907.004149166,129907004149166.png
129907.037475208,129907037475208.png
129907.070801166,129907070801166.png
129907.104127166,129907104127166.png
129907.137453291,129907137453291.png
129907.170779333,129907170779333.png
129907.204105416,129907204105416.png
129907.237431583,129907237431583.png
129907.270757416,129907270757416.png
129907.304083500,129907304083500.png
129907.337409583,129907337409583.png
129907.370735666,129907370735666.png
129907.404061833,129907404061833.png
129907.437387625,129907437387625.png
129907.470713750,129907470713750.png
129907.504039875,129907504039875.png
129907.537365916,129907537365916.png
129907.570692041,129907570692041.png
129907.604018083,129907604018083.png
129907.637344083,129907637344083.png
129907.670670000,129907670670000.png
129907.703996208,129907703996208.png
129907.737322208,129907737322208.png
129907.770648416,129907770648416.png
129907.803974208,129907803974208.png
129907.837300291,129907837300291.png
129907.870626416,129907870626416.png
129907.903952500,129907903952500.png
129907.937278500,129907937278500.png
129907.970604583,129907970604583.png
129908.003930583,129908003930583.png
129908.037256750,129908037256750.png
129908.070582833,129908070582833.png
129908.103908916,129908103908916.png
129908.137234833,129908137234833.png
129908.170560791,129908170560791.png
129908.203886958,129908203886958.png
129908.237212833,129908237212833.png
129908.270539083,129908270539083.png
129908.303865125,129908303865125.png
129908.337191208,129908337191208.png
129908.370517000,129908370517000.png
129908.403843083,129908403843083.png
129908.437169208,129908437169208.png
129908.470495375,129908470495375.png
129908.503821458,129908503821458.png
129908.537147250,129908537147250.png
129908.570473416,129908570473416.png
129908.603799458,129908603799458.png
129908.637125458,129908637125458.png
129908.670451708,129908670451708.png
129908.703777750,129908703777750.png
129908.737103750,129908737103750.png
129908.770429833,129908770429833.png
129908.803755958,129908803755958.png
129908.837082000,129908837082000.png
129908.870408000,129908870408000.png
129908.903733916,129908903733916.png
129908.937060083,129908937060083.png
129908.970386208,129908970386208.png
129909.003712208,129909003712208.png
129909.037038250,129909037038250.png
129909.070364250,129909070364250.png
129909.103690208,129909103690208.png
129909.137016375,129909137016375.png
129909.170342375,129909170342375.png
129909.203668500,129909203668500.png
129909.236994500,129909236994500.png
129909.270320500,129909270320500.png
129909.303646583,129909303646583.png
129909.336972541,129909336972541.png
129909.370298750,129909370298750.png
129909.403624750,129909403624750.png
129909.436950833,129909436950833.png
129909.470276750,129909470276750.png
129909.503602916,129909503602916.png
129909.536928916,129909536928916.png
129909.570255125,129909570255125.png
129909.603581041,129909603581041.png
129909.636907041,129909636907041.png
129909.670233125,129909670233125.png
129909.703559208,129909703559208.png
129909.736885166,129909736885166.png
129909.770211291,129909770211291.png
129909.803537416,129909803537416.png
129909.836863250,129909836863250.png
129909.870189458,129909870189458.png
129909.903515500,129909903515500.png
129909.936841541,129909936841541.png
129909.970167666,129909970167666.png
129910.003493625,129910003493625.png
129910.036819583,129910036819583.png
129910.070145833,129910070145833.png
129910.103471833,129910103471833.png
129910.136797875,129910136797875.png
129910.170123875,129910170123875.png
129910.203449833,129910203449833.png
129910.236775875,129910236775875.png
129910.270102083,129910270102083.png
129910.303428125,129910303428125.png
129910.336754208,129910336754208.png
129910.370080125,129910370080125.png
129910.403406083,129910403406083.png
129910.436732208,129910436732208.png
129910.470058333,129910470058333.png
129910.503384458,129910503384458.png
129910.536710500,129910536710500.png
129910.570036458,129910570036458.png
129910.603362583,129910603362583.png
129910.636688666,129910636688666.png
129910.670014791,129910670014791.png
129910.703340833,129910703340833.png
129910.736666708,129910736666708.png
129910.769992750,129910769992750.png
129910.803318750,129910803318750.png
129910.836644833,129910836644833.png
129910.869970958,129910869970958.png
129910.903297166,129910903297166.png
129910.936623083,129910936623083.png
129910.969949125,129910969949125.png
129911.003275166,129911003275166.png
129911.036601333,129911036601333.png
129911.069927250,129911069927250.png
129911.103253125,129911103253125.png
129911.136579208,129911136579208.png
129911.169905500,129911169905500.png
129911.203231458,129911203231458.png
129911.236557583,129911236557583.png
129911.269883583,129911269883583.png
129911.303209625,129911303209625.png
129911.336535625,129911336535625.png
129911.369861708,129911369861708.png
129911.403187833,129911403187833.png
129911.436513958,129911436513958.png
129911.469839875,129911469839875.png
129911.503165791,129911503165791.png
129911.536491875,129911536491875.png
129911.569818000,129911569818000.png
129911.603144041,129911603144041.png
129911.636470041,129911636470041.png
129911.669796041,129911669796041.png
129911.703122208,129911703122208.png
129911.736448208,129911736448208.png
129911.769774375,129911769774375.png
129911.803100500,129911803100500.png
129911.836426250,129911836426250.png
129911.869752333,129911869752333.png
129911.903078583,129911903078583.png
129911.936404541,129911936404541.png
129911.969730625,129911969730625.png
129912.003056833,129912003056833.png
129912.036382750,129912036382750.png
129912.069708791,129912069708791.png
129912.103034833,129912103034833.png
129912.136360875,129912136360875.png
129912.169687000,129912169687000.png
129912.203012875,129912203012875.png
129912.236339000,129912236339000.png
129912.269665000,129912269665000.png
129912.302991083,129912302991083.png
129912.336317208,129912336317208.png
129912.369643208,129912369643208.png
129912.402969041,129912402969041.png
129912.436295250,129912436295250.png
129912.469621416,129912469621416.png
129912.502947541,129912502947541.png
129912.536273541,129912536273541.png
129912.569599541,129912569599541.png
129912.602925541,129912602925541.png
129912.636251583,129912636251583.png
129912.669577708,129912669577708.png
129912.702903750,129912702903750.png
129912.736229833,129912736229833.png
129912.769555750,129912769555750.png
129912.802881875,129912802881875.png
129912.836207958,129912836207958.png
129912.869534166,129912869534166.png
129912.902860208,129912902860208.png
129912.936186000,129912936186000.png
129912.969512000,129912969512000.png
129913.002838083,129913002838083.png
129913.036164125,129913036164125.png
129913.069490375,129913069490375.png
129913.102816375,129913102816375.png
129913.136142291,129913136142291.png
129913.169468416,129913169468416.png
129913.202794458,129913202794458.png
129913.236120458,129913236120458.png
129913.269446708,129913269446708.png
129913.302772458,129913302772458.png
129913.336098583,129913336098583.png
129913.369424625,129913369424625.png
129913.402750791,129913402750791.png
129913.436076791,129913436076791.png
129913.469402916,129913469402916.png
129913.502728916,129913502728916.png
129913.536055041,129913536055041.png
129913.569381041,129913569381041.png
129913.602707291,129913602707291.png
129913.636033208,129913636033208.png
129913.669359083,129913669359083.png
129913.702685125,129913702685125.png
129913.736011333,129913736011333.png
129913.769337375,129913769337375.png
129913.802663541,129913802663541.png
129913.835989541,129913835989541.png
129913.869315500,129913869315500.png
129913.902641541,129913902641541.png
129913.935967583,129913935967583.png
129913.969293708,129913969293708.png
129914.002619708,129914002619708.png
129914.035945625,129914035945625.png
129914.069271750,129914069271750.png
129914.102598000,129914102598000.png
129914.135924000,129914135924000.png
129914.169250125,129914169250125.png
129914.202576083,129914202576083.png
129914.235902000,129914235902000.png
129914.269228083,129914269228083.png
129914.302554208,129914302554208.png
129914.335880125,129914335880125.png
129914.369206166,129914369206166.png
129914.402532291,129914402532291.png
129914.435858375,129914435858375.png
129914.469184458,129914469184458.png
129914.502510500,129914502510500.png
129914.535836500,129914535836500.png
129914.569162708,129914569162708.png
129914.602488625,129914602488625.png
129914.635814666,129914635814666.png
129914.669140583,129914669140583.png
129914.702466833,129914702466833.png
129914.735792875,129914735792875.png
129914.769118833,129914769118833.png
129914.802444875,129914802444875.png
129914.835770875,129914835770875.png
129914.869097000,129914869097000.png
129914.902423125,129914902423125.png
129914.935749250,129914935749250.png
129914.969075083,129914969075083.png
129915.002401166,129915002401166.png
129915.035727166,129915035727166.png
129915.069053333,129915069053333.png
129915.102379416,129915102379416.png
129915.135705375,129915135705375.png
129915.169031416,129915169031416.png
129915.202357458,129915202357458.png
129915.235683500,129915235683500.png
129915.269009666,129915269009666.png
129915.302335791,129915302335791.png
129915.335661666,129915335661666.png
129915.368987666,129915368987666.png
129915.402313791,129915402313791.png
129915.435640041,129915435640041.png
129915.468966083,129915468966083.png
129915.502291833,129915502291833.png
129915.535618041,129915535618041.png
129915.568944125,129915568944125.png
129915.602270166,129915602270166.png
129915.635596208,129915635596208.png
129915.668922333,129915668922333.png
129915.702248333,129915702248333.png
129915.735574250,129915735574250.png
129915.768900375,129915768900375.png
129915.802226416,129915802226416.png
129915.835552541,129915835552541.png
129915.868878500,129915868878500.png
129915.902204583,129915902204583.png
129915.935530541,129915935530541.png
129915.968856750,129915968856750.png
129916.002182750,129916002182750.png
129916.035508833,129916035508833.png
129916.068834833,129916068834833.png
129916.102160958,129916102160958.png
129916.135486958,129916135486958.png
129916.168813041,129916168813041.png
129916.202139083,129916202139083.png
129916.235465000,129916235465000.png
129916.268791125,129916268791125.png
129916.302117125,129916302117125.png
129916.335443375,129916335443375.png
129916.368769416,129916368769416.png
129916.402095500,129916402095500.png
