local_index,frame_id,A_shape,B_shape,A_depth_mean,A_depth_median,A_depth_p99,B_depth_mean,B_depth_median,B_depth_p99,A_conf_mean,A_conf_median,A_conf_p99,B_conf_mean,B_conf_median,B_conf_p99,A_conf_signal_mean,B_conf_signal_mean
0,cap-1,"[280, 504]","[476, 742]",1.0645040273666382,1.039496898651123,1.5435000777244567,1.169137954711914,1.1264432668685913,1.6227063882350923,1.0018634796142578,1.0001952648162842,1.0319795501232147,1.001891016960144,1.0003678798675537,1.0228299105167389,0.001863348763436079,0.0018912226660177112
1,cap-3,"[280, 504]","[476, 742]",1.071759581565857,1.0458606481552124,1.5536921787261961,1.184575080871582,1.143403172492981,1.6496905410289764,1.0016506910324097,1.0001906156539917,1.0267824900150297,1.0024727582931519,1.0004514455795288,1.0343966245651246,0.0016507593682035804,0.00247271079570055
2,cap-5,"[280, 504]","[476, 742]",1.0832594633102417,1.0584547519683838,1.5665885853767394,1.194291353225708,1.1556097269058228,1.6623771905899054,1.0015329122543335,1.0001659393310547,1.0279876244068145,1.0016160011291504,1.0003527402877808,1.0179614877700807,0.0015329947927966714,0.001615853514522314
3,cap-7,"[280, 504]","[476, 742]",1.0972161293029785,1.078047752380371,1.614633915424347,1.2110743522644043,1.1752352714538574,1.6938862681388855,1.0009379386901855,1.0000993013381958,1.01493723154068,1.001061201095581,1.000213384628296,1.0106876194477081,0.0009379338007420301,0.0010611931793391705
4,cap-21,"[280, 504]","[476, 742]",1.1271958351135254,1.1040490865707397,1.5826907682418823,1.2487926483154297,1.2278865575790405,1.6927700233459473,1.0012567043304443,1.0001426935195923,1.0178499627113342,1.0013322830200195,1.0002930164337158,1.0158206188678742,0.001256686169654131,0.001332367886789143
5,cap-23,"[280, 504]","[476, 742]",1.1096335649490356,1.082457184791565,1.56563392162323,1.2254376411437988,1.1975362300872803,1.6459271335601808,1.0015158653259277,1.0001717805862427,1.022448261976242,1.0018471479415894,1.0004322528839111,1.0269760084152222,0.0015158257447183132,0.0018471842631697655
6,cap-29,"[280, 504]","[476, 742]",1.0795459747314453,1.05764901638031,1.5141766250133515,1.1849907636642456,1.1525752544403076,1.5834195935726165,1.0015050172805786,1.0001516342163086,1.019975620508194,1.0026957988739014,1.0006835460662842,1.0314610576629641,0.0015049913199618459,0.002695741131901741
7,cap-31,"[280, 504]","[476, 742]",1.065152645111084,1.038602590560913,1.5011693882942199,1.1710935831069946,1.135869026184082,1.5772866964340213,1.0015901327133179,1.0001856088638306,1.0208875799179078,1.0025218725204468,1.000692367553711,1.0292600357532502,0.001590222935192287,0.0025218420196324587
8,cap-33,"[280, 504]","[476, 742]",1.0602222681045532,1.0312892198562622,1.5123164403438567,1.1515121459960938,1.1162724494934082,1.555620609521866,1.0010998249053955,1.0001447200775146,1.015462942123413,1.0021404027938843,1.0004758834838867,1.030970517396927,0.0010998329380527139,0.0021404256112873554
9,cap-35,"[280, 504]","[476, 742]",1.0285073518753052,0.9973187446594238,1.4962945199012756,1.1413087844848633,1.1039435863494873,1.5595469689369201,1.0020958185195923,1.0002301931381226,1.0330982518196103,1.0026893615722656,1.0006297826766968,1.0363850700855255,0.002095916075631976,0.0026894595939666033
10,cap-37,"[280, 504]","[476, 742]",1.0436983108520508,1.005706548690796,1.5325533890724181,1.1501065492630005,1.1130586862564087,1.5826228058338165,1.0034399032592773,1.0004342794418335,1.0498449301719666,1.0032615661621094,1.0007506608963013,1.046632308959961,0.003439889755100012,0.0032614595256745815
11,cap-39,"[280, 504]","[476, 742]",1.0566452741622925,1.0190294981002808,1.5500445234775542,1.1580597162246704,1.1190718412399292,1.6029819750785832,1.0039100646972656,1.0004777908325195,1.066564923524856,1.0028802156448364,1.000627040863037,1.045310536623001,0.003910164814442396,0.0028801970183849335
12,cap-42,"[280, 504]","[476, 742]",1.0682628154754639,1.021939754486084,1.644138394594192,1.1771266460418701,1.133836269378662,1.6827829360961917,1.0038280487060547,1.000711441040039,1.0558927130699158,1.0034452676773071,1.0007827281951904,1.0432986664772035,0.003828047076240182,0.003445310052484274
13,cap-44,"[280, 504]","[476, 742]",1.0608848333358765,1.0131810903549194,1.6520340919494627,1.1672903299331665,1.1246135234832764,1.6937018692493448,1.0043387413024902,1.0008544921875,1.0497881531715392,1.0025382041931152,1.000606656074524,1.0367274928092958,0.0043387203477323055,0.0025381806772202253
14,cap-48,"[280, 504]","[476, 742]",1.0689067840576172,1.0315608978271484,1.6934841799736022,1.175915241241455,1.1378889083862305,1.7159417510032688,1.0055339336395264,1.0012562274932861,1.0601210856437682,1.001979947090149,1.0005244016647339,1.023480956554413,0.005533920601010323,0.001980004832148552
15,cap-50,"[280, 504]","[476, 742]",1.0565935373306274,1.0159022808074951,1.6678377389907835,1.1551285982131958,1.118282675743103,1.7001579225063337,1.0047732591629028,1.0010292530059814,1.0647726488113403,1.00333571434021,1.0008037090301514,1.0384056890010833,0.00477330619469285,0.0033357322681695223
16,cap-52,"[280, 504]","[476, 742]",1.0343701839447021,0.9866026639938354,1.707909846305847,1.130287528038025,1.0948634147644043,1.6781669986248022,1.0053143501281738,1.0011935234069824,1.0592548906803132,1.0032700300216675,1.0008476972579956,1.0395283341407777,0.005314178299158812,0.0032700253650546074
17,cap-54,"[280, 504]","[476, 742]",1.0195434093475342,0.9714752435684204,1.7069008886814117,1.1176090240478516,1.0784072875976562,1.7443989288806918,1.0064271688461304,1.0016363859176636,1.064559063911438,1.0038831233978271,1.000957727432251,1.034867891073227,0.006427057087421417,0.003883051685988903
18,cap-56,"[280, 504]","[476, 742]",0.9861281514167786,0.9371181130409241,1.6846433091163635,1.073106288909912,1.0298302173614502,1.697458378076554,1.010861873626709,1.003568410873413,1.1007132065296172,1.0076472759246826,1.0019539594650269,1.0753062260150916,0.010861766524612904,0.007647169753909111
19,cap-74,"[280, 504]","[476, 742]",0.8680440187454224,0.7708097100257874,1.6017336070537567,0.9323285818099976,0.8639707565307617,1.4949659395217896,1.3451322317123413,1.3398388624191284,2.0623048329353333,1.270151972770691,1.2057865858078003,1.9299526357650758,0.3451322317123413,0.27015194296836853
20,cap-78,"[280, 504]","[476, 742]",0.8618847727775574,0.7531689405441284,1.7577395820617674,0.9265865087509155,0.8550902605056763,1.562255575656891,1.3005752563476562,1.289872169494629,1.8829736697673798,1.2532331943511963,1.1456618309020996,1.9112569499015812,0.30057504773139954,0.25323325395584106
21,cap-80,"[280, 504]","[476, 742]",0.8641250133514404,0.7510813474655151,1.7382500886917114,0.9305897355079651,0.8542819023132324,1.5945006787776947,1.331186056137085,1.3221359252929688,2.022126152515411,1.2681151628494263,1.1532070636749268,1.95365902900696,0.331185907125473,0.26811495423316956
22,cap-96,"[280, 504]","[476, 742]",0.8326255679130554,0.7088351845741272,1.6671425426006317,0.8658853769302368,0.7793624997138977,1.442326948642731,1.1073204278945923,1.043195366859436,1.6498447108268737,1.1261314153671265,1.0218074321746826,1.6190329718589789,0.10732050240039825,0.1261315643787384
23,cap-103,"[280, 504]","[476, 742]",0.8631823062896729,0.7113595008850098,1.7044515717029571,0.9014190435409546,0.7800476551055908,1.6067271542549133,1.0655609369277954,1.019850254058838,1.4472628307342528,1.0949962139129639,1.017432689666748,1.5242598998546601,0.0655609741806984,0.09499619901180267
24,cap-105,"[280, 504]","[476, 742]",0.8895112872123718,0.7438545823097229,1.7393004465103148,0.9174214005470276,0.794621467590332,1.683656724691391,1.066261649131775,1.0213234424591064,1.4504855132102965,1.0776196718215942,1.0147029161453247,1.4633056521415715,0.06626158207654953,0.07761986553668976
25,cap-107,"[280, 504]","[476, 742]",0.8926817178726196,0.746688187122345,1.755410908460617,0.925105094909668,0.8065555691719055,1.7062955832481388,1.061059594154358,1.0166356563568115,1.4552923119068144,1.0678826570510864,1.0096375942230225,1.407071701288224,0.06105969473719597,0.06788273900747299
26,cap-109,"[280, 504]","[476, 742]",0.8921077847480774,0.7413776516914368,1.7567758071422577,0.9247286319732666,0.806808352470398,1.6989304900169373,1.0583018064498901,1.0159261226654053,1.4340551376342774,1.0721702575683594,1.011979579925537,1.3998766970634462,0.05830185487866402,0.07217041403055191
27,cap-114,"[280, 504]","[476, 742]",0.8846284747123718,0.734887957572937,1.74655904173851,0.927456259727478,0.8040246963500977,1.7453054082393649,1.0443778038024902,1.008185863494873,1.3258777117729186,1.0561786890029907,1.010371208190918,1.33062695145607,0.044377733021974564,0.056178804486989975
28,cap-116,"[280, 504]","[476, 742]",0.8721997737884521,0.7192914485931396,1.7446702587604521,0.9167525172233582,0.7965348958969116,1.7245370244979858,1.0432288646697998,1.0094246864318848,1.296198388338089,1.0597100257873535,1.0111567974090576,1.3484118950366981,0.04322880506515503,0.05970991402864456
29,cap-118,"[280, 504]","[476, 742]",0.8808006048202515,0.7244352102279663,1.708927900791168,0.9249969124794006,0.7969196438789368,1.719054012298584,1.0440932512283325,1.0080554485321045,1.297255630493164,1.0407283306121826,1.0057440996170044,1.2903691744804382,0.044093210250139236,0.04072822257876396
30,cap-122,"[280, 504]","[476, 742]",0.8708722591400146,0.7145973443984985,1.6823018622398376,0.9235434532165527,0.7963564991950989,1.7088118338584901,1.0276734828948975,1.0039782524108887,1.231054002046585,1.0279995203018188,1.0042943954467773,1.2288927328586583,0.027673451229929924,0.02799941971898079
31,cap-124,"[280, 504]","[476, 742]",0.8649758100509644,0.7097047567367554,1.687945200204849,0.9100778698921204,0.7893913984298706,1.7030644094944003,1.0415070056915283,1.0073304176330566,1.2901624178886413,1.042650818824768,1.0056893825531006,1.2755086743831634,0.041506942361593246,0.0426507368683815
32,cap-126,"[280, 504]","[476, 742]",0.8458831906318665,0.7000820636749268,1.6804731857776642,0.8882721662521362,0.7663781642913818,1.69038613319397,1.0523707866668701,1.0118296146392822,1.3238889050483704,1.0737284421920776,1.0149166584014893,1.3866877615451814,0.05237075313925743,0.07372866570949554
33,cap-128,"[280, 504]","[476, 742]",0.8394232988357544,0.681351900100708,1.7047758555412291,0.8754945993423462,0.7465232610702515,1.6776819658279418,1.074139952659607,1.0174942016601562,1.4037488687038422,1.0777617692947388,1.0111194849014282,1.4043377256393434,0.07414010912179947,0.07776157557964325
34,cap-131,"[280, 504]","[476, 742]",0.824590802192688,0.6619306802749634,1.6829787480831147,0.8647375106811523,0.743525505065918,1.648810591697693,1.0589724779129028,1.0131689310073853,1.3687333726882935,1.0710753202438354,1.0105161666870117,1.3874213147163394,0.05897245183587074,0.07107548415660858
