#timestamp [ns],filename
387731903166,387731903166.png
387765239666,387765239666.png
387798576250,387798576250.png
387831912708,387831912708.png
387865249291,387865249291.png
387898585916,387898585916.png
387931922333,387931922333.png
387965259000,387965259000.png
387998595625,387998595625.png
388031932041,388031932041.png
388065268625,388065268625.png
388098605291,388098605291.png
388131941750,388131941750.png
388165278375,388165278375.png
388198614958,388198614958.png
388231951458,388231951458.png
388265288000,388265288000.png
388298624625,388298624625.png
388331961083,388331961083.png
388365297708,388365297708.png
388398634208,388398634208.png
388431970833,388431970833.png
388465307416,388465307416.png
388498643916,388498643916.png
388531980500,388531980500.png
388565317083,388565317083.png
388598653541,388598653541.png
388631990125,388631990125.png
388665326750,388665326750.png
388698663250,388698663250.png
388731999875,388731999875.png
388765336458,388765336458.png
388798672916,388798672916.png
388832009500,388832009500.png
388865346125,388865346125.png
388898682541,388898682541.png
388932019166,388932019166.png
388965355625,388965355625.png
388998692208,388998692208.png
389032028833,389032028833.png
389065365291,389065365291.png
389098701875,389098701875.png
389132038458,389132038458.png
389165374958,389165374958.png
389198711458,389198711458.png
389232048041,389232048041.png
389265384541,389265384541.png
389298721083,389298721083.png
389332057666,389332057666.png
389365394083,389365394083.png
389398730625,389398730625.png
389432067208,389432067208.png
389465403625,389465403625.png
389498740250,389498740250.png
389532076708,389532076708.png
389565413208,389565413208.png
389598749791,389598749791.png
389632086166,389632086166.png
389665422750,389665422750.png
389698759333,389698759333.png
389732095708,389732095708.png
389765432291,389765432291.png
389798768875,389798768875.png
389832105250,389832105250.png
389865441750,389865441750.png
389898778375,389898778375.png
389932114708,389932114708.png
389965451291,389965451291.png
389998787875,389998787875.png
390032124208,390032124208.png
390065460750,390065460750.png
390098797208,390098797208.png
390132133750,390132133750.png
390165470208,390165470208.png
390198806666,390198806666.png
390232143250,390232143250.png
390265479750,390265479750.png
390298816166,390298816166.png
390332152708,390332152708.png
390365489208,390365489208.png
390398825625,390398825625.png
390432162166,390432162166.png
390465498666,390465498666.png
390498835083,390498835083.png
390532171583,390532171583.png
390565508083,390565508083.png
390598844541,390598844541.png
390632181041,390632181041.png
390665517416,390665517416.png
390698853916,390698853916.png
390732190416,390732190416.png
390765526875,390765526875.png
390798863375,390798863375.png
390832199916,390832199916.png
390865536291,390865536291.png
390898872833,390898872833.png
390932209291,390932209291.png
390965545750,390965545750.png
390998882291,390998882291.png
391032218791,391032218791.png
391065555208,391065555208.png
391098891708,391098891708.png
391132228208,391132228208.png
391165564583,391165564583.png
391198901166,391198901166.png
391232237541,391232237541.png
391265574000,391265574000.png
391298910541,391298910541.png
391332246916,391332246916.png
391365583375,391365583375.png
391398920000,391398920000.png
391432256375,391432256375.png
391465592833,391465592833.png
391498929375,391498929375.png
391532265750,391532265750.png
391565602291,391565602291.png
391598938791,391598938791.png
391632275166,391632275166.png
391665611666,391665611666.png
391698948208,391698948208.png
391732284583,391732284583.png
391765621083,391765621083.png
391798957458,391798957458.png
391832293916,391832293916.png
391865630500,391865630500.png
391898966916,391898966916.png
391932303333,391932303333.png
391965639833,391965639833.png
391998976291,391998976291.png
392032312666,392032312666.png
392065649250,392065649250.png
392098985666,392098985666.png
392132322166,392132322166.png
392165658666,392165658666.png
392198995083,392198995083.png
392232331541,392232331541.png
392265668000,392265668000.png
392299004458,392299004458.png
392332341000,392332341000.png
392365677333,392365677333.png
392399013791,392399013791.png
392432350291,392432350291.png
392465686666,392465686666.png
392499023250,392499023250.png
392532359666,392532359666.png
392565696041,392565696041.png
392599032541,392599032541.png
392632369041,392632369041.png
392665705416,392665705416.png
392699041958,392699041958.png
392732378416,392732378416.png
392765714791,392765714791.png
392799051291,392799051291.png
392832387750,392832387750.png
392865724125,392865724125.png
392899060666,392899060666.png
392932397041,392932397041.png
392965733458,392965733458.png
392999069958,392999069958.png
393032406291,393032406291.png
393065742791,393065742791.png
393099079291,393099079291.png
393132415708,393132415708.png
393165752125,393165752125.png
393199088625,393199088625.png
393232425041,393232425041.png
393265761500,393265761500.png
393299098000,393299098000.png
393332434333,393332434333.png
393365770750,393365770750.png
393399107250,393399107250.png
393432443625,393432443625.png
393465780083,393465780083.png
393499116458,393499116458.png
393532452916,393532452916.png
393565789416,393565789416.png
393599125750,393599125750.png
393632462208,393632462208.png
393665798625,393665798625.png
393699135000,393699135000.png
393732471500,393732471500.png
393765807958,393765807958.png
393799144291,393799144291.png
393832480750,393832480750.png
393865817250,393865817250.png
393899153583,393899153583.png
393932490083,393932490083.png
393965826500,393965826500.png
393999162875,393999162875.png
394032499250,394032499250.png
394065835583,394065835583.png
394099172041,394099172041.png
394132508500,394132508500.png
394165844833,394165844833.png
394199181125,394199181125.png
394232517833,394232517833.png
394265854083,394265854083.png
394299190583,394299190583.png
394332527000,394332527000.png
394365863333,394365863333.png
394399199750,394399199750.png
394432536291,394432536291.png
394465872583,394465872583.png
394499209041,394499209041.png
394532545458,394532545458.png
394565881791,394565881791.png
394599218250,394599218250.png
394632554583,394632554583.png
394665891041,394665891041.png
394699227458,394699227458.png
394732563750,394732563750.png
394765900250,394765900250.png
394799236625,394799236625.png
394832573041,394832573041.png
394865909416,394865909416.png
394899245833,394899245833.png
394932582166,394932582166.png
394965918666,394965918666.png
394999255083,394999255083.png
395032591416,395032591416.png
395065927833,395065927833.png
395099264250,395099264250.png
395132600583,395132600583.png
395165937041,395165937041.png
395199273375,395199273375.png
395232609750,395232609750.png
395265946208,395265946208.png
395299282541,395299282541.png
395332619000,395332619000.png
395365955416,395365955416.png
395399291750,395399291750.png
395432628166,395432628166.png
395465964583,395465964583.png
395499300916,395499300916.png
395532637291,395532637291.png
395565973750,395565973750.png
395599310083,395599310083.png
395632646458,395632646458.png
395665982916,395665982916.png
395699319291,395699319291.png
395732655666,395732655666.png
395765992041,395765992041.png
395799328375,395799328375.png
395832664833,395832664833.png
395866001166,395866001166.png
395899337541,395899337541.png
395932674000,395932674000.png
395966010333,395966010333.png
395999346708,395999346708.png
396032683125,396032683125.png
396066019416,396066019416.png
396099355833,396099355833.png
396132692291,396132692291.png
396166028625,396166028625.png
396199364958,396199364958.png
396232701458,396232701458.png
396266037708,396266037708.png
396299374166,396299374166.png
396332710416,396332710416.png
396366046833,396366046833.png
396399383250,396399383250.png
396432719541,396432719541.png
396466055958,396466055958.png
396499392375,396499392375.png
396532728666,396532728666.png
396566065041,396566065041.png
396599401541,396599401541.png
396632737833,396632737833.png
396666074208,396666074208.png
396699410666,396699410666.png
396732746916,396732746916.png
396766083333,396766083333.png
396799419750,396799419750.png
396832755958,396832755958.png
396866092375,396866092375.png
396899428708,396899428708.png
396932765083,396932765083.png
396966101583,396966101583.png
396999437750,396999437750.png
397032774208,397032774208.png
397066110625,397066110625.png
397099446875,397099446875.png
397132783333,397132783333.png
397166119708,397166119708.png
397199455958,397199455958.png
397232792416,397232792416.png
397266128833,397266128833.png
397299465125,397299465125.png
397332801458,397332801458.png
397366137916,397366137916.png
397399474125,397399474125.png
397432810541,397432810541.png
397466146833,397466146833.png
397499483291,397499483291.png
397532819625,397532819625.png
397566155875,397566155875.png
397599492333,397599492333.png
397632828750,397632828750.png
397666165041,397666165041.png
397699501375,397699501375.png
397732837791,397732837791.png
397766174125,397766174125.png
397799510500,397799510500.png
397832846875,397832846875.png
397866183208,397866183208.png
397899519500,397899519500.png
397932855958,397932855958.png
397966192208,397966192208.png
397999528625,397999528625.png
398032864833,398032864833.png
398066201291,398066201291.png
398099537625,398099537625.png
398132873875,398132873875.png
398166210333,398166210333.png
398199546666,398199546666.png
398232882958,398232882958.png
398266219333,398266219333.png
398299555708,398299555708.png
398332892000,398332892000.png
398366228416,398366228416.png
398399564750,398399564750.png
398432901041,398432901041.png
398466237416,398466237416.png
398499573833,398499573833.png
398532910041,398532910041.png
398566246458,398566246458.png
398599582750,398599582750.png
398632919125,398632919125.png
398666255416,398666255416.png
398699591541,398699591541.png
398732928083,398732928083.png
398766264541,398766264541.png
398799600750,398799600750.png
398832937125,398832937125.png
398866273541,398866273541.png
398899609750,398899609750.png
398932946166,398932946166.png
398966282541,398966282541.png
398999618791,398999618791.png
399032955125,399032955125.png
399066291500,399066291500.png
399099627833,399099627833.png
399132964166,399132964166.png
399166300375,399166300375.png
399199636791,399199636791.png
399232973125,399232973125.png
399266309416,399266309416.png
399299645708,399299645708.png
399332982125,399332982125.png
399366441166,399366441166.png
399399777250,399399777250.png
399433113416,399433113416.png
399466449500,399466449500.png
399499785416,399499785416.png
399533121583,399533121583.png
399566457750,399566457750.png
399599793875,399599793875.png
399633129833,399633129833.png
399666465916,399666465916.png
399699802125,399699802125.png
399733138208,399733138208.png
399766474208,399766474208.png
399799810291,399799810291.png
399833146541,399833146541.png
399866482541,399866482541.png
399899818583,399899818583.png
399933154583,399933154583.png
399966490875,399966490875.png
399999826875,399999826875.png
400033162916,400033162916.png
400066498958,400066498958.png
400099835041,400099835041.png
400133171166,400133171166.png
400166507291,400166507291.png
400199843250,400199843250.png
400233179333,400233179333.png
400266515458,400266515458.png
400299851583,400299851583.png
400333187500,400333187500.png
400366523625,400366523625.png
400399859791,400399859791.png
400433195916,400433195916.png
400466531791,400466531791.png
400499867916,400499867916.png
400533204041,400533204041.png
400566540125,400566540125.png
400599876250,400599876250.png
400633212208,400633212208.png
400666548208,400666548208.png
400699884416,400699884416.png
400733220500,400733220500.png
400766556500,400766556500.png
400799892583,400799892583.png
400833228666,400833228666.png
400866564791,400866564791.png
400899900750,400899900750.png
400933236833,400933236833.png
400966572916,400966572916.png
400999909000,400999909000.png
401033244958,401033244958.png
401066581041,401066581041.png
401099917208,401099917208.png
401133253250,401133253250.png
401166589333,401166589333.png
401199925291,401199925291.png
401233261416,401233261416.png
401266597458,401266597458.png
401299933583,401299933583.png
401333269500,401333269500.png
401366605541,401366605541.png
401399941708,401399941708.png
401433277750,401433277750.png
401466613708,401466613708.png
401499949833,401499949833.png
401533286000,401533286000.png
401566621750,401566621750.png
401599957958,401599957958.png
401633294083,401633294083.png
401666630208,401666630208.png
401699966208,401699966208.png
401733302208,401733302208.png
401766638208,401766638208.png
401799974333,401799974333.png
401833310375,401833310375.png
401866646500,401866646500.png
401899982458,401899982458.png
401933318541,401933318541.png
401966654583,401966654583.png
401999990541,401999990541.png
402033326625,402033326625.png
402066662708,402066662708.png
402099998750,402099998750.png
402133334875,402133334875.png
402166670750,402166670750.png
402200006833,402200006833.png
402233342958,402233342958.png
402266679000,402266679000.png
402300015083,402300015083.png
402333350916,402333350916.png
402366687041,402366687041.png
402400023125,402400023125.png
402433359208,402433359208.png
402466695125,402466695125.png
402500031250,402500031250.png
402533367291,402533367291.png
402566703333,402566703333.png
402600039333,402600039333.png
402633375333,402633375333.png
402666711458,402666711458.png
402700047500,402700047500.png
402733383458,402733383458.png
402766719541,402766719541.png
402800055541,402800055541.png
402833391625,402833391625.png
402866727708,402866727708.png
402900063541,402900063541.png
402933399708,402933399708.png
402966735750,402966735750.png
403000071750,403000071750.png
403033407750,403033407750.png
403066743791,403066743791.png
403100079750,403100079750.png
403133415916,403133415916.png
403166751791,403166751791.png
403200087875,403200087875.png
403233424041,403233424041.png
403266760000,403266760000.png
403300096041,403300096041.png
403333431958,403333431958.png
403366768166,403366768166.png
403400104041,403400104041.png
403433440166,403433440166.png
403466776041,403466776041.png
403500112166,403500112166.png
403533448166,403533448166.png
403566784208,403566784208.png
403600120125,403600120125.png
403633456166,403633456166.png
403666792250,403666792250.png
403700128291,403700128291.png
403733464250,403733464250.png
403766800250,403766800250.png
403800136291,403800136291.png
403833472333,403833472333.png
403866808291,403866808291.png
403900144291,403900144291.png
403933480333,403933480333.png
403966816458,403966816458.png
404000152416,404000152416.png
404033488291,404033488291.png
404066824375,404066824375.png
404100160416,404100160416.png
404133496500,404133496500.png
404166832375,404166832375.png
404200168458,404200168458.png
404233504458,404233504458.png
404266840500,404266840500.png
404300176458,404300176458.png
404333512500,404333512500.png
404366848500,404366848500.png
404400184583,404400184583.png
404433520416,404433520416.png
404466856541,404466856541.png
404500192583,404500192583.png
404533528625,404533528625.png
404566864625,404566864625.png
404600200625,404600200625.png
404633536625,404633536625.png
404666872666,404666872666.png
404700208666,404700208666.png
404733544583,404733544583.png
404766880625,404766880625.png
404800216750,404800216750.png
404833552666,404833552666.png
404866888625,404866888625.png
404900224625,404900224625.png
404933560833,404933560833.png
404966896666,404966896666.png
405000232708,405000232708.png
405033568666,405033568666.png
405066904833,405066904833.png
405100240708,405100240708.png
405133576791,405133576791.png
405166912583,405166912583.png
405200248666,405200248666.png
405233584750,405233584750.png
405266920750,405266920750.png
405300256708,405300256708.png
405333592750,405333592750.png
405366928708,405366928708.png
405400264750,405400264750.png
405433600708,405433600708.png
405466936708,405466936708.png
405500272708,405500272708.png
405533608791,405533608791.png
405566944666,405566944666.png
405600280291,405600280291.png
405633616666,405633616666.png
405666952750,405666952750.png
405700288750,405700288750.png
405733624666,405733624666.png
405766960708,405766960708.png
405800296750,405800296750.png
405833632708,405833632708.png
405866968666,405866968666.png
405900304666,405900304666.png
405933640708,405933640708.png
405966976708,405966976708.png
406000312625,406000312625.png
406033648583,406033648583.png
406066984625,406066984625.png
406100320625,406100320625.png
406133656541,406133656541.png
406166992583,406166992583.png
406200328666,406200328666.png
406250332500,406250332500.png
406283668541,406283668541.png
406317004500,406317004500.png
406350340583,406350340583.png
406383676541,406383676541.png
406417012458,406417012458.png
406450348458,406450348458.png
406483684500,406483684500.png
406517020458,406517020458.png
406550356375,406550356375.png
406583692416,406583692416.png
406617028416,406617028416.png
406650364416,406650364416.png
406683700333,406683700333.png
406717036333,406717036333.png
406766867708,406766867708.png
406800203958,406800203958.png
406833540208,406833540208.png
406866876333,406866876333.png
406900212666,406900212666.png
406933548875,406933548875.png
406966885041,406966885041.png
407000221250,407000221250.png
407033557500,407033557500.png
407066893708,407066893708.png
407100229916,407100229916.png
407133566208,407133566208.png
407166902291,407166902291.png
407200238541,407200238541.png
407233574750,407233574750.png
407266910916,407266910916.png
407300247166,407300247166.png
407333583333,407333583333.png
407366919583,407366919583.png
407400255791,407400255791.png
407433591916,407433591916.png
407466928166,407466928166.png
407500264458,407500264458.png
407533600583,407533600583.png
407566936791,407566936791.png
407600273041,407600273041.png
407633609208,407633609208.png
407666945375,407666945375.png
407700281708,407700281708.png
407733617666,407733617666.png
407766954041,407766954041.png
407800290125,407800290125.png
407833626416,407833626416.png
407866962625,407866962625.png
407900298750,407900298750.png
407933635000,407933635000.png
407966971291,407966971291.png
408000307375,408000307375.png
408033643583,408033643583.png
408066979791,408066979791.png
408100315958,408100315958.png
408133652208,408133652208.png
408166988500,408166988500.png
408200324541,408200324541.png
408233660833,408233660833.png
408266997041,408266997041.png
408300333125,408300333125.png
408333669375,408333669375.png
408367005666,408367005666.png
408400341791,408400341791.png
408433678000,408433678000.png
408467014041,408467014041.png
408500350333,408500350333.png
408533686583,408533686583.png
408567022708,408567022708.png
408600358833,408600358833.png
408633695125,408633695125.png
408667031250,408667031250.png
408700367500,408700367500.png
408733703708,408733703708.png
408767039833,408767039833.png
408800376041,408800376041.png
408833712291,408833712291.png
408867048333,408867048333.png
408900384625,408900384625.png
408933720875,408933720875.png
408967056958,408967056958.png
409000393166,409000393166.png
409033729250,409033729250.png
409067065500,409067065500.png
409100401708,409100401708.png
409133737875,409133737875.png
409167074041,409167074041.png
409200410333,409200410333.png
409233746416,409233746416.png
409267082583,409267082583.png
409300418833,409300418833.png
409333754916,409333754916.png
409367091125,409367091125.png
409400427375,409400427375.png
409433763500,409433763500.png
409467099708,409467099708.png
409500435958,409500435958.png
409533772083,409533772083.png
409567108250,409567108250.png
409600443083,409600443083.png
409633780666,409633780666.png
409667116833,409667116833.png
409700452916,409700452916.png
409733789166,409733789166.png
409767125375,409767125375.png
409800461458,409800461458.png
409833797708,409833797708.png
409867133958,409867133958.png
409900470041,409900470041.png
409933806250,409933806250.png
409967142458,409967142458.png
410000478583,410000478583.png
410033814791,410033814791.png
410067151041,410067151041.png
410100487041,410100487041.png
410133823291,410133823291.png
410167159416,410167159416.png
410200495583,410200495583.png
410233831875,410233831875.png
410267167916,410267167916.png
410300504083,410300504083.png
410333840333,410333840333.png
410367176458,410367176458.png
410400512666,410400512666.png
410433848833,410433848833.png
410467185000,410467185000.png
410500521166,410500521166.png
410533857333,410533857333.png
410567193458,410567193458.png
410600529625,410600529625.png
410633865916,410633865916.png
410667202000,410667202000.png
410700538166,410700538166.png
410733874208,410733874208.png
410767210458,410767210458.png
410800546625,410800546625.png
410833882750,410833882750.png
410867218958,410867218958.png
410900555208,410900555208.png
410933891250,410933891250.png
410967227458,410967227458.png
411000563666,411000563666.png
411033899750,411033899750.png
411067235916,411067235916.png
411100572083,411100572083.png
411133908208,411133908208.png
411167244416,411167244416.png
411200580625,411200580625.png
411233916708,411233916708.png
411267252958,411267252958.png
411300589041,411300589041.png
411333925208,411333925208.png
411367261416,411367261416.png
411400597458,411400597458.png
411433933625,411433933625.png
411467269875,411467269875.png
411500606000,411500606000.png
411533942125,411533942125.png
411567278291,411567278291.png
411600614375,411600614375.png
411633950625,411633950625.png
411667286791,411667286791.png
411700622916,411700622916.png
411733959083,411733959083.png
411767295208,411767295208.png
411800631333,411800631333.png
411833967541,411833967541.png
411867303583,411867303583.png
411900639791,411900639791.png
411933976000,411933976000.png
411967312041,411967312041.png
412000648208,412000648208.png
412033984458,412033984458.png
412067320541,412067320541.png
412100656750,412100656750.png
412133992958,412133992958.png
412167328958,412167328958.png
412200665166,412200665166.png
412234001375,412234001375.png
412267337375,412267337375.png
412300673666,412300673666.png
412334009833,412334009833.png
412367345916,412367345916.png
412400682041,412400682041.png
412434018125,412434018125.png
412467354250,412467354250.png
412500690458,412500690458.png
412534026500,412534026500.png
412567362708,412567362708.png
412600698875,412600698875.png
412634034958,412634034958.png
412667371083,412667371083.png
412700707375,412700707375.png
412734043416,412734043416.png
412767379625,412767379625.png
412800715791,412800715791.png
412834051833,412834051833.png
412867388000,412867388000.png
412900724208,412900724208.png
412934060291,412934060291.png
412967396458,412967396458.png
413000732541,413000732541.png
413034068708,413034068708.png
413067404916,413067404916.png
413100740958,413100740958.png
413134077166,413134077166.png
413167413291,413167413291.png
413200749416,413200749416.png
413234085541,413234085541.png
413267421750,413267421750.png
413300757791,413300757791.png
413334093958,413334093958.png
413367430083,413367430083.png
413400766208,413400766208.png
413434102375,413434102375.png
413467438500,413467438500.png
413500774583,413500774583.png
413534110791,413534110791.png
413567446833,413567446833.png
413600783000,413600783000.png
413650787333,413650787333.png
413684123375,413684123375.png
413717459458,413717459458.png
413767461833,413767461833.png
413834136041,413834136041.png
413900808208,413900808208.png
414000816625,414000816625.png
414067488875,414067488875.png
414167497333,414167497333.png
414250837666,414250837666.png
414317510000,414317510000.png
414350846083,414350846083.png
414434186416,414434186416.png
414517526708,414517526708.png
414584199041,414584199041.png
414684207500,414684207500.png
414750879666,414750879666.png
414850888083,414850888083.png
414884224208,414884224208.png
414934228375,414934228375.png
414967564458,414967564458.png
415050904750,415050904750.png
415150913125,415150913125.png
415234253375,415234253375.png
415284257458,415284257458.png
415334261666,415334261666.png
415400933833,415400933833.png
415467605916,415467605916.png
415534278291,415534278291.png
415600950375,415600950375.png
415684290583,415684290583.png
415750962708,415750962708.png
415784298875,415784298875.png
415817635000,415817635000.png
415850970958,415850970958.png
415917643208,415917643208.png
415950979208,415950979208.png
415984315375,415984315375.png
416067655416,416067655416.png
416117659500,416117659500.png
416150995666,416150995666.png
416184331708,416184331708.png
416234335750,416234335750.png
416284339916,416284339916.png
416334343916,416334343916.png
416367680041,416367680041.png
416467688166,416467688166.png
416551028333,416551028333.png
416634368458,416634368458.png
416701040375,416701040375.png
416784380291,416784380291.png
416834384666,416834384666.png
416917724708,416917724708.png
416984396750,416984396750.png
417051068875,417051068875.png
417134408916,417134408916.png
417201081000,417201081000.png
417234417083,417234417083.png
