timestamp_ns,relative_path
387731903166,0
387748571375,1
387765239666,2
387781907875,3
387798576250,4
387815244541,5
387831912708,6
387848580958,7
387865249291,8
387881917625,9
387898585916,10
387915254208,11
387931922333,12
387948590708,13
387965259000,14
387981927291,15
387998595625,16
388015263791,17
388031932041,18
388048600375,19
388065268625,20
388081937000,21
388098605291,22
388115273416,23
388131941750,24
388148610083,25
388165278375,26
388181946666,27
388198614958,28
388215283125,29
388231951458,30
388248619750,31
388265288000,32
388281956208,33
388298624625,34
388315292791,35
388331961083,36
388348629416,37
388365297708,38
388381965875,39
388398634208,40
388415302500,41
388431970833,42
388448639083,43
388465307416,44
388481975708,45
388498643916,46
388515312125,47
388531980500,48
388548648791,49
388565317083,50
388581985416,51
388598653541,52
388615321875,53
388631990125,54
388648658458,55
388665326750,56
388681994958,57
388698663250,58
388715331541,59
388731999875,60
388748668166,61
388765336458,62
388782004666,63
388798672916,64
388815341250,65
388832009500,66
388848677791,67
388865346125,68
388882014250,69
388898682541,70
388915350875,71
388932019166,72
388948687500,73
388965355625,74
388982023916,75
388998692208,76
389015360541,77
389032028833,78
389048697083,79
389065365291,80
389082033625,81
389098701875,82
389115370166,83
389132038458,84
389148706750,85
389165374958,86
389182043208,87
389198711458,88
389215379791,89
389232048041,90
389248716250,91
389265384541,92
389282052791,93
389298721083,94
389315389375,95
389332057666,96
389348725791,97
389365394083,98
389382062333,99
389398730625,100
389415398958,101
389432067208,102
389448735416,103
389465403625,104
389482071916,105
389498740250,106
389515408500,107
389532076708,108
389548744916,109
389565413208,110
389582081541,111
389598749791,112
389615418041,113
389632086166,114
389648754458,115
389665422750,116
389682090958,117
389698759333,118
389715427625,119
389732095708,120
389748764000,121
389765432291,122
389782100541,123
389798768875,124
389815436958,125
389832105250,126
389848773583,127
389865441750,128
389882110041,129
389898778375,130
389915446458,131
389932114708,132
389948783000,133
389965451291,134
389982119541,135
389998787875,136
390015455958,137
390032124208,138
390048792500,139
390065460750,140
390082129083,141
390098797208,142
390115465416,143
390132133750,144
390148801958,145
390165470208,146
390182138541,147
390198806666,148
390215474958,149
390232143250,150
390248811458,151
390265479750,152
390282148000,153
390298816166,154
390315484375,155
390332152708,156
390348821000,157
390365489208,158
390382157375,159
390398825625,160
390415493791,161
390432162166,162
390448830458,163
390465498666,164
390482166791,165
390498835083,166
390515503375,167
390532171583,168
390548839916,169
390565508083,170
390582176166,171
390598844541,172
390615512750,173
390632181041,174
390648849291,175
390665517416,176
390682185708,177
390698853916,178
390715522250,179
390732190416,180
390748858708,181
390765526875,182
390782195166,183
390798863375,184
390815531666,185
390832199916,186
390848868166,187
390865536291,188
390882204583,189
390898872833,190
390915541083,191
390932209291,192
390948877458,193
390965545750,194
390982214083,195
390998882291,196
391015550500,197
391032218791,198
391048886916,199
391065555208,200
391082223416,201
391098891708,202
391115559958,203
391132228208,204
391148896375,205
391165564583,206
391182232916,207
391198901166,208
391215569375,209
391232237541,210
391248905791,211
391265574000,212
391282242291,213
391298910541,214
391315578791,215
391332246916,216
391348915208,217
391365583375,218
391382251666,219
391398920000,220
391415588208,221
391432256375,222
391448924583,223
391465592833,224
391482261125,225
391498929375,226
391515597458,227
391532265750,228
391548934041,229
391565602291,230
391582270541,231
391598938791,232
391615606958,233
391632275166,234
391648943375,235
391665611666,236
391682279958,237
391698948208,238
391715616291,239
391732284583,240
391748952833,241
391765621083,242
391782289333,243
391798957458,244
391815625708,245
391832293916,246
391848962208,247
391865630500,248
391882298708,249
391898966916,250
391915635125,251
391932303333,252
391948971625,253
391965639833,254
391982308125,255
391998976291,256
392015644541,257
392032312666,258
392048981083,259
392065649250,260
392082317416,261
392098985666,262
392115653916,263
392132322166,264
392148990416,265
392165658666,266
392182326791,267
392198995083,268
392215663291,269
392232331541,270
392248999833,271
392265668000,272
392282336125,273
392299004458,274
392315672625,275
392332341000,276
392349009208,277
392365677333,278
392382345583,279
392399013791,280
392415682083,281
392432350291,282
392449018583,283
392465686666,284
392482354958,285
392499023250,286
392515691416,287
392532359666,288
392549027916,289
392565696041,290
392582364291,291
392599032541,292
392615700791,293
392632369041,294
392649037083,295
392665705416,296
392682373708,297
392699041958,298
392715710166,299
392732378416,300
392749046500,301
392765714791,302
392782383000,303
392799051291,304
392815719541,305
392832387750,306
392849055875,307
392865724125,308
392882392416,309
392899060666,310
392915728833,311
392932397041,312
392949065208,313
392965733458,314
392982401750,315
392999069958,316
393015738208,317
393032406291,318
393049074583,319
393065742791,320
393082411083,321
393099079291,322
393115747500,323
393132415708,324
393149083875,325
393165752125,326
393182420416,327
393199088625,328
393215756791,329
393232425041,330
393249093208,331
393265761500,332
393282429750,333
393299098000,334
393315766083,335
393332434333,336
393349102500,337
393365770750,338
393382439041,339
393399107250,340
393415775375,341
393432443625,342
393449111875,343
393465780083,344
393482448375,345
393499116458,346
393515784666,347
393532452916,348
393549121166,349
393565789416,350
393582457625,351
393599125750,352
393615793916,353
393632462208,354
393649130416,355
393665798625,356
393682466958,357
393699135000,358
393715803250,359
393732471500,360
393749139708,361
393765807958,362
393782476041,363
393799144291,364
393815812541,365
393832480750,366
393849149000,367
393865817250,368
393882485375,369
393899153583,370
393915821791,371
393932490083,372
393949158250,373
393965826500,374
393982494625,375
393999162875,376
394015831041,377
394032499250,378
394049167500,379
394065835583,380
394082503833,381
394099172041,382
394115840291,383
394132508500,384
394149176791,385
394165844833,386
394182513125,387
394199181125,388
394215849583,389
394232517833,390
394249186041,391
394265854083,392
394282522333,393
394299190583,394
394315858750,395
394332527000,396
394349195166,397
394365863333,398
394382531541,399
394399199750,400
394415868000,401
394432536291,402
394449204250,403
394465872583,404
394482540791,405
394499209041,406
394515877291,407
394532545458,408
394549213625,409
394565881791,410
394582550041,411
394599218250,412
394615886416,413
394632554583,414
394649222791,415
394665891041,416
394682559166,417
394699227458,418
394715895666,419
394732563750,420
394749232041,421
394765900250,422
394782568416,423
394799236625,424
394815904791,425
394832573041,426
394849241208,427
394865909416,428
394882577625,429
394899245833,430
394915913958,431
394932582166,432
394949250375,433
394965918666,434
394982586833,435
394999255083,436
395015923208,437
395032591416,438
395049259541,439
395065927833,440
395082596041,441
395099264250,442
395115932375,443
395132600583,444
395149268791,445
395165937041,446
395182605250,447
395199273375,448
395215941541,449
395232609750,450
395249278000,451
395265946208,452
395282614416,453
395299282541,454
395315950708,455
395332619000,456
395349287166,457
395365955416,458
395382623666,459
395399291750,460
395415959916,461
395432628166,462
395449296291,463
395465964583,464
395482632666,465
395499300916,466
395515969125,467
395532637291,468
395549305500,469
395565973750,470
395582641750,471
395599310083,472
395615978333,473
395632646458,474
395649314666,475
395665982916,476
395682651041,477
395699319291,478
395715987458,479
395732655666,480
395749323875,481
395765992041,482
395782660208,483
395799328375,484
395815996625,485
395832664833,486
395849333000,487
395866001166,488
395882669291,489
395899337541,490
395916005791,491
395932674000,492
395949342208,493
395966010333,494
395982678500,495
395999346708,496
396016014916,497
396032683125,498
396049351291,499
396066019416,500
396082687666,501
396099355833,502
396116024041,503
396132692291,504
396149360333,505
396166028625,506
396182696750,507
396199364958,508
396216033166,509
396232701458,510
396249369541,511
396266037708,512
396282705916,513
396299374166,514
396316042375,515
396332710416,516
396349378625,517
396366046833,518
396382715041,519
396399383250,520
396416051500,521
396432719541,522
396449387791,523
396466055958,524
396482724166,525
396499392375,526
396516060625,527
396532728666,528
396549396875,529
396566065041,530
396582733291,531
396599401541,532
396616069583,533
396632737833,534
396649406000,535
396666074208,536
396682742375,537
396699410666,538
396716078708,539
396732746916,540
396749415125,541
396766083333,542
396782751500,543
396799419750,544
396816087791,545
396832755958,546
396849424291,547
396866092375,548
396882760625,549
396899428708,550
396916096875,551
396932765083,552
396949433291,553
396966101583,554
396982769750,555
396999437750,556
397016106000,557
397032774208,558
397049442458,559
397066110625,560
397082778833,561
397099446875,562
397116115083,563
397132783333,564
397149451500,565
397166119708,566
397182787833,567
397199455958,568
397216124250,569
397232792416,570
397249460583,571
397266128833,572
397282796833,573
397299465125,574
397316133250,575
397332801458,576
397349469666,577
397366137916,578
397382805916,579
397399474125,580
397416142291,581
397432810541,582
397449478833,583
397466146833,584
397482815083,585
397499483291,586
397516151500,587
397532819625,588
397549487875,589
397566155875,590
397582824166,591
397599492333,592
397616160541,593
397632828750,594
397649496958,595
397666165041,596
397682833208,597
397699501375,598
397716169583,599
397732837791,600
397749505875,601
397766174125,602
397782842291,603
397799510500,604
397816178708,605
397832846875,606
397849515000,607
397866183208,608
397882851333,609
397899519500,610
397916187750,611
397932855958,612
397949524000,613
397966192208,614
397982860416,615
397999528625,616
398016196750,617
398032864833,618
398049533041,619
398066201291,620
398082869416,621
398099537625,622
398116205833,623
398132873875,624
398149542083,625
398166210333,626
398182878458,627
398199546666,628
398216214875,629
398232882958,630
398249551125,631
398266219333,632
398282887541,633
398299555708,634
398316223791,635
398332892000,636
398349560208,637
398366228416,638
398382896583,639
398399564750,640
398416232791,641
398432901041,642
398449569250,643
398466237416,644
398482905666,645
398499573833,646
398516241916,647
398532910041,648
398549578250,649
398566246458,650
398582914625,651
398599582750,652
398616250875,653
398632919125,654
398649587250,655
398666255416,656
398682923583,657
398699591541,658
398716259916,659
398732928083,660
398749596333,661
398766264541,662
398782932666,663
398799600750,664
398816268916,665
398832937125,666
398849605333,667
398866273541,668
398882941541,669
398899609750,670
398916278000,671
398932946166,672
398949614333,673
398966282541,674
398982950583,675
398999618791,676
399016286958,677
399032955125,678
399049623291,679
399066291500,680
399082959625,681
399099627833,682
399116295958,683
399132964166,684
399149632333,685
399166300375,686
399182968625,687
399199636791,688
399216304916,689
399232973125,690
399249641333,691
399266309416,692
399282977541,693
399299645708,694
399316313958,695
399332982125,696
399349788375,697
399366441166,698
399383109166,699
399399777250,700
399416445291,701
399433113416,702
399449781333,703
399466449500,704
399483117416,705
399499785416,706
399516453541,707
399533121583,708
399549789708,709
399566457750,710
399583125750,711
399599793875,712
399616461750,713
399633129833,714
399649797833,715
399666465916,716
399683133958,717
399699802125,718
399716470166,719
399733138208,720
399749806125,721
399766474208,722
399783142250,723
399799810291,724
399816478333,725
399833146541,726
399849814416,727
399866482541,728
399883150416,729
399899818583,730
399916486583,731
399933154583,732
399949822708,733
399966490875,734
399983158791,735
399999826875,736
400016494791,737
400033162916,738
400049830916,739
400066498958,740
400083167000,741
400099835041,742
400116503083,743
400133171166,744
400149839208,745
400166507291,746
400183175208,747
400199843250,748
400216511333,749
400233179333,750
400249847416,751
400266515458,752
400283183500,753
400299851583,754
400316519500,755
400333187500,756
400349855583,757
400366523625,758
400383191708,759
400399859791,760
400416527833,761
400433195916,762
400449863791,763
400466531791,764
400483199875,765
400499867916,766
400516536000,767
400533204041,768
400549872083,769
400566540125,770
400583208083,771
400599876250,772
400616544166,773
400633212208,774
400649880250,775
400666548208,776
400683216500,777
400699884416,778
400716552500,779
400733220500,780
400749888458,781
400766556500,782
400783224583,783
400799892583,784
400816560750,785
400833228666,786
400849896666,787
400866564791,788
400883232708,789
400899900750,790
400916568750,791
400933236833,792
400949904916,793
400966572916,794
400983240958,795
400999909000,796
401016576958,797
401033244958,798
401049913000,799
401066581041,800
401083249083,801
401099917208,802
401116585166,803
401133253250,804
401149921208,805
401166589333,806
401183257250,807
401199925291,808
401216593333,809
401233261416,810
401249929375,811
401266597458,812
401283265458,813
401299933583,814
401316601500,815
401333269500,816
401349937583,817
401366605541,818
401383273625,819
401399941708,820
401416609750,821
401433277750,822
401449945666,823
401466613708,824
401483281791,825
401499949833,826
401516617875,827
401533286000,828
401549954000,829
401566621750,830
401583289916,831
401599957958,832
401616626000,833
401633294083,834
401649962041,835
401666630208,836
401683298125,837
401699966208,838
401716634125,839
401733302208,840
401749970166,841
401766638208,842
401783306333,843
401799974333,844
401816642375,845
401833310375,846
401849978458,847
401866646500,848
401883314375,849
401899982458,850
401916650416,851
401933318541,852
401949986583,853
401966654583,854
401983322666,855
401999990541,856
402016658500,857
402033326625,858
402049994708,859
402066662708,860
402083330708,861
402099998750,862
402116666791,863
402133334875,864
402150002791,865
402166670750,866
402183338833,867
402200006833,868
402216674875,869
402233342958,870
402250011125,871
402266679000,872
402283346916,873
402300015083,874
402316683000,875
402333350916,876
402350019041,877
402366687041,878
402383355250,879
402400023125,880
402416691166,881
402433359208,882
402450027083,883
402466695125,884
402483363166,885
402500031250,886
402516699375,887
402533367291,888
402550035291,889
402566703333,890
402583371291,891
402600039333,892
402616707375,893
402633375333,894
402650043416,895
402666711458,896
402683379500,897
402700047500,898
402716715375,899
402733383458,900
402750051458,901
402766719541,902
402783387541,903
402800055541,904
402816723541,905
402833391625,906
402850059416,907
402866727708,908
402883395625,909
402900063541,910
402916731666,911
402933399708,912
402950067708,913
402966735750,914
402983403750,915
403000071750,916
403016739708,917
403033407750,918
403050075708,919
403066743791,920
403083411791,921
403100079750,922
403116747875,923
403133415916,924
403150083833,925
403166751791,926
403183419875,927
403200087875,928
403216755958,929
403233424041,930
403250091958,931
403266760000,932
403283427875,933
403300096041,934
403316763916,935
403333431958,936
403350099958,937
403366768166,938
403383436041,939
403400104041,940
403416772041,941
403433440166,942
403450108083,943
403466776041,944
403483444041,945
403500112166,946
403516780166,947
403533448166,948
403550116166,949
403566784208,950
403583452125,951
403600120125,952
403616788000,953
403633456166,954
403650124208,955
403666792250,956
403683460250,957
403700128291,958
403716796166,959
403733464250,960
403750132208,961
403766800250,962
403783468250,963
403800136291,964
403816804333,965
403833472333,966
403850140166,967
403866808291,968
403883476291,969
403900144291,970
403916812333,971
403933480333,972
403950148333,973
403966816458,974
403983484250,975
404000152416,976
404016820375,977
404033488291,978
404050156375,979
404066824375,980
404083492500,981
404100160416,982
404116828458,983
404133496500,984
404150164375,985
404166832375,986
404183500416,987
404200168458,988
404216836625,989
404233504458,990
404250172500,991
404266840500,992
404283508458,993
404300176458,994
404316844458,995
404333512500,996
404350180375,997
404366848500,998
404383516583,999
404400184583,1000
404416852416,1001
404433520416,1002
404450188500,1003
404466856541,1004
404483524583,1005
404500192583,1006
404516860583,1007
404533528625,1008
404550196500,1009
404566864625,1010
404583532541,1011
404600200625,1012
404616868625,1013
404633536625,1014
404650204625,1015
404666872666,1016
404683540708,1017
404700208666,1018
404716876583,1019
404733544583,1020
404750212583,1021
404766880625,1022
404783548625,1023
404800216750,1024
404816884666,1025
404833552666,1026
404850220625,1027
404866888625,1028
404883556625,1029
404900224625,1030
404916892625,1031
404933560833,1032
404950228666,1033
404966896666,1034
404983564625,1035
405000232708,1036
405016900625,1037
405033568666,1038
405050236666,1039
405066904833,1040
405083572708,1041
405100240708,1042
405116908625,1043
405133576791,1044
405150244625,1045
405166912583,1046
405183580666,1047
405200248666,1048
405216916750,1049
405233584750,1050
405250252708,1051
405266920750,1052
405283588666,1053
405300256708,1054
405316924666,1055
405333592750,1056
405350260708,1057
405366928708,1058
405383596750,1059
405400264750,1060
405416932625,1061
405433600708,1062
405450268625,1063
405466936708,1064
405483604708,1065
405500272708,1066
405516940791,1067
405533608791,1068
405550276666,1069
405566944666,1070
405583612708,1071
405600280291,1072
405616948708,1073
405633616666,1074
405650284708,1075
405666952750,1076
405683620625,1077
405700288750,1078
405716956708,1079
405733624666,1080
405750292625,1081
405766960708,1082
405783628833,1083
405800296750,1084
405816964750,1085
405833632708,1086
405850300625,1087
405866968666,1088
405883636666,1089
405900304666,1090
405916972833,1091
405933640708,1092
405950308666,1093
405966976708,1094
405983644541,1095
406000312625,1096
406016980625,1097
406033648583,1098
406050316625,1099
406066984625,1100
406083652666,1101
406100320625,1102
406116988541,1103
406133656541,1104
406150324583,1105
406166992583,1106
406183660625,1107
406200328666,1108
406216996625,1109
406233660333,1110
406250332500,1111
406267000625,1112
406283668541,1113
406300336541,1114
406317004500,1115
406333672541,1116
406350340583,1117
406367008541,1118
406383676541,1119
406400344625,1120
406417012458,1121
406433680458,1122
406450348458,1123
406467016458,1124
406483684500,1125
406500352500,1126
406517020458,1127
406533688500,1128
406550356375,1129
406567024458,1130
406583692416,1131
406600360416,1132
406617028416,1133
406633696583,1134
406650364416,1135
406667032416,1136
406683700333,1137
406700368416,1138
406717036333,1139
406733704333,1140
406750209500,1141
406766867708,1142
406783535833,1143
406800203958,1144
406816872125,1145
406833540208,1146
406850208416,1147
406866876333,1148
406883544458,1149
406900212666,1150
406916880791,1151
406933548875,1152
406950216958,1153
406966885041,1154
406983553125,1155
407000221250,1156
407016889416,1157
407033557500,1158
407050225541,1159
407066893708,1160
407083561750,1161
407100229916,1162
407116898083,1163
407133566208,1164
407150234166,1165
407166902291,1166
407183570375,1167
407200238541,1168
407216906666,1169
407233574750,1170
407250242791,1171
407266910916,1172
407283579125,1173
407300247166,1174
407316915333,1175
407333583333,1176
407350251416,1177
407366919583,1178
407383587666,1179
407400255791,1180
407416923958,1181
407433591916,1182
407450260125,1183
407466928166,1184
407483596375,1185
407500264458,1186
407516932500,1187
407533600583,1188
407550268666,1189
407566936791,1190
407583604916,1191
407600273041,1192
407616941083,1193
407633609208,1194
407650277291,1195
407666945375,1196
407683613583,1197
407700281708,1198
407716949708,1199
407733617666,1200
407750285958,1201
407766954041,1202
407783622208,1203
407800290125,1204
407816958333,1205
407833626416,1206
407850294583,1207
407866962625,1208
407883630791,1209
407900298750,1210
407916966875,1211
407933635000,1212
407950303083,1213
407966971291,1214
407983639375,1215
408000307375,1216
408016975458,1217
408033643583,1218
408050311708,1219
408066979791,1220
408083647958,1221
408100315958,1222
408116984083,1223
408133652208,1224
408150320333,1225
408166988500,1226
408183656416,1227
408200324541,1228
408216992666,1229
408233660833,1230
408250328958,1231
408266997041,1232
408283665083,1233
408300333125,1234
408317001333,1235
408333669375,1236
408350337416,1237
408367005666,1238
408383673625,1239
408400341791,1240
408417009875,1241
408433678000,1242
408450346083,1243
408467014041,1244
408483682250,1245
408500350333,1246
408517018416,1247
408533686583,1248
408550354666,1249
408567022708,1250
408583690750,1251
408600358833,1252
408617027041,1253
408633695125,1254
408650363250,1255
408667031250,1256
408683699333,1257
408700367500,1258
408717035583,1259
408733703708,1260
408750371708,1261
408767039833,1262
408783707916,1263
408800376041,1264
408817044125,1265
408833712291,1266
408850380291,1267
408867048333,1268
408883716541,1269
408900384625,1270
408917052708,1271
408933720875,1272
408950388833,1273
408967056958,1274
408983725041,1275
409000393166,1276
409017061250,1277
409033729250,1278
409050397375,1279
409067065500,1280
409083733666,1281
409100401708,1282
409117069791,1283
409133737875,1284
409150405958,1285
409167074041,1286
409183742208,1287
409200410333,1288
409217078375,1289
409233746416,1290
409250414500,1291
409267082583,1292
409283750750,1293
409300418833,1294
409317086875,1295
409333754916,1296
409350423041,1297
409367091125,1298
409383759333,1299
409400427375,1300
409417095375,1301
409433763500,1302
409450431625,1303
409467099708,1304
409483767833,1305
409500435958,1306
409517104000,1307
409533772083,1308
409550440166,1309
409567108250,1310
409583776416,1311
409600443083,1312
409617112458,1313
409633780666,1314
409650448708,1315
409667116833,1316
409683784583,1317
409700452916,1318
409717121041,1319
409733789166,1320
409750457208,1321
409767125375,1322
409783793541,1323
409800461458,1324
409817129583,1325
409833797708,1326
409850465791,1327
409867133958,1328
409883801916,1329
409900470041,1330
409917138166,1331
409933806250,1332
409950474375,1333
409967142458,1334
409983810458,1335
410000478583,1336
410017146625,1337
410033814791,1338
410050482916,1339
410067151041,1340
410083819000,1341
410100487041,1342
410117155208,1343
410133823291,1344
410150491416,1345
410167159416,1346
410183827500,1347
410200495583,1348
410217163708,1349
410233831875,1350
410250499875,1351
410267167916,1352
410283836000,1353
410300504083,1354
410317172208,1355
410333840333,1356
410350508458,1357
410367176458,1358
410383844500,1359
410400512666,1360
410417180791,1361
410433848833,1362
410450516791,1363
410467185000,1364
410483853041,1365
410500521166,1366
410517189250,1367
410533857333,1368
410550525375,1369
410567193458,1370
410583861500,1371
410600529625,1372
410617197791,1373
410633865916,1374
410650533833,1375
410667202000,1376
410683870041,1377
410700538166,1378
410717206250,1379
410733874208,1380
410750542333,1381
410767210458,1382
410783878541,1383
410800546625,1384
410817214750,1385
410833882750,1386
410850550791,1387
410867218958,1388
410883887083,1389
410900555208,1390
410917223291,1391
410933891250,1392
410950559333,1393
410967227458,1394
410983895583,1395
411000563666,1396
411017231625,1397
411033899750,1398
411050567833,1399
411067235916,1400
411083904041,1401
411100572083,1402
411117240166,1403
411133908208,1404
411150576291,1405
411167244416,1406
411183912541,1407
411200580625,1408
411217248583,1409
411233916708,1410
411250584791,1411
411267252958,1412
411283921041,1413
411300589041,1414
411317257083,1415
411333925208,1416
411350593291,1417
411367261416,1418
411383929500,1419
411400597458,1420
411417265500,1421
411433933625,1422
411450601750,1423
411467269875,1424
411483937916,1425
411500606000,1426
411517274041,1427
411533942125,1428
411550610208,1429
411567278291,1430
411583946291,1431
411600614375,1432
411617282500,1433
411633950625,1434
411650618666,1435
411667286791,1436
411683954750,1437
411700622916,1438
411717290916,1439
411733959083,1440
411750627125,1441
411767295208,1442
411783963250,1443
411800631333,1444
411817299416,1445
411833967541,1446
411850635583,1447
411867303583,1448
411883971666,1449
411900639791,1450
411917307916,1451
411933976000,1452
411950644083,1453
411967312041,1454
411983980208,1455
412000648208,1456
412017316333,1457
412033984458,1458
412050652500,1459
412067320541,1460
412083988666,1461
412100656750,1462
412117324833,1463
412133992958,1464
412150660875,1465
412167328958,1466
412183997041,1467
412200665166,1468
412217333250,1469
412234001375,1470
412250669291,1471
412267337375,1472
412284005541,1473
412300673666,1474
412317341708,1475
412334009833,1476
412350677750,1477
412367345916,1478
412384013916,1479
412400682041,1480
412417350083,1481
412434018125,1482
412450686166,1483
412467354250,1484
412484022333,1485
412500690458,1486
412517358583,1487
412534026500,1488
412550694666,1489
412567362708,1490
412584030833,1491
412600698875,1492
412617367041,1493
412634034958,1494
412650703083,1495
412667371083,1496
412684039291,1497
412700707375,1498
412717375250,1499
412734043416,1500
412750711500,1501
412767379625,1502
412784047708,1503
412800715791,1504
412817383750,1505
412834051833,1506
412850719916,1507
412867388000,1508
412884056166,1509
412900724208,1510
412917392208,1511
412934060291,1512
412950728333,1513
412967396458,1514
412984064583,1515
413000732541,1516
413017400666,1517
413034068708,1518
413050736791,1519
413067404916,1520
413084073000,1521
413100740958,1522
413117409041,1523
413134077166,1524
413150745250,1525
413167413291,1526
413184081416,1527
413200749416,1528
413217417458,1529
413234085541,1530
413250753666,1531
413267421750,1532
413284089708,1533
413300757791,1534
413317425833,1535
413334093958,1536
413350762041,1537
413367430083,1538
413384098125,1539
413400766208,1540
413417434333,1541
413434102375,1542
413450770500,1543
413467438500,1544
413484106541,1545
413500774583,1546
413517442666,1547
413534110791,1548
413550778875,1549
413567446833,1550
413584114958,1551
413600783000,1552
413617451083,1553
413634116125,1554
413650787333,1555
413667455208,1556
413684123375,1557
413700791458,1558
413717459458,1559
413767461833,1560
413834136041,1561
413900808208,1562
414000816625,1563
414067488875,1564
414167497333,1565
414250837666,1566
414317510000,1567
414350846083,1568
414434186416,1569
414517526708,1570
414584199041,1571
414684207500,1572
414750879666,1573
414850888083,1574
414884224208,1575
414934228375,1576
414967564458,1577
415050904750,1578
415150913125,1579
415234253375,1580
415284257458,1581
415334261666,1582
415400933833,1583
415467605916,1584
415534278291,1585
415600950375,1586
415684290583,1587
415750962708,1588
415784298875,1589
415800966875,1590
415817635000,1591
415850970958,1592
415917643208,1593
415950979208,1594
415967647250,1595
415984315375,1596
416067655416,1597
416117659500,1598
416150995666,1599
416184331708,1600
416234335750,1601
416284339916,1602
416334343916,1603
416367680041,1604
416384348125,1605
416467688166,1606
416551028333,1607
416634368458,1608
416701040375,1609
416784380291,1610
416834384666,1611
416917724708,1612
416984396750,1613
417051068875,1614
417134408916,1615
417201081000,1616
417217749000,1617
417234417083,1618
