arm	ms	sha12	keyguard	label	file
P50P default_1	484.456	a59db73512ce		blocked(fma4x4+direct+w64+nopb+f16+keyscan3+ptr,V7)	
P50P nomerge_2	447.113	532c3e253dde		blocked(fma4x4+direct+w64+nopb+f16+keyscan3+ptr,V7)	a3_nomerge.wgsl len=8665
P50P noload_3	349.069	e3b0c44298fc		blocked(fma4x4+direct+w64+nopb+f16+keyscan3+ptr,V7)	a3_noload.wgsl len=8725
P50P notail_4	360.884	e3b0c44298fc		blocked(fma4x4+direct+w64+nopb+f16+keyscan3+ptr,V7)	a3_notail.wgsl len=3205
P50P w128ks3_5	533.380	a59db73512ce		blocked(fma4x4+direct+w128+nopb+f16+keyscan3+ptr,V7)	w128_ks3_ptr.wgsl len=8689
P50P nokeyscan_6	456.824	a59db73512ce		blocked(fma4x4+direct+w128+nopb+f16+ptr,V7)	
P50P default_7	481.457	a59db73512ce		blocked(fma4x4+direct+w64+nopb+f16+keyscan3+ptr,V7)	
P50P w128ks3_8	528.992	a59db73512ce		blocked(fma4x4+direct+w128+nopb+f16+keyscan3+ptr,V7)	w128_ks3_ptr.wgsl len=8689
P50P nomerge_9	447.581	532c3e253dde		blocked(fma4x4+direct+w64+nopb+f16+keyscan3+ptr,V7)	a3_nomerge.wgsl len=8665
P50P default_10	494.851	a59db73512ce		blocked(fma4x4+direct+w64+nopb+f16+keyscan3+ptr,V7)	
