source_local_index,target_local_index,source_frame_id,target_frame_id,source_or_target_suspect,center_baseline,rotation_angle_deg
0,0,cap-1,cap-1,False,0.0,0.0
0,1,cap-1,cap-3,False,0.011169099759517255,2.379749178901727
0,2,cap-1,cap-5,False,0.016047732094503653,0.9882028557016899
0,3,cap-1,cap-7,False,0.03237721680826521,1.9297447285951983
0,4,cap-1,cap-21,False,0.11471296509458451,2.7536503563367107
0,5,cap-1,cap-23,False,0.14361737918120576,6.139570120700262
0,6,cap-1,cap-29,False,0.1510159960842057,8.943245093972545
0,7,cap-1,cap-31,False,0.1484004031395302,8.864685331640173
0,8,cap-1,cap-33,False,0.13619947504058255,9.533676075801901
0,9,cap-1,cap-35,False,0.15524911144796497,14.698452277447377
0,10,cap-1,cap-37,False,0.18786434837087024,18.2486748162325
0,11,cap-1,cap-39,False,0.20868264899658356,20.443383351508785
0,12,cap-1,cap-42,False,0.2043913477900579,23.509774630881477
0,13,cap-1,cap-44,False,0.21303967596991866,22.702119074091176
0,14,cap-1,cap-48,False,0.24328879043086385,22.773204064756428
0,15,cap-1,cap-50,False,0.23458515411908207,23.250745584920875
0,16,cap-1,cap-52,False,0.25970640033774234,23.553758405532854
0,17,cap-1,cap-54,False,0.24841090001686741,25.04093385710962
0,18,cap-1,cap-56,False,0.2623771186527007,26.13115925383086
0,19,cap-1,cap-74,True,0.33302463752370176,17.460784541644223
0,20,cap-1,cap-78,True,0.34015017423244176,16.18134281672135
0,21,cap-1,cap-80,True,0.3388536958448529,15.562936993099765
0,22,cap-1,cap-96,False,0.32207913781034725,16.173902880744528
0,23,cap-1,cap-103,False,0.30685082055396196,21.843476917202132
0,24,cap-1,cap-105,False,0.3013461030267764,23.329734419434768
0,25,cap-1,cap-107,False,0.2989896200714057,25.02777265241389
0,26,cap-1,cap-109,False,0.30008552817871614,26.04836591430347
0,27,cap-1,cap-114,False,0.3143626539019793,27.617983472872368
0,28,cap-1,cap-116,False,0.3289449869247402,28.79130813175216
0,29,cap-1,cap-118,False,0.3198296567052899,30.398334855310782
0,30,cap-1,cap-122,False,0.3348709384368083,31.313797882363524
0,31,cap-1,cap-124,False,0.33237964908245526,29.623030692039812
0,32,cap-1,cap-126,False,0.35015920979736087,28.31916165862827
0,33,cap-1,cap-128,False,0.35271058066681477,27.56953721394127
0,34,cap-1,cap-131,False,0.35159240021939026,25.54236120867104
1,0,cap-3,cap-1,False,0.011169099759517255,2.379749178901727
1,1,cap-3,cap-3,False,0.0,0.0
1,2,cap-3,cap-5,False,0.019234250481331105,1.633633309683637
1,3,cap-3,cap-7,False,0.0402076184374628,3.574023652231582
1,4,cap-3,cap-21,False,0.1236895796773968,5.064575360928903
1,5,cap-3,cap-23,False,0.15073916659528377,8.196866144030018
1,6,cap-3,cap-29,False,0.15718667407930728,10.848176799549035
1,7,cap-3,cap-31,False,0.1531661995580521,10.431082608537134
1,8,cap-3,cap-33,False,0.14010199707008247,10.72687219604625
1,9,cap-3,cap-35,False,0.1556621562493369,15.421704896612235
1,10,cap-3,cap-37,False,0.18581543987381785,17.88807422994619
1,11,cap-3,cap-39,False,0.20665795266327464,19.872489598038765
1,12,cap-3,cap-42,False,0.2004239763524947,22.253967324536063
1,13,cap-3,cap-44,False,0.2079390493214681,21.399644189072003
1,14,cap-3,cap-48,False,0.2383177324408106,21.432673538610516
1,15,cap-3,cap-50,False,0.22920672826141428,22.0465007410762
1,16,cap-3,cap-52,False,0.253814002826841,22.277042467811256
1,17,cap-3,cap-54,False,0.2417639865647601,23.65146278727634
1,18,cap-3,cap-56,False,0.2553648173368306,25.19685261066442
1,19,cap-3,cap-74,True,0.333343906570009,16.051926948569267
1,20,cap-3,cap-78,True,0.34014182711768304,14.855748600024656
1,21,cap-3,cap-80,True,0.3387811572604924,14.245920690790879
1,22,cap-3,cap-96,False,0.31971723703914784,15.700991444600302
1,23,cap-3,cap-103,False,0.30217020989157,21.079830493420413
1,24,cap-3,cap-105,False,0.2962625660164907,22.633744321968226
1,25,cap-3,cap-107,False,0.2934567985266375,24.412382000102546
1,26,cap-3,cap-109,False,0.29423058782540806,25.464515539941548
1,27,cap-3,cap-114,False,0.3074363790748344,26.95066784481046
1,28,cap-3,cap-116,False,0.32165133992651673,28.131996867107134
1,29,cap-3,cap-118,False,0.3125755697255556,29.7271901544479
1,30,cap-3,cap-122,False,0.3273652674600615,30.62064049788687
1,31,cap-3,cap-124,False,0.3251654869900155,28.914597932506553
1,32,cap-3,cap-126,False,0.3431533479295158,27.573611179048026
1,33,cap-3,cap-128,False,0.3459090183955113,26.614160147554003
1,34,cap-3,cap-131,False,0.345225666319038,24.562020895032312
2,0,cap-5,cap-1,False,0.016047732094503653,0.9882028557016899
2,1,cap-5,cap-3,False,0.019234250481331105,1.633633309683637
2,2,cap-5,cap-5,False,0.0,0.0
2,3,cap-5,cap-7,False,0.03316492280153324,2.700374400382242
2,4,cap-5,cap-21,False,0.1150572431301352,3.595367292372229
2,5,cap-5,cap-23,False,0.14328132819984157,6.675270467006692
2,6,cap-5,cap-29,False,0.15255076677539453,9.417170999919614
2,7,cap-5,cap-31,False,0.1473789338691141,9.04419660802172
2,8,cap-5,cap-33,False,0.1322266455228551,9.454537287955368
2,9,cap-5,cap-35,False,0.14772873604277195,14.411981236715038
2,10,cap-5,cap-37,False,0.17683097649943277,17.57885490092609
2,11,cap-5,cap-39,False,0.19652280540416325,19.726901617004252
2,12,cap-5,cap-42,False,0.19151724277522722,22.650129382154017
2,13,cap-5,cap-44,False,0.2006237495912917,21.82023861523255
2,14,cap-5,cap-48,False,0.2302624950186774,21.88150323797949
2,15,cap-5,cap-50,False,0.2220808955831922,22.390105955305266
2,16,cap-5,cap-52,False,0.24826720209391837,22.65841472217996
2,17,cap-5,cap-54,False,0.23773412321174978,24.12983392680123
2,18,cap-5,cap-56,False,0.25212006927465175,25.32101990237605
2,19,cap-5,cap-74,True,0.3481746737982558,17.0973287716457
2,20,cap-5,cap-78,True,0.35537804684945135,15.832185004098278
2,21,cap-5,cap-80,True,0.3541255634510605,15.17105916159502
2,22,cap-5,cap-96,False,0.33756809337116994,15.651199108877595
2,23,cap-5,cap-103,False,0.32082838859407015,21.111088304595896
2,24,cap-5,cap-105,False,0.314943967602181,22.592495156261066
2,25,cap-5,cap-107,False,0.3121984991544252,24.295009309411007
2,26,cap-5,cap-109,False,0.3128218002000547,25.33073517146678
2,27,cap-5,cap-114,False,0.3256291452625916,26.870211277237928
2,28,cap-5,cap-116,False,0.3393927650254054,28.044644859988285
2,29,cap-5,cap-118,False,0.3302388624621937,29.652559299434948
2,30,cap-5,cap-122,False,0.3445461779146811,30.559539192089577
2,31,cap-5,cap-124,False,0.3430562540506448,28.86921716350523
2,32,cap-5,cap-126,False,0.36122531291390575,27.560193550938937
2,33,cap-5,cap-128,False,0.36452025678954075,26.789633973011806
2,34,cap-5,cap-131,False,0.3641498706211102,24.767518700537316
3,0,cap-7,cap-1,False,0.03237721680826521,1.9297447285951983
3,1,cap-7,cap-3,False,0.0402076184374628,3.574023652231582
3,2,cap-7,cap-5,False,0.03316492280153324,2.700374400382242
3,3,cap-7,cap-7,False,0.0,0.015139417095692347
3,4,cap-7,cap-21,False,0.11813455313870996,3.1141645561280233
3,5,cap-7,cap-23,False,0.15327094294494947,6.851718320175664
3,6,cap-7,cap-29,False,0.16447391084737373,9.729324163763792
3,7,cap-7,cap-31,False,0.16458243185349605,10.024605284119668
3,8,cap-7,cap-33,False,0.152621943160439,10.787519281993124
3,9,cap-7,cap-35,False,0.17488592861625515,15.72117907734223
3,10,cap-7,cap-37,False,0.2056978798938643,19.470856779860963
3,11,cap-7,cap-39,False,0.22418660060195145,21.56828748156084
3,12,cap-7,cap-42,False,0.21948685533874576,24.522145172965303
3,13,cap-7,cap-44,False,0.2291526059506331,23.806776614292467
3,14,cap-7,cap-48,False,0.25746181857056644,23.898262922712743
3,15,cap-7,cap-50,False,0.25017218697956395,24.34241084531219
3,16,cap-7,cap-52,False,0.27785592154676586,24.82328349450833
3,17,cap-7,cap-54,False,0.2678432233135409,26.260014848896127
3,18,cap-7,cap-56,False,0.2824007377889891,27.305465947869717
3,19,cap-7,cap-74,True,0.3327832848711955,16.774025325205418
3,20,cap-7,cap-78,True,0.3409337771076727,15.471699275640464
3,21,cap-7,cap-80,True,0.3400154700653758,14.941621610354035
3,22,cap-7,cap-96,False,0.33626487841818825,16.37267540189434
3,23,cap-7,cap-103,False,0.3274603221690092,22.73127056872264
3,24,cap-7,cap-105,False,0.3229734957901029,24.372718599925946
3,25,cap-7,cap-107,False,0.32129307356608294,26.22785638146951
3,26,cap-7,cap-109,False,0.32362455399777973,27.188049679535922
3,27,cap-7,cap-114,False,0.3401627514379826,28.84737557967538
3,28,cap-7,cap-116,False,0.35596231780878684,30.04011427664578
3,29,cap-7,cap-118,False,0.347038880336222,31.60895100485378
3,30,cap-7,cap-122,False,0.363016133936219,32.55970989171429
3,31,cap-7,cap-124,False,0.3590233760830386,30.811000756820977
3,32,cap-7,cap-126,False,0.3762454763955481,29.458603481139825
3,33,cap-7,cap-128,False,0.37691250711234403,28.482918355217723
3,34,cap-7,cap-131,False,0.3739496210441514,26.387176902201045
4,0,cap-21,cap-1,False,0.11471296509458451,2.7536503563367107
4,1,cap-21,cap-3,False,0.1236895796773968,5.064575360928903
4,2,cap-21,cap-5,False,0.1150572431301352,3.595367292372229
4,3,cap-21,cap-7,False,0.11813455313870996,3.1141645561280233
4,4,cap-21,cap-21,False,0.0,0.00875819417466669
4,5,cap-21,cap-23,False,0.04249022179919737,3.8063560735679047
4,6,cap-21,cap-29,False,0.06025683470674893,6.628239282731883
4,7,cap-21,cap-31,False,0.07262458415853239,7.239685650746627
4,8,cap-21,cap-33,False,0.07809471758079195,8.655084693145083
4,9,cap-21,cap-35,False,0.13065727515661515,14.500328325590509
4,10,cap-21,cap-37,False,0.18821520674256423,19.194520107067323
4,11,cap-21,cap-39,False,0.2095837992973039,21.63350519652131
4,12,cap-21,cap-42,False,0.22996346654298136,25.394540498087302
4,13,cap-21,cap-44,False,0.24802800049709192,24.591601795886564
4,14,cap-21,cap-48,False,0.27713992540674126,24.685743849954047
4,15,cap-21,cap-50,False,0.2710965040091238,25.052879565829016
4,16,cap-21,cap-52,False,0.2940646035743542,25.326048937752645
4,17,cap-21,cap-54,False,0.290080424697682,26.930967602916162
4,18,cap-21,cap-56,False,0.3058622185453043,27.60531520328213
4,19,cap-21,cap-74,True,0.3801984203277221,19.814003869411426
4,20,cap-21,cap-78,True,0.3882599405630135,18.498670322146456
4,21,cap-21,cap-80,True,0.3869067401548717,17.89909507648988
4,22,cap-21,cap-96,False,0.3645765497490822,17.71241041276388
4,23,cap-21,cap-103,False,0.35739906515569764,23.330233999204257
4,24,cap-21,cap-105,False,0.35345375225682035,24.655627615820144
4,25,cap-21,cap-107,False,0.3538217586477805,26.164670812300376
4,26,cap-21,cap-109,False,0.3544205091365949,27.174478605579907
4,27,cap-21,cap-114,False,0.3714306626778962,28.769190498045756
4,28,cap-21,cap-116,False,0.3848532866060461,29.912509482165436
4,29,cap-21,cap-118,False,0.3751614463297452,31.542497214479653
4,30,cap-21,cap-122,False,0.388633409957433,32.45483334673852
4,31,cap-21,cap-124,False,0.3886039779524857,30.82624261355105
4,32,cap-21,cap-126,False,0.4053873188845679,29.598957157769323
4,33,cap-21,cap-128,False,0.4117151462164373,29.182394658733756
4,34,cap-21,cap-131,False,0.41181617811371857,27.225518439336888
5,0,cap-23,cap-1,False,0.14361737918120576,6.139570120700262
5,1,cap-23,cap-3,False,0.15073916659528377,8.196866144030018
5,2,cap-23,cap-5,False,0.14328132819984157,6.675270467006692
5,3,cap-23,cap-7,False,0.15327094294494947,6.851718320175664
5,4,cap-23,cap-21,False,0.04249022179919737,3.8063560735679047
5,5,cap-23,cap-23,False,0.0,0.011777430523214233
5,6,cap-23,cap-29,False,0.025420921724358288,2.9516607399854067
5,7,cap-23,cap-31,False,0.03747230711615759,3.9070766897173224
5,8,cap-23,cap-33,False,0.05470285463809199,6.27485438993915
5,9,cap-23,cap-35,False,0.11151085959594811,12.861310028716586
5,10,cap-23,cap-37,False,0.1748529408439916,18.688884458519297
5,11,cap-23,cap-39,False,0.19705612894533997,21.462153779934738
5,12,cap-23,cap-42,False,0.22444907132439987,26.19684036677762
5,13,cap-23,cap-44,False,0.24353257229353553,25.34451096723881
5,14,cap-23,cap-48,False,0.27246134586874104,25.455920925721998
5,15,cap-23,cap-50,False,0.26633011691845776,25.678915918507258
5,16,cap-23,cap-52,False,0.2856324067048138,25.775339978565544
5,17,cap-23,cap-54,False,0.2831004826750682,27.561575118488747
5,18,cap-23,cap-56,False,0.29840176078466357,27.65246125952235
5,19,cap-23,cap-74,True,0.40602913404587704,23.311997274869302
5,20,cap-23,cap-78,True,0.41328070812847173,21.95785999208995
5,21,cap-23,cap-80,True,0.411622492249438,21.24340591558027
5,22,cap-23,cap-96,False,0.37668242024732024,19.032393319455124
5,23,cap-23,cap-103,False,0.3641870777762449,23.72717645705986
5,24,cap-23,cap-105,False,0.3594563829389839,24.664436025103733
5,25,cap-23,cap-107,False,0.35953531920922743,25.752364174242512
5,26,cap-23,cap-109,False,0.35851902791908263,26.77898241420325
5,27,cap-23,cap-114,False,0.3726535284774691,28.307050925432105
5,28,cap-23,cap-116,False,0.3837749413082525,29.376654952731375
5,29,cap-23,cap-118,False,0.37394529556431294,31.04528497520032
5,30,cap-23,cap-122,False,0.38531554549909497,31.91366597123553
5,31,cap-23,cap-124,False,0.3880362700262401,30.43754130048225
5,32,cap-23,cap-126,False,0.4050314062117001,29.37272423012608
5,33,cap-23,cap-128,False,0.41446321011322734,29.618789212395367
5,34,cap-23,cap-131,False,0.41709805529918187,27.853540373871972
6,0,cap-29,cap-1,False,0.1510159960842057,8.943245093972545
6,1,cap-29,cap-3,False,0.15718667407930728,10.848176799549035
6,2,cap-29,cap-5,False,0.15255076677539453,9.417170999919614
6,3,cap-29,cap-7,False,0.16447391084737373,9.729324163763792
6,4,cap-29,cap-21,False,0.06025683470674893,6.628239282731883
6,5,cap-29,cap-23,False,0.025420921724358288,2.9516607399854067
6,6,cap-29,cap-29,False,0.0,0.010444903290582104
6,7,cap-29,cap-31,False,0.031863857110624644,3.2524519819046107
6,8,cap-29,cap-33,False,0.059670734178160593,6.5409667195497665
6,9,cap-29,cap-35,False,0.11485242230890476,13.32290838089122
6,10,cap-29,cap-37,False,0.1808825960802757,19.681461849118282
6,11,cap-29,cap-39,False,0.2048055974119268,22.63988033416096
6,12,cap-29,cap-42,False,0.23256412085189293,27.858623776462117
6,13,cap-29,cap-44,False,0.25051469424641576,26.946523088452725
6,14,cap-29,cap-48,False,0.2804216033638238,27.051978764962012
6,15,cap-29,cap-50,False,0.27329634652337065,27.224622194926283
6,16,cap-29,cap-52,False,0.2901375471888933,27.127794507125767
6,17,cap-29,cap-54,False,0.2865767014651589,29.004235324677307
6,18,cap-29,cap-56,False,0.3010837466573164,28.82611857136226
6,19,cap-29,cap-74,True,0.3993594189504436,26.23864306730131
6,20,cap-29,cap-78,True,0.40599045639296993,24.89140773137321
6,21,cap-29,cap-80,True,0.4041245487229789,24.167317837365104
6,22,cap-29,cap-96,False,0.36197790291985926,21.28627922940108
6,23,cap-29,cap-103,False,0.3478319590889704,25.280886756930787
6,24,cap-29,cap-105,False,0.34303374784302315,25.925180585418513
6,25,cap-29,cap-107,False,0.34328806168085685,26.66814014352515
6,26,cap-29,cap-109,False,0.3418418634085369,27.71994713160305
6,27,cap-29,cap-114,False,0.355708369577494,29.139195097627507
6,28,cap-29,cap-116,False,0.36637041657777686,30.13754684998383
6,29,cap-29,cap-118,False,0.35656395917434547,31.832017803781284
6,30,cap-29,cap-122,False,0.3675433312904293,32.643553842941316
6,31,cap-29,cap-124,False,0.37064876967435856,31.311482883813394
6,32,cap-29,cap-126,False,0.3873106555607551,30.383711215877636
6,33,cap-29,cap-128,False,0.3975494028491096,31.105127005882753
6,34,cap-29,cap-131,False,0.400793013536237,29.486996085307904
7,0,cap-31,cap-1,False,0.1484004031395302,8.864685331640173
7,1,cap-31,cap-3,False,0.1531661995580521,10.431082608537134
7,2,cap-31,cap-5,False,0.1473789338691141,9.04419660802172
7,3,cap-31,cap-7,False,0.16458243185349605,10.024605284119668
7,4,cap-31,cap-21,False,0.07262458415853239,7.239685650746627
7,5,cap-31,cap-23,False,0.03747230711615759,3.9070766897173224
7,6,cap-31,cap-29,False,0.031863857110624644,3.2524519819046107
7,7,cap-31,cap-31,False,0.0,0.014728371881748309
7,8,cap-31,cap-33,False,0.031046006526492666,3.3837058214981153
7,9,cap-31,cap-35,False,0.08358490073524559,10.319640048190521
7,10,cap-31,cap-37,False,0.14988497255373534,16.512811470593046
7,11,cap-31,cap-39,False,0.173955510220638,19.51772810142062
7,12,cap-31,cap-42,False,0.20301979712830134,24.961940892765735
7,13,cap-31,cap-44,False,0.22118891506778304,24.042707953983307
7,14,cap-31,cap-48,False,0.25073817837404383,24.15684800506656
7,15,cap-31,cap-50,False,0.24369705601825034,24.267856983922425
7,16,cap-31,cap-52,False,0.2596833562127277,24.13151153465285
7,17,cap-31,cap-54,False,0.2568578272953207,26.05463646887661
7,18,cap-31,cap-56,False,0.2713729126522852,25.686351331714764
7,19,cap-31,cap-74,True,0.4182207906939624,25.590534440966966
7,20,cap-31,cap-78,True,0.42450227725183376,24.226761252788965
7,21,cap-31,cap-80,True,0.4225546467382679,23.34586470084806
7,22,cap-31,cap-96,False,0.37614349462194213,19.058870075959163
7,23,cap-31,cap-103,False,0.3555768798919269,22.32134212436105
7,24,cap-31,cap-105,False,0.34949070979655633,22.824213272431855
7,25,cap-31,cap-107,False,0.34847406604322334,23.462425572024102
7,26,cap-31,cap-109,False,0.3457374561640272,24.524186757419596
7,27,cap-31,cap-114,False,0.3558104538406544,25.9144910971061
7,28,cap-31,cap-116,False,0.36460439109221465,26.90214616692096
7,29,cap-31,cap-118,False,0.3546987341227784,28.600003953248518
7,30,cap-31,cap-122,False,0.36408373141064676,29.40332082817183
7,31,cap-31,cap-124,False,0.3694213600311537,28.09245094385965
7,32,cap-31,cap-126,False,0.3871004542938997,27.19364477403454
7,33,cap-31,cap-128,False,0.3991278192053083,28.082638386239974
7,34,cap-31,cap-131,False,0.4043520682038714,26.54756447324469
8,0,cap-33,cap-1,False,0.13619947504058255,9.533676075801901
8,1,cap-33,cap-3,False,0.14010199707008247,10.72687219604625
8,2,cap-33,cap-5,False,0.1322266455228551,9.454537287955368
8,3,cap-33,cap-7,False,0.152621943160439,10.787519281993124
8,4,cap-33,cap-21,False,0.07809471758079195,8.655084693145083
8,5,cap-33,cap-23,False,0.05470285463809199,6.27485438993915
8,6,cap-33,cap-29,False,0.059670734178160593,6.5409667195497665
8,7,cap-33,cap-31,False,0.031046006526492666,3.3837058214981153
8,8,cap-33,cap-33,False,0.0,0.0
8,9,cap-33,cap-35,False,0.05710210334988799,7.051008289540544
8,10,cap-33,cap-37,False,0.12177096584466159,13.218834427515048
8,11,cap-33,cap-39,False,0.14555711087236703,16.234509074151298
8,12,cap-33,cap-42,False,0.17323274297489902,21.97508294406399
8,13,cap-33,cap-44,False,0.19183450760458656,21.116324417034956
8,14,cap-33,cap-48,False,0.22113777484968086,21.262436619467916
8,15,cap-33,cap-50,False,0.21444728232553412,21.253932983297783
8,16,cap-33,cap-52,False,0.23202213981599526,21.220709429064193
8,17,cap-33,cap-54,False,0.22965182256809014,23.18191685566792
8,18,cap-33,cap-56,False,0.2447442766052639,22.49387897040943
8,19,cap-33,cap-74,True,0.4281222564440121,24.745612773634573
8,20,cap-33,cap-78,True,0.43447859350527546,23.363125118963445
8,21,cap-33,cap-80,True,0.4326019346176692,22.322206321557655
8,22,cap-33,cap-96,False,0.38820820076224966,16.3998002304829
8,23,cap-33,cap-103,False,0.3643681533929066,19.100869932318403
8,24,cap-33,cap-105,False,0.35747047635743406,19.537317719948014
8,25,cap-33,cap-107,False,0.35541631714809485,20.183099219802777
8,26,cap-33,cap-109,False,0.35223800188366083,21.21135642607914
8,27,cap-33,cap-114,False,0.36007551132970644,22.6592834614956
8,28,cap-33,cap-116,False,0.368163115193521,23.659296367889336
8,29,cap-33,cap-118,False,0.35823395143244036,25.33652596920617
8,30,cap-33,cap-122,False,0.3670683227618263,26.16729378193637
8,31,cap-33,cap-124,False,0.37325520611048907,24.82136336740046
8,32,cap-33,cap-126,False,0.39180826457403434,23.910503050076077
8,33,cap-33,cap-128,False,0.4040669759491396,24.850558149898678
8,34,cap-33,cap-131,False,0.4099718785165256,23.367717294473717
9,0,cap-35,cap-1,False,0.15524911144796497,14.698452277447377
9,1,cap-35,cap-3,False,0.1556621562493369,15.421704896612235
9,2,cap-35,cap-5,False,0.14772873604277195,14.411981236715038
9,3,cap-35,cap-7,False,0.17488592861625515,15.72117907734223
9,4,cap-35,cap-21,False,0.13065727515661515,14.500328325590509
9,5,cap-35,cap-23,False,0.11151085959594811,12.861310028716586
9,6,cap-35,cap-29,False,0.11485242230890476,13.32290838089122
9,7,cap-35,cap-31,False,0.08358490073524559,10.319640048190521
9,8,cap-35,cap-33,False,0.05710210334988799,7.051008289540544
9,9,cap-35,cap-35,False,0.0,0.0
9,10,cap-35,cap-37,False,0.06672301250666025,8.16125158262008
9,11,cap-35,cap-39,False,0.09223013040782241,11.050716164879267
9,12,cap-35,cap-42,False,0.12196535266851068,18.043732369847117
9,13,cap-35,cap-44,False,0.14030815441002906,17.493329343973222
9,14,cap-35,cap-48,False,0.1689494964911308,17.759823803584418
9,15,cap-35,cap-50,False,0.16205424604083477,17.249611848254684
9,16,cap-35,cap-52,False,0.1769513766581881,17.610992778988948
9,17,cap-35,cap-54,False,0.17595487001008892,19.629707551090718
9,18,cap-35,cap-56,False,0.19087288061079313,17.498196607906152
9,19,cap-35,cap-74,True,0.463187414507471,25.949736616236727
9,20,cap-35,cap-78,True,0.468772501351481,24.5712339365734
9,21,cap-35,cap-80,True,0.4667506894361168,23.26336888366275
9,22,cap-35,cap-96,False,0.4151115316416924,13.319474209298216
9,23,cap-35,cap-103,False,0.38111486451029736,14.104913015357852
9,24,cap-35,cap-105,False,0.3722384620222965,14.152736197040637
9,25,cap-35,cap-107,False,0.36810039215434326,14.617773224054943
9,26,cap-35,cap-109,False,0.36278886042210107,15.405344705555226
9,27,cap-35,cap-114,False,0.3637757293845194,17.06167746630918
9,28,cap-35,cap-116,False,0.3683068515778292,18.02267041703178
9,29,cap-35,cap-118,False,0.3584991152508325,19.56289089102526
9,30,cap-35,cap-122,False,0.36422096816157173,20.465685529775158
9,31,cap-35,cap-124,False,0.374211554979485,19.108391036745125
9,32,cap-35,cap-126,False,0.39407014125923856,18.27051001251666
9,33,cap-35,cap-128,False,0.4091863193740026,19.62311739283213
9,34,cap-35,cap-131,False,0.41844193067972857,18.429689319348103
10,0,cap-37,cap-1,False,0.18786434837087024,18.2486748162325
10,1,cap-37,cap-3,False,0.18581543987381785,17.88807422994619
10,2,cap-37,cap-5,False,0.17683097649943277,17.57885490092609
10,3,cap-37,cap-7,False,0.2056978798938643,19.470856779860963
10,4,cap-37,cap-21,False,0.18821520674256423,19.194520107067323
10,5,cap-37,cap-23,False,0.1748529408439916,18.688884458519297
10,6,cap-37,cap-29,False,0.1808825960802757,19.681461849118282
10,7,cap-37,cap-31,False,0.14988497255373534,16.512811470593046
10,8,cap-37,cap-33,False,0.12177096584466159,13.218834427515048
10,9,cap-37,cap-35,False,0.06672301250666025,8.16125158262008
10,10,cap-37,cap-37,False,0.0,0.0
10,11,cap-37,cap-39,False,0.0282638174221229,3.1864310503833297
10,12,cap-37,cap-42,False,0.0598989285283022,10.347672503056954
10,13,cap-37,cap-44,False,0.07975730503256062,9.76363063685885
10,14,cap-37,cap-48,False,0.10467235064811953,10.037434665486295
10,15,cap-37,cap-50,False,0.09932271678380038,9.37402797281749
10,16,cap-37,cap-52,False,0.11439505280800027,9.645483397074557
10,17,cap-37,cap-54,False,0.11784538674025975,11.65698586802805
10,18,cap-37,cap-56,False,0.13364197866149197,9.449640053244549
10,19,cap-37,cap-74,True,0.5078755776709425,24.804002540846128
10,20,cap-37,cap-78,True,0.5131642943698516,23.68975453109037
10,21,cap-37,cap-80,True,0.5111896348626673,22.260055689117443
10,22,cap-37,cap-96,False,0.45941531706508953,11.231233136940043
10,23,cap-37,cap-103,False,0.4185031579827864,7.038571734973543
10,24,cap-37,cap-105,False,0.40814595281601007,6.492589826374319
10,25,cap-37,cap-107,False,0.40210991988370537,7.076879666156751
10,26,cap-37,cap-109,False,0.39545835231924614,8.100435839596374
10,27,cap-37,cap-114,False,0.3905765389381748,9.68055875515125
10,28,cap-37,cap-116,False,0.3922316268150915,10.803032368362942
10,29,cap-37,cap-118,False,0.3828153443061015,12.411613601100287
10,30,cap-37,cap-122,False,0.38594904838694755,13.346140583512438
10,31,cap-37,cap-124,False,0.3986810598059444,11.766480149625759
10,32,cap-37,cap-126,False,0.41953306225017983,10.721669431511602
10,33,cap-37,cap-128,False,0.4360601898706946,12.036839836704049
10,34,cap-37,cap-131,False,0.44757672978481816,11.056598484972023
11,0,cap-39,cap-1,False,0.20868264899658356,20.443383351508785
11,1,cap-39,cap-3,False,0.20665795266327464,19.872489598038765
11,2,cap-39,cap-5,False,0.19652280540416325,19.726901617004252
11,3,cap-39,cap-7,False,0.22418660060195145,21.56828748156084
11,4,cap-39,cap-21,False,0.2095837992973039,21.63350519652131
11,5,cap-39,cap-23,False,0.19705612894533997,21.462153779934738
11,6,cap-39,cap-29,False,0.2048055974119268,22.63988033416096
11,7,cap-39,cap-31,False,0.173955510220638,19.51772810142062
11,8,cap-39,cap-33,False,0.14555711087236703,16.234509074151298
11,9,cap-39,cap-35,False,0.09223013040782241,11.050716164879267
11,10,cap-39,cap-37,False,0.0282638174221229,3.1864310503833297
11,11,cap-39,cap-39,False,0.0,0.0
11,12,cap-39,cap-42,False,0.04764412003646233,7.691464485335891
11,13,cap-39,cap-44,False,0.06964358733151942,7.404827468990229
11,14,cap-39,cap-48,False,0.0870960610178093,7.758671889976916
11,15,cap-39,cap-50,False,0.08530564334350235,6.754447225684833
11,16,cap-39,cap-52,False,0.10126091055119366,7.536329269018685
11,17,cap-39,cap-54,False,0.10988674326066382,9.349978877341348
11,18,cap-39,cap-56,False,0.12579532980137842,6.609435055217485
11,19,cap-39,cap-74,True,0.5325545200479955,24.736527119629727
11,20,cap-39,cap-78,True,0.5380037279400289,23.73405904805273
11,21,cap-39,cap-80,True,0.5361042292901678,22.27770642845091
11,22,cap-39,cap-96,False,0.4862256831957425,10.890693319644392
11,23,cap-39,cap-103,False,0.44469691974369846,4.192709899790277
11,24,cap-39,cap-105,False,0.43413711060304155,3.3370216006901865
11,25,cap-39,cap-107,False,0.4277812385681194,4.761296755621963
11,26,cap-39,cap-109,False,0.4209545993913576,5.626562831098032
11,27,cap-39,cap-114,False,0.41494624823629406,7.418632877163938
11,28,cap-39,cap-116,False,0.4159521054811226,8.650464684149952
11,29,cap-39,cap-118,False,0.4066634017451729,10.10320287738984
11,30,cap-39,cap-122,False,0.4091400894512031,11.127503442321881
11,31,cap-39,cap-124,False,0.42250560106151175,9.29949566175713
11,32,cap-39,cap-126,False,0.44351413935442224,8.003895721033933
11,33,cap-39,cap-128,False,0.46028828619325385,8.85165331175849
11,34,cap-39,cap-131,False,0.47220322494288397,7.947550378808298
12,0,cap-42,cap-1,False,0.2043913477900579,23.509774630881477
12,1,cap-42,cap-3,False,0.2004239763524947,22.253967324536063
12,2,cap-42,cap-5,False,0.19151724277522722,22.650129382154017
12,3,cap-42,cap-7,False,0.21948685533874576,24.522145172965303
12,4,cap-42,cap-21,False,0.22996346654298136,25.394540498087302
12,5,cap-42,cap-23,False,0.22444907132439987,26.19684036677762
12,6,cap-42,cap-29,False,0.23256412085189293,27.858623776462117
12,7,cap-42,cap-31,False,0.20301979712830134,24.961940892765735
12,8,cap-42,cap-33,False,0.17323274297489902,21.97508294406399
12,9,cap-42,cap-35,False,0.12196535266851068,18.043732369847117
12,10,cap-42,cap-37,False,0.0598989285283022,10.347672503056954
12,11,cap-42,cap-39,False,0.04764412003646233,7.691464485335891
12,12,cap-42,cap-42,False,0.0,0.018807081811602067
12,13,cap-42,cap-44,False,0.024680632611955338,1.6010248879471953
12,14,cap-42,cap-48,False,0.04802118360099914,1.9710437088724877
12,15,cap-42,cap-50,False,0.043690858954878155,1.3750811416356958
12,16,cap-42,cap-52,False,0.07043282362933892,3.963577702719832
12,17,cap-42,cap-54,False,0.07532347894793508,3.859220978187758
12,18,cap-42,cap-56,False,0.09268497572029996,5.596447509547524
12,19,cap-42,cap-74,True,0.5266166132467275,22.641198016318
12,20,cap-42,cap-78,True,0.5317927702031865,22.04912310005588
12,21,cap-42,cap-80,True,0.5299714477720893,20.706241115529362
12,22,cap-42,cap-96,False,0.48314344737144865,12.330377166960337
12,23,cap-42,cap-103,False,0.4392689840757325,5.298033608638457
12,24,cap-42,cap-105,False,0.4282058392884812,6.079941435950085
12,25,cap-42,cap-107,False,0.4208549328729345,8.322486231956077
12,26,cap-42,cap-109,False,0.41405988834259383,8.671078174933163
12,27,cap-42,cap-114,False,0.4062710178490102,9.395589587725267
12,28,cap-42,cap-116,False,0.407108648405639,10.402497448629362
12,29,cap-42,cap-118,False,0.3981827373758262,11.149545737935062
12,30,cap-42,cap-122,False,0.40068169861842334,11.951865084098376
12,31,cap-42,cap-124,False,0.41358592563586577,10.071256296156498
12,32,cap-42,cap-126,False,0.43486828724090093,8.464194317672135
12,33,cap-42,cap-128,False,0.45046606615968837,5.5458423782457436
12,34,cap-42,cap-131,False,0.4622289949069331,4.221974419954812
13,0,cap-44,cap-1,False,0.21303967596991866,22.702119074091176
13,1,cap-44,cap-3,False,0.2079390493214681,21.399644189072003
13,2,cap-44,cap-5,False,0.2006237495912917,21.82023861523255
13,3,cap-44,cap-7,False,0.2291526059506331,23.806776614292467
13,4,cap-44,cap-21,False,0.24802800049709192,24.591601795886564
13,5,cap-44,cap-23,False,0.24353257229353553,25.34451096723881
13,6,cap-44,cap-29,False,0.25051469424641576,26.946523088452725
13,7,cap-44,cap-31,False,0.22118891506778304,24.042707953983307
13,8,cap-44,cap-33,False,0.19183450760458656,21.116324417034956
13,9,cap-44,cap-35,False,0.14030815441002906,17.493329343973222
13,10,cap-44,cap-37,False,0.07975730503256062,9.76363063685885
13,11,cap-44,cap-39,False,0.06964358733151942,7.404827468990229
13,12,cap-44,cap-42,False,0.024680632611955338,1.6010248879471953
13,13,cap-44,cap-44,False,0.0,0.013417324277181827
13,14,cap-44,cap-48,False,0.03367775561901883,0.5065697273338869
13,15,cap-44,cap-50,False,0.02334001864970614,1.2350539496052233
13,16,cap-44,cap-52,False,0.051848431880322954,2.7532741909189347
13,17,cap-44,cap-54,False,0.05322295781073818,3.1181398697058773
13,18,cap-44,cap-56,False,0.07061722216033273,5.760572539579915
13,19,cap-44,cap-74,True,0.5294481058149128,22.6128750958188
13,20,cap-44,cap-78,True,0.5341922141453653,22.002270255926174
13,21,cap-44,cap-80,True,0.532322746464771,20.67438880891728
13,22,cap-44,cap-96,False,0.48362839096027826,12.65244947947983
13,23,cap-44,cap-103,False,0.43689146295442766,5.865024207483025
13,24,cap-44,cap-105,False,0.42533796755710723,6.363788718109815
13,25,cap-44,cap-107,False,0.41731331252161186,8.267292753598516
13,26,cap-44,cap-109,False,0.4100588213614949,8.863412289449952
13,27,cap-44,cap-114,False,0.40017331376046045,9.457157610026632
13,28,cap-44,cap-116,False,0.40005173435968344,10.476901071891938
13,29,cap-44,cap-118,False,0.39140002644322314,11.412926995347178
13,30,cap-44,cap-122,False,0.3930978709866157,12.161226990802286
13,31,cap-44,cap-124,False,0.406609828242245,10.37796490416971
13,32,cap-44,cap-126,False,0.4279766225487223,8.870596866293473
13,33,cap-44,cap-128,False,0.4437967736490448,6.808972801002036
13,34,cap-44,cap-131,False,0.4562647569698982,5.6571003912563755
14,0,cap-48,cap-1,False,0.24328879043086385,22.773204064756428
14,1,cap-48,cap-3,False,0.2383177324408106,21.432673538610516
14,2,cap-48,cap-5,False,0.2302624950186774,21.88150323797949
14,3,cap-48,cap-7,False,0.25746181857056644,23.898262922712743
14,4,cap-48,cap-21,False,0.27713992540674126,24.685743849954047
14,5,cap-48,cap-23,False,0.27246134586874104,25.455920925721998
14,6,cap-48,cap-29,False,0.2804216033638238,27.051978764962012
14,7,cap-48,cap-31,False,0.25073817837404383,24.15684800506656
14,8,cap-48,cap-33,False,0.22113777484968086,21.262436619467916
14,9,cap-48,cap-35,False,0.1689494964911308,17.759823803584418
14,10,cap-48,cap-37,False,0.10467235064811953,10.037434665486295
14,11,cap-48,cap-39,False,0.0870960610178093,7.758671889976916
14,12,cap-48,cap-42,False,0.04802118360099914,1.9710437088724877
14,13,cap-48,cap-44,False,0.03367775561901883,0.5065697273338869
14,14,cap-48,cap-48,False,0.0,0.008004558822388017
14,15,cap-48,cap-50,False,0.015203723016364499,1.6412303949361557
14,16,cap-48,cap-52,False,0.04144218723691239,2.545459378571176
14,17,cap-48,cap-54,False,0.053666926448663485,2.7893288091889046
14,18,cap-48,cap-56,False,0.06732912931723774,5.984546065350338
14,19,cap-48,cap-74,True,0.5604361154624781,22.663169654773192
14,20,cap-48,cap-78,True,0.5652257617161253,22.072424779927424
14,21,cap-48,cap-80,True,0.5634121941504378,20.76006243977474
14,22,cap-48,cap-96,False,0.5157558418414157,13.01559651184984
14,23,cap-48,cap-103,False,0.46792367002441265,6.359654225708592
14,24,cap-48,cap-105,False,0.4561218571584762,6.786172823530328
14,25,cap-48,cap-107,False,0.4477304602518639,8.554589784068929
14,26,cap-48,cap-109,False,0.44018002571969533,9.183367930823275
14,27,cap-48,cap-114,False,0.4287682433171906,9.680618509425138
14,28,cap-48,cap-116,False,0.42768406491323396,10.673626424725684
14,29,cap-48,cap-118,False,0.4192597455460639,11.613132424961165
14,30,cap-48,cap-122,False,0.41999660379030546,12.324451944407112
14,31,cap-48,cap-124,False,0.4343462424630394,10.593437120979226
14,32,cap-48,cap-126,False,0.45574014199781165,9.130332893737364
14,33,cap-48,cap-128,False,0.471968272413848,7.160229146031439
14,34,cap-48,cap-131,False,0.4850466043343819,6.087869980098813
15,0,cap-50,cap-1,False,0.23458515411908207,23.250745584920875
15,1,cap-50,cap-3,False,0.22920672826141428,22.0465007410762
15,2,cap-50,cap-5,False,0.2220808955831922,22.390105955305266
15,3,cap-50,cap-7,False,0.25017218697956395,24.34241084531219
15,4,cap-50,cap-21,False,0.2710965040091238,25.052879565829016
15,5,cap-50,cap-23,False,0.26633011691845776,25.678915918507258
15,6,cap-50,cap-29,False,0.27329634652337065,27.224622194926283
15,7,cap-50,cap-31,False,0.24369705601825034,24.267856983922425
15,8,cap-50,cap-33,False,0.21444728232553412,21.253932983297783
15,9,cap-50,cap-35,False,0.16205424604083477,17.249611848254684
15,10,cap-50,cap-37,False,0.09932271678380038,9.37402797281749
15,11,cap-50,cap-39,False,0.08530564334350235,6.754447225684833
15,12,cap-50,cap-42,False,0.043690858954878155,1.3750811416356958
15,13,cap-50,cap-44,False,0.02334001864970614,1.2350539496052233
15,14,cap-50,cap-48,False,0.015203723016364499,1.6412303949361557
15,15,cap-50,cap-50,False,0.0,0.0
15,16,cap-50,cap-52,False,0.035485171903744256,2.8744300768840936
15,17,cap-50,cap-54,False,0.042254017092218904,3.3857869249531594
15,18,cap-50,cap-56,False,0.05774943135357881,4.663643933464541
15,19,cap-50,cap-74,True,0.5488617966846423,23.391736741751096
15,20,cap-50,cap-78,True,0.5534326225264966,22.747077868893996
15,21,cap-50,cap-80,True,0.5515592883079529,21.391308246767895
15,22,cap-50,cap-96,False,0.5020802135173837,12.65596850737993
15,23,cap-50,cap-103,False,0.45344708172239223,5.064383088487261
15,24,cap-50,cap-105,False,0.4415457486947257,5.300945154335886
15,25,cap-50,cap-107,False,0.43306488880984,7.234732588837255
15,26,cap-50,cap-109,False,0.42538672141505174,7.73350800953025
15,27,cap-50,cap-114,False,0.41369496063991157,8.385014500848206
15,28,cap-50,cap-116,False,0.4125122871931262,9.41877653559576
15,29,cap-50,cap-118,False,0.40409794434207175,10.316091894706148
15,30,cap-50,cap-122,False,0.4047972201632636,11.109112047060052
15,31,cap-50,cap-124,False,0.41918420494567216,9.262256265133965
15,32,cap-50,cap-126,False,0.44057912830645357,7.707214784907562
15,33,cap-50,cap-128,False,0.45690104930557096,5.721701830685903
15,34,cap-50,cap-131,False,0.47012531516057865,4.704120832938649
16,0,cap-52,cap-1,False,0.25970640033774234,23.553758405532854
16,1,cap-52,cap-3,False,0.253814002826841,22.277042467811256
16,2,cap-52,cap-5,False,0.24826720209391837,22.65841472217996
16,3,cap-52,cap-7,False,0.27785592154676586,24.82328349450833
16,4,cap-52,cap-21,False,0.2940646035743542,25.326048937752645
16,5,cap-52,cap-23,False,0.2856324067048138,25.775339978565544
16,6,cap-52,cap-29,False,0.2901375471888933,27.127794507125767
16,7,cap-52,cap-31,False,0.2596833562127277,24.13151153465285
16,8,cap-52,cap-33,False,0.23202213981599526,21.220709429064193
16,9,cap-52,cap-35,False,0.1769513766581881,17.610992778988948
16,10,cap-52,cap-37,False,0.11439505280800027,9.645483397074557
16,11,cap-52,cap-39,False,0.10126091055119366,7.536329269018685
16,12,cap-52,cap-42,False,0.07043282362933892,3.963577702719832
16,13,cap-52,cap-44,False,0.051848431880322954,2.7532741909189347
16,14,cap-52,cap-48,False,0.04144218723691239,2.545459378571176
16,15,cap-52,cap-50,False,0.035485171903744256,2.8744300768840936
16,16,cap-52,cap-52,False,0.0,0.0
16,17,cap-52,cap-54,False,0.023837961405839273,2.1188667739699936
16,18,cap-52,cap-56,False,0.03246095133825827,4.928156673286743
16,19,cap-52,cap-74,True,0.5667326579762587,24.83461902744981
16,20,cap-52,cap-78,True,0.5706193172881205,24.20782724341772
16,21,cap-52,cap-80,True,0.568551011289009,22.898534967599726
16,22,cap-52,cap-96,False,0.5113387471451989,14.796006769375513
16,23,cap-52,cap-103,False,0.45809511516649437,7.3182786975741525
16,24,cap-52,cap-105,False,0.44548909101670503,6.689338246220805
16,25,cap-52,cap-107,False,0.43640667173942216,7.397901516779652
16,26,cap-52,cap-109,False,0.4274923356482184,8.217419032205962
16,27,cap-52,cap-114,False,0.41237226500260976,8.235688570254627
16,28,cap-52,cap-116,False,0.40880064400236515,9.12230068212666
16,29,cap-52,cap-118,False,0.4006605218944364,10.199878174128019
16,30,cap-52,cap-122,False,0.3991237171625933,10.77512014486962
16,31,cap-52,cap-124,False,0.4158087125398382,9.291306849806332
16,32,cap-52,cap-126,False,0.4371649429972805,8.101476916118699
16,33,cap-52,cap-128,False,0.4555550481733222,7.685909149032772
16,34,cap-52,cap-131,False,0.4708577076977371,7.294269634674083
17,0,cap-54,cap-1,False,0.24841090001686741,25.04093385710962
17,1,cap-54,cap-3,False,0.2417639865647601,23.65146278727634
17,2,cap-54,cap-5,False,0.23773412321174978,24.12983392680123
17,3,cap-54,cap-7,False,0.2678432233135409,26.260014848896127
17,4,cap-54,cap-21,False,0.290080424697682,26.930967602916162
17,5,cap-54,cap-23,False,0.2831004826750682,27.561575118488747
17,6,cap-54,cap-29,False,0.2865767014651589,29.004235324677307
17,7,cap-54,cap-31,False,0.2568578272953207,26.05463646887661
17,8,cap-54,cap-33,False,0.22965182256809014,23.18191685566792
17,9,cap-54,cap-35,False,0.17595487001008892,19.629707551090718
17,10,cap-54,cap-37,False,0.11784538674025975,11.65698586802805
17,11,cap-54,cap-39,False,0.10988674326066382,9.349978877341348
17,12,cap-54,cap-42,False,0.07532347894793508,3.859220978187758
17,13,cap-54,cap-44,False,0.05322295781073818,3.1181398697058773
17,14,cap-54,cap-48,False,0.053666926448663485,2.7893288091889046
17,15,cap-54,cap-50,False,0.042254017092218904,3.3857869249531594
17,16,cap-54,cap-52,False,0.023837961405839273,2.1188667739699936
17,17,cap-54,cap-54,False,0.0,0.009949179086387835
17,18,cap-54,cap-56,False,0.017528611166580523,5.610603998745652
17,19,cap-54,cap-74,True,0.5488820087391997,25.010213719762543
17,20,cap-54,cap-78,True,0.5524535079805033,24.49815140924697
17,21,cap-54,cap-80,True,0.550343729764986,23.23044388121125
17,22,cap-54,cap-96,False,0.49212764427193234,15.770000347713456
17,23,cap-54,cap-103,False,0.43784061663511653,8.382739547777701
17,24,cap-54,cap-105,False,0.4250917664147024,7.9812769558252725
17,25,cap-54,cap-107,False,0.41574634574245667,8.801346126829454
17,26,cap-54,cap-109,False,0.4067921663601897,9.384527789354308
17,27,cap-54,cap-114,False,0.3911923532702872,9.196589041139207
17,28,cap-54,cap-116,False,0.38764002684205856,9.941640275407627
17,29,cap-54,cap-118,False,0.3796106122259911,10.718094301163084
17,30,cap-54,cap-122,False,0.3782081576554249,11.197885749108087
17,31,cap-54,cap-124,False,0.3945905667570909,9.803544895495522
17,32,cap-54,cap-126,False,0.4159377534693889,8.650607313747317
17,33,cap-54,cap-128,False,0.4339579015810073,7.438361599985915
17,34,cap-54,cap-131,False,0.44921369860837645,7.237425286777813
18,0,cap-56,cap-1,False,0.2623771186527007,26.13115925383086
18,1,cap-56,cap-3,False,0.2553648173368306,25.19685261066442
18,2,cap-56,cap-5,False,0.25212006927465175,25.32101990237605
18,3,cap-56,cap-7,False,0.2824007377889891,27.305465947869717
18,4,cap-56,cap-21,False,0.3058622185453043,27.60531520328213
18,5,cap-56,cap-23,False,0.29840176078466357,27.65246125952235
18,6,cap-56,cap-29,False,0.3010837466573164,28.82611857136226
18,7,cap-56,cap-31,False,0.2713729126522852,25.686351331714764
18,8,cap-56,cap-33,False,0.2447442766052639,22.49387897040943
18,9,cap-56,cap-35,False,0.19087288061079313,17.498196607906152
18,10,cap-56,cap-37,False,0.13364197866149197,9.449640053244549
18,11,cap-56,cap-39,False,0.12579532980137842,6.609435055217485
18,12,cap-56,cap-42,False,0.09268497572029996,5.596447509547524
18,13,cap-56,cap-44,False,0.07061722216033273,5.760572539579915
18,14,cap-56,cap-48,False,0.06732912931723774,5.984546065350338
18,15,cap-56,cap-50,False,0.05774943135357881,4.663643933464541
18,16,cap-56,cap-52,False,0.03246095133825827,4.928156673286743
18,17,cap-56,cap-54,False,0.017528611166580523,5.610603998745652
18,18,cap-56,cap-56,False,0.0,0.01851228839113238
18,19,cap-56,cap-74,True,0.557663796086092,27.767794262994972
18,20,cap-56,cap-78,True,0.5608895353137995,27.043480855383205
18,21,cap-56,cap-80,True,0.5587200940292302,25.642920639876454
18,22,cap-56,cap-96,False,0.4980170913267287,15.385357072020216
18,23,cap-56,cap-103,False,0.44154405965414467,6.186171636048084
18,24,cap-56,cap-105,False,0.4284566180263578,4.091639725460808
18,25,cap-56,cap-107,False,0.4187032123680407,3.837778518400372
18,26,cap-56,cap-109,False,0.4092552908540252,3.9713438109735355
18,27,cap-56,cap-114,False,0.3918349124572772,3.9019399209830548
18,28,cap-56,cap-116,False,0.38716636922166364,4.819756020048303
18,29,cap-56,cap-118,False,0.3793926852827572,5.660341878539344
18,30,cap-56,cap-122,False,0.37696175381226593,6.472371190468311
18,31,cap-56,cap-124,False,0.39421338123865024,4.625540741121473
18,32,cap-56,cap-126,False,0.4154750337664588,3.2083649605044022
18,33,cap-56,cap-128,False,0.43410570907090884,4.666818120022148
18,34,cap-56,cap-131,False,0.4502012699201302,5.527704296798363
19,0,cap-74,cap-1,True,0.33302463752370176,17.460784541644223
19,1,cap-74,cap-3,True,0.333343906570009,16.051926948569267
19,2,cap-74,cap-5,True,0.3481746737982558,17.0973287716457
19,3,cap-74,cap-7,True,0.3327832848711955,16.774025325205418
19,4,cap-74,cap-21,True,0.3801984203277221,19.814003869411426
19,5,cap-74,cap-23,True,0.40602913404587704,23.311997274869302
19,6,cap-74,cap-29,True,0.3993594189504436,26.23864306730131
19,7,cap-74,cap-31,True,0.4182207906939624,25.590534440966966
19,8,cap-74,cap-33,True,0.4281222564440121,24.745612773634573
19,9,cap-74,cap-35,True,0.463187414507471,25.949736616236727
19,10,cap-74,cap-37,True,0.5078755776709425,24.804002540846128
19,11,cap-74,cap-39,True,0.5325545200479955,24.736527119629727
19,12,cap-74,cap-42,True,0.5266166132467275,22.641198016318
19,13,cap-74,cap-44,True,0.5294481058149128,22.6128750958188
19,14,cap-74,cap-48,True,0.5604361154624781,22.663169654773192
19,15,cap-74,cap-50,True,0.5488617966846423,23.391736741751096
19,16,cap-74,cap-52,True,0.5667326579762587,24.83461902744981
19,17,cap-74,cap-54,True,0.5488820087391997,25.010213719762543
19,18,cap-74,cap-56,True,0.557663796086092,27.767794262994972
19,19,cap-74,cap-74,True,0.0,0.0
19,20,cap-74,cap-78,True,0.013656585179617368,1.5120609327750612
19,21,cap-74,cap-80,True,0.016296232650728104,2.762590656414816
19,22,cap-74,cap-96,True,0.15211293042160265,15.949741244864098
19,23,cap-74,cap-103,True,0.2235239898924326,22.969414450141432
19,24,cap-74,cap-105,True,0.2353793373096822,25.699707491920158
19,25,cap-74,cap-107,True,0.24497227199132138,28.774626196736563
19,26,cap-74,cap-109,True,0.2617456157058969,29.310483012368227
19,27,cap-74,cap-114,True,0.3047890497102747,30.922615775669897
19,28,cap-74,cap-116,True,0.3327196325757506,32.14211125324166
19,29,cap-74,cap-118,True,0.33045260956476274,33.15058282454277
19,30,cap-74,cap-122,True,0.3558996263582169,34.135048867021716
19,31,cap-74,cap-124,True,0.3281402375219046,32.071478205584896
19,32,cap-74,cap-126,True,0.3270461700607976,30.33175574636925
19,33,cap-74,cap-128,True,0.3014861825233684,26.62330305538299
19,34,cap-74,cap-131,True,0.27416163423675466,24.266004092498438
20,0,cap-78,cap-1,True,0.34015017423244176,16.18134281672135
20,1,cap-78,cap-3,True,0.34014182711768304,14.855748600024656
20,2,cap-78,cap-5,True,0.35537804684945135,15.832185004098278
20,3,cap-78,cap-7,True,0.3409337771076727,15.471699275640464
20,4,cap-78,cap-21,True,0.3882599405630135,18.498670322146456
20,5,cap-78,cap-23,True,0.41328070812847173,21.95785999208995
20,6,cap-78,cap-29,True,0.40599045639296993,24.89140773137321
20,7,cap-78,cap-31,True,0.42450227725183376,24.226761252788965
20,8,cap-78,cap-33,True,0.43447859350527546,23.363125118963445
20,9,cap-78,cap-35,True,0.468772501351481,24.5712339365734
20,10,cap-78,cap-37,True,0.5131642943698516,23.68975453109037
20,11,cap-78,cap-39,True,0.5380037279400289,23.73405904805273
20,12,cap-78,cap-42,True,0.5317927702031865,22.04912310005588
20,13,cap-78,cap-44,True,0.5341922141453653,22.002270255926174
20,14,cap-78,cap-48,True,0.5652257617161253,22.072424779927424
20,15,cap-78,cap-50,True,0.5534326225264966,22.747077868893996
20,16,cap-78,cap-52,True,0.5706193172881205,24.20782724341772
20,17,cap-78,cap-54,True,0.5524535079805033,24.49815140924697
20,18,cap-78,cap-56,True,0.5608895353137995,27.043480855383205
20,19,cap-78,cap-74,True,0.013656585179617368,1.5120609327750612
20,20,cap-78,cap-78,True,0.0,0.0
20,21,cap-78,cap-80,True,0.004160722428089409,1.494103690284198
20,22,cap-78,cap-96,True,0.1444143139870106,14.795225854744745
20,23,cap-78,cap-103,True,0.21672831623122857,22.09602015941501
20,24,cap-78,cap-105,True,0.22894991177182683,24.81840070359347
20,25,cap-78,cap-107,True,0.23868895230718043,27.87816589576969
20,26,cap-78,cap-109,True,0.2556278980478275,28.425753584253894
20,27,cap-78,cap-114,True,0.2986036689451149,30.09132611559506
20,28,cap-78,cap-116,True,0.3264350236558372,31.323655889329764
20,29,cap-78,cap-118,True,0.3245213263611541,32.36846932042922
20,30,cap-78,cap-122,True,0.3498654652159556,33.37144969753343
20,31,cap-78,cap-124,True,0.3216158258355376,31.299090609032085
20,32,cap-78,cap-126,True,0.31976635287483346,29.56320936755552
20,33,cap-78,cap-128,True,0.2935262545631506,25.99599184707145
20,34,cap-78,cap-131,True,0.26569540803237646,23.615846890310664
21,0,cap-80,cap-1,True,0.3388536958448529,15.562936993099765
21,1,cap-80,cap-3,True,0.3387811572604924,14.245920690790879
21,2,cap-80,cap-5,True,0.3541255634510605,15.17105916159502
21,3,cap-80,cap-7,True,0.3400154700653758,14.941621610354035
21,4,cap-80,cap-21,True,0.3869067401548717,17.89909507648988
21,5,cap-80,cap-23,True,0.411622492249438,21.24340591558027
21,6,cap-80,cap-29,True,0.4041245487229789,24.167317837365104
21,7,cap-80,cap-31,True,0.4225546467382679,23.34586470084806
21,8,cap-80,cap-33,True,0.4326019346176692,22.322206321557655
21,9,cap-80,cap-35,True,0.4667506894361168,23.26336888366275
21,10,cap-80,cap-37,True,0.5111896348626673,22.260055689117443
21,11,cap-80,cap-39,True,0.5361042292901678,22.27770642845091
21,12,cap-80,cap-42,True,0.5299714477720893,20.706241115529362
21,13,cap-80,cap-44,True,0.532322746464771,20.67438880891728
21,14,cap-80,cap-48,True,0.5634121941504378,20.76006243977474
21,15,cap-80,cap-50,True,0.5515592883079529,21.391308246767895
21,16,cap-80,cap-52,True,0.568551011289009,22.898534967599726
21,17,cap-80,cap-54,True,0.550343729764986,23.23044388121125
21,18,cap-80,cap-56,True,0.5587200940292302,25.642920639876454
21,19,cap-80,cap-74,True,0.016296232650728104,2.762590656414816
21,20,cap-80,cap-78,True,0.004160722428089409,1.494103690284198
21,21,cap-80,cap-80,True,0.0,0.0
21,22,cap-80,cap-96,True,0.14025431809910976,13.314543952166664
21,23,cap-80,cap-103,True,0.2127044838706656,20.632772743229985
21,24,cap-80,cap-105,True,0.2249733392689985,23.3606839490282
21,25,cap-80,cap-107,True,0.23476923103851471,26.429961312465352
21,26,cap-80,cap-109,True,0.2517171782372316,26.96822266102768
21,27,cap-80,cap-114,True,0.29475873473336867,28.65496899374889
21,28,cap-80,cap-116,True,0.3225842353529261,29.89013365546309
21,29,cap-80,cap-118,True,0.32068153305651836,30.93601923593918
21,30,cap-80,cap-122,True,0.3460144673206543,31.947492136708693
21,31,cap-80,cap-124,True,0.317754027189349,29.86900272400735
21,32,cap-80,cap-126,True,0.31585606844056374,28.13237782526212
21,33,cap-80,cap-128,True,0.2896582173397283,24.60475609723305
21,34,cap-80,cap-131,True,0.2618463845924387,22.21695496419791
22,0,cap-96,cap-1,False,0.32207913781034725,16.173902880744528
22,1,cap-96,cap-3,False,0.31971723703914784,15.700991444600302
22,2,cap-96,cap-5,False,0.33756809337116994,15.651199108877595
22,3,cap-96,cap-7,False,0.33626487841818825,16.37267540189434
22,4,cap-96,cap-21,False,0.3645765497490822,17.71241041276388
22,5,cap-96,cap-23,False,0.37668242024732024,19.032393319455124
22,6,cap-96,cap-29,False,0.36197790291985926,21.28627922940108
22,7,cap-96,cap-31,False,0.37614349462194213,19.058870075959163
22,8,cap-96,cap-33,False,0.38820820076224966,16.3998002304829
22,9,cap-96,cap-35,False,0.4151115316416924,13.319474209298216
22,10,cap-96,cap-37,False,0.45941531706508953,11.231233136940043
22,11,cap-96,cap-39,False,0.4862256831957425,10.890693319644392
22,12,cap-96,cap-42,False,0.48314344737144865,12.330377166960337
22,13,cap-96,cap-44,False,0.48362839096027826,12.65244947947983
22,14,cap-96,cap-48,False,0.5157558418414157,13.01559651184984
22,15,cap-96,cap-50,False,0.5020802135173837,12.65596850737993
22,16,cap-96,cap-52,False,0.5113387471451989,14.796006769375513
22,17,cap-96,cap-54,False,0.49212764427193234,15.770000347713456
22,18,cap-96,cap-56,False,0.4980170913267287,15.385357072020216
22,19,cap-96,cap-74,True,0.15211293042160265,15.949741244864098
22,20,cap-96,cap-78,True,0.1444143139870106,14.795225854744745
22,21,cap-96,cap-80,True,0.14025431809910976,13.314543952166664
22,22,cap-96,cap-96,False,0.0,0.010649648458636831
22,23,cap-96,cap-103,False,0.08381147433689465,9.290000497766375
22,24,cap-96,cap-105,False,0.0986569166179586,11.940371670805611
22,25,cap-96,cap-107,False,0.1116954209703578,15.037041453160455
22,26,cap-96,cap-109,False,0.12790083050611856,15.311521476989542
22,27,cap-96,cap-114,False,0.17253527635750074,17.418671084847116
22,28,cap-96,cap-116,False,0.19893674974515493,18.651910338907836
22,29,cap-96,cap-118,False,0.19761151687393633,19.651465947435067
22,30,cap-96,cap-122,False,0.2215714544054523,20.796700929408697
22,31,cap-96,cap-124,False,0.1937382059871689,18.677930717118137
22,32,cap-96,cap-126,False,0.18944870368049166,17.007621274914282
22,33,cap-96,cap-128,False,0.16690651014439703,14.401102754755378
22,34,cap-96,cap-131,False,0.14208606168367496,12.14545917583718
23,0,cap-103,cap-1,False,0.30685082055396196,21.843476917202132
23,1,cap-103,cap-3,False,0.30217020989157,21.079830493420413
23,2,cap-103,cap-5,False,0.32082838859407015,21.111088304595896
23,3,cap-103,cap-7,False,0.3274603221690092,22.73127056872264
23,4,cap-103,cap-21,False,0.35739906515569764,23.330233999204257
23,5,cap-103,cap-23,False,0.3641870777762449,23.72717645705986
23,6,cap-103,cap-29,False,0.3478319590889704,25.280886756930787
23,7,cap-103,cap-31,False,0.3555768798919269,22.32134212436105
23,8,cap-103,cap-33,False,0.3643681533929066,19.100869932318403
23,9,cap-103,cap-35,False,0.38111486451029736,14.104913015357852
23,10,cap-103,cap-37,False,0.4185031579827864,7.038571734973543
23,11,cap-103,cap-39,False,0.44469691974369846,4.192709899790277
23,12,cap-103,cap-42,False,0.4392689840757325,5.298033608638457
23,13,cap-103,cap-44,False,0.43689146295442766,5.865024207483025
23,14,cap-103,cap-48,False,0.46792367002441265,6.359654225708592
23,15,cap-103,cap-50,False,0.45344708172239223,5.064383088487261
23,16,cap-103,cap-52,False,0.45809511516649437,7.3182786975741525
23,17,cap-103,cap-54,False,0.43784061663511653,8.382739547777701
23,18,cap-103,cap-56,False,0.44154405965414467,6.186171636048084
23,19,cap-103,cap-74,True,0.2235239898924326,22.969414450141432
23,20,cap-103,cap-78,True,0.21672831623122857,22.09602015941501
23,21,cap-103,cap-80,True,0.2127044838706656,20.632772743229985
23,22,cap-103,cap-96,False,0.08381147433689465,9.290000497766375
23,23,cap-103,cap-103,False,0.0,0.0
23,24,cap-103,cap-105,False,0.015589770056773311,2.948990467857236
23,25,cap-103,cap-107,False,0.029193021105430938,6.350948377630612
23,26,cap-103,cap-109,False,0.04454275877440113,6.499633095667095
23,27,cap-103,cap-114,False,0.08878265926682792,8.385452278334379
23,28,cap-103,cap-116,False,0.11521568664735739,9.599575063416816
23,29,cap-103,cap-118,False,0.11384520576894822,10.531448766919207
23,30,cap-103,cap-122,False,0.13794906374820703,11.639711128577243
23,31,cap-103,cap-124,False,0.11022756082906794,9.506257632557217
23,32,cap-103,cap-126,False,0.1078611280991099,7.794239730330672
23,33,cap-103,cap-128,False,0.08934989013275767,6.00556230725063
23,34,cap-103,cap-131,False,0.07169220853472336,4.355925106578206
24,0,cap-105,cap-1,False,0.3013461030267764,23.329734419434768
24,1,cap-105,cap-3,False,0.2962625660164907,22.633744321968226
24,2,cap-105,cap-5,False,0.314943967602181,22.592495156261066
24,3,cap-105,cap-7,False,0.3229734957901029,24.372718599925946
24,4,cap-105,cap-21,False,0.35345375225682035,24.655627615820144
24,5,cap-105,cap-23,False,0.3594563829389839,24.664436025103733
24,6,cap-105,cap-29,False,0.34303374784302315,25.925180585418513
24,7,cap-105,cap-31,False,0.34949070979655633,22.824213272431855
24,8,cap-105,cap-33,False,0.35747047635743406,19.537317719948014
24,9,cap-105,cap-35,False,0.3722384620222965,14.152736197040637
24,10,cap-105,cap-37,False,0.40814595281601007,6.492589826374319
24,11,cap-105,cap-39,False,0.43413711060304155,3.3370216006901865
24,12,cap-105,cap-42,False,0.4282058392884812,6.079941435950085
24,13,cap-105,cap-44,False,0.42533796755710723,6.363788718109815
24,14,cap-105,cap-48,False,0.4561218571584762,6.786172823530328
24,15,cap-105,cap-50,False,0.4415457486947257,5.300945154335886
24,16,cap-105,cap-52,False,0.44548909101670503,6.689338246220805
24,17,cap-105,cap-54,False,0.4250917664147024,7.9812769558252725
24,18,cap-105,cap-56,False,0.4284566180263578,4.091639725460808
24,19,cap-105,cap-74,True,0.2353793373096822,25.699707491920158
24,20,cap-105,cap-78,True,0.22894991177182683,24.81840070359347
24,21,cap-105,cap-80,True,0.2249733392689985,23.3606839490282
24,22,cap-105,cap-96,False,0.0986569166179586,11.940371670805611
24,23,cap-105,cap-103,False,0.015589770056773311,2.948990467857236
24,24,cap-105,cap-105,False,0.0,0.0026232483925355426
24,25,cap-105,cap-107,False,0.014164960357700068,3.4143397030977547
24,26,cap-105,cap-109,False,0.029261195249459852,3.6195780823930463
24,27,cap-105,cap-114,False,0.07418128305912418,5.510892739514931
24,28,cap-105,cap-116,False,0.10102906485329666,6.7483647002037435
24,29,cap-105,cap-118,False,0.09919662184661542,7.834262701910498
24,30,cap-105,cap-122,False,0.12367004912285787,8.936725763761064
24,31,cap-105,cap-124,False,0.09640627754396375,6.867218220658736
24,32,cap-105,cap-126,False,0.09583032133394288,5.281555964251675
24,33,cap-105,cap-128,False,0.07972453779612867,5.6237165069145245
24,34,cap-105,cap-131,False,0.06607905409581849,5.151814438206932
25,0,cap-107,cap-1,False,0.2989896200714057,25.02777265241389
25,1,cap-107,cap-3,False,0.2934567985266375,24.412382000102546
25,2,cap-107,cap-5,False,0.3121984991544252,24.295009309411007
25,3,cap-107,cap-7,False,0.32129307356608294,26.22785638146951
25,4,cap-107,cap-21,False,0.3538217586477805,26.164670812300376
25,5,cap-107,cap-23,False,0.35953531920922743,25.752364174242512
25,6,cap-107,cap-29,False,0.34328806168085685,26.66814014352515
25,7,cap-107,cap-31,False,0.34847406604322334,23.462425572024102
25,8,cap-107,cap-33,False,0.35541631714809485,20.183099219802777
25,9,cap-107,cap-35,False,0.36810039215434326,14.617773224054943
25,10,cap-107,cap-37,False,0.40210991988370537,7.076879666156751
25,11,cap-107,cap-39,False,0.4277812385681194,4.761296755621963
25,12,cap-107,cap-42,False,0.4208549328729345,8.322486231956077
25,13,cap-107,cap-44,False,0.41731331252161186,8.267292753598516
25,14,cap-107,cap-48,False,0.4477304602518639,8.554589784068929
25,15,cap-107,cap-50,False,0.43306488880984,7.234732588837255
25,16,cap-107,cap-52,False,0.43640667173942216,7.397901516779652
25,17,cap-107,cap-54,False,0.41574634574245667,8.801346126829454
25,18,cap-107,cap-56,False,0.4187032123680407,3.837778518400372
25,19,cap-107,cap-74,True,0.24497227199132138,28.774626196736563
25,20,cap-107,cap-78,True,0.23868895230718043,27.87816589576969
25,21,cap-107,cap-80,True,0.23476923103851471,26.429961312465352
25,22,cap-107,cap-96,False,0.1116954209703578,15.037041453160455
25,23,cap-107,cap-103,False,0.029193021105430938,6.350948377630612
25,24,cap-107,cap-105,False,0.014164960357700068,3.4143397030977547
25,25,cap-107,cap-107,False,0.0,0.010210860411001384
25,26,cap-107,cap-109,False,0.017203874772023724,1.428557117511325
25,27,cap-107,cap-114,False,0.06163936816024078,2.6787461949180664
25,28,cap-107,cap-116,False,0.08908185880319029,3.8934764625598235
25,29,cap-107,cap-118,False,0.08712814324292309,5.3932592352497055
25,30,cap-107,cap-122,False,0.11202904304758798,6.385767008802278
25,31,cap-107,cap-124,False,0.08462303880611512,4.690720470745007
25,32,cap-107,cap-126,False,0.0855728050152431,3.7924445374594233
25,33,cap-107,cap-128,False,0.07055446158412752,7.23305067784065
25,34,cap-107,cap-131,False,0.06010530964468046,7.74327971189605
26,0,cap-109,cap-1,False,0.30008552817871614,26.04836591430347
26,1,cap-109,cap-3,False,0.29423058782540806,25.464515539941548
26,2,cap-109,cap-5,False,0.3128218002000547,25.33073517146678
26,3,cap-109,cap-7,False,0.32362455399777973,27.188049679535922
26,4,cap-109,cap-21,False,0.3544205091365949,27.174478605579907
26,5,cap-109,cap-23,False,0.35851902791908263,26.77898241420325
26,6,cap-109,cap-29,False,0.3418418634085369,27.71994713160305
26,7,cap-109,cap-31,False,0.3457374561640272,24.524186757419596
26,8,cap-109,cap-33,False,0.35223800188366083,21.21135642607914
26,9,cap-109,cap-35,False,0.36278886042210107,15.405344705555226
26,10,cap-109,cap-37,False,0.39545835231924614,8.100435839596374
26,11,cap-109,cap-39,False,0.4209545993913576,5.626562831098032
26,12,cap-109,cap-42,False,0.41405988834259383,8.671078174933163
26,13,cap-109,cap-44,False,0.4100588213614949,8.863412289449952
26,14,cap-109,cap-48,False,0.44018002571969533,9.183367930823275
26,15,cap-109,cap-50,False,0.42538672141505174,7.73350800953025
26,16,cap-109,cap-52,False,0.4274923356482184,8.217419032205962
26,17,cap-109,cap-54,False,0.4067921663601897,9.384527789354308
26,18,cap-109,cap-56,False,0.4092552908540252,3.9713438109735355
26,19,cap-109,cap-74,True,0.2617456157058969,29.310483012368227
26,20,cap-109,cap-78,True,0.2556278980478275,28.425753584253894
26,21,cap-109,cap-80,True,0.2517171782372316,26.96822266102768
26,22,cap-109,cap-96,False,0.12790083050611856,15.311521476989542
26,23,cap-109,cap-103,False,0.04454275877440113,6.499633095667095
26,24,cap-109,cap-105,False,0.029261195249459852,3.6195780823930463
26,25,cap-109,cap-107,False,0.017203874772023724,1.428557117511325
26,26,cap-109,cap-109,False,0.0,0.0
26,27,cap-109,cap-114,False,0.045478091112842664,2.3267902260505773
26,28,cap-109,cap-116,False,0.07268597376494577,3.4467089015674937
26,29,cap-109,cap-118,False,0.07031888163647185,4.610933513116562
26,30,cap-109,cap-122,False,0.09519166879137392,5.723822177838314
26,31,cap-109,cap-124,False,0.0686632852127784,3.873408094889343
26,32,cap-109,cap-126,False,0.07142932005296906,2.913475393719653
26,33,cap-109,cap-128,False,0.06180775716354708,6.605162245128661
26,34,cap-109,cap-131,False,0.05923634376700863,7.393328149026738
27,0,cap-114,cap-1,False,0.3143626539019793,27.617983472872368
27,1,cap-114,cap-3,False,0.3074363790748344,26.95066784481046
27,2,cap-114,cap-5,False,0.3256291452625916,26.870211277237928
27,3,cap-114,cap-7,False,0.3401627514379826,28.84737557967538
27,4,cap-114,cap-21,False,0.3714306626778962,28.769190498045756
27,5,cap-114,cap-23,False,0.3726535284774691,28.307050925432105
27,6,cap-114,cap-29,False,0.355708369577494,29.139195097627507
27,7,cap-114,cap-31,False,0.3558104538406544,25.9144910971061
27,8,cap-114,cap-33,False,0.36007551132970644,22.6592834614956
27,9,cap-114,cap-35,False,0.3637757293845194,17.06167746630918
27,10,cap-114,cap-37,False,0.3905765389381748,9.68055875515125
27,11,cap-114,cap-39,False,0.41494624823629406,7.418632877163938
27,12,cap-114,cap-42,False,0.4062710178490102,9.395589587725267
27,13,cap-114,cap-44,False,0.40017331376046045,9.457157610026632
27,14,cap-114,cap-48,False,0.4287682433171906,9.680618509425138
27,15,cap-114,cap-50,False,0.41369496063991157,8.385014500848206
27,16,cap-114,cap-52,False,0.41237226500260976,8.235688570254627
27,17,cap-114,cap-54,False,0.3911923532702872,9.196589041139207
27,18,cap-114,cap-56,False,0.3918349124572772,3.9019399209830548
27,19,cap-114,cap-74,True,0.3047890497102747,30.922615775669897
27,20,cap-114,cap-78,True,0.2986036689451149,30.09132611559506
27,21,cap-114,cap-80,True,0.29475873473336867,28.65496899374889
27,22,cap-114,cap-96,False,0.17253527635750074,17.418671084847116
27,23,cap-114,cap-103,False,0.08878265926682792,8.385452278334379
27,24,cap-114,cap-105,False,0.07418128305912418,5.510892739514931
27,25,cap-114,cap-107,False,0.06163936816024078,2.6787461949180664
27,26,cap-114,cap-109,False,0.045478091112842664,2.3267902260505773
27,27,cap-114,cap-114,False,0.0,0.022616938199359924
27,28,cap-114,cap-116,False,0.028005453967432238,1.2653165201469265
27,29,cap-114,cap-118,False,0.026663481660779444,2.7961568817163083
27,30,cap-114,cap-122,False,0.05142339769100464,3.721023002397211
27,31,cap-114,cap-124,False,0.02479465815390651,2.2233837895773862
27,32,cap-114,cap-126,False,0.036328110345375184,2.2250300999862436
27,33,cap-114,cap-128,False,0.04622180543507657,7.267999477256759
27,34,cap-114,cap-131,False,0.06560856353118491,8.53948449996997
28,0,cap-116,cap-1,False,0.3289449869247402,28.79130813175216
28,1,cap-116,cap-3,False,0.32165133992651673,28.131996867107134
28,2,cap-116,cap-5,False,0.3393927650254054,28.044644859988285
28,3,cap-116,cap-7,False,0.35596231780878684,30.04011427664578
28,4,cap-116,cap-21,False,0.3848532866060461,29.912509482165436
28,5,cap-116,cap-23,False,0.3837749413082525,29.376654952731375
28,6,cap-116,cap-29,False,0.36637041657777686,30.13754684998383
28,7,cap-116,cap-31,False,0.36460439109221465,26.90214616692096
28,8,cap-116,cap-33,False,0.368163115193521,23.659296367889336
28,9,cap-116,cap-35,False,0.3683068515778292,18.02267041703178
28,10,cap-116,cap-37,False,0.3922316268150915,10.803032368362942
28,11,cap-116,cap-39,False,0.4159521054811226,8.650464684149952
28,12,cap-116,cap-42,False,0.407108648405639,10.402497448629362
28,13,cap-116,cap-44,False,0.40005173435968344,10.476901071891938
28,14,cap-116,cap-48,False,0.42768406491323396,10.673626424725684
28,15,cap-116,cap-50,False,0.4125122871931262,9.41877653559576
28,16,cap-116,cap-52,False,0.40880064400236515,9.12230068212666
28,17,cap-116,cap-54,False,0.38764002684205856,9.941640275407627
28,18,cap-116,cap-56,False,0.38716636922166364,4.819756020048303
28,19,cap-116,cap-74,True,0.3327196325757506,32.14211125324166
28,20,cap-116,cap-78,True,0.3264350236558372,31.323655889329764
28,21,cap-116,cap-80,True,0.3225842353529261,29.89013365546309
28,22,cap-116,cap-96,False,0.19893674974515493,18.651910338907836
28,23,cap-116,cap-103,False,0.11521568664735739,9.599575063416816
28,24,cap-116,cap-105,False,0.10102906485329666,6.7483647002037435
28,25,cap-116,cap-107,False,0.08908185880319029,3.8934764625598235
28,26,cap-116,cap-109,False,0.07268597376494577,3.4467089015674937
28,27,cap-116,cap-114,False,0.028005453967432238,1.2653165201469265
28,28,cap-116,cap-116,False,0.0,0.0
28,29,cap-116,cap-118,False,0.009932559506453763,1.7831299183288265
28,30,cap-116,cap-122,False,0.02452226182499641,2.546165302897985
28,31,cap-116,cap-124,False,0.008026329166561444,1.6859166226557405
28,32,cap-116,cap-126,False,0.028519174125271086,2.671545145874881
28,33,cap-116,cap-128,False,0.055719133152733996,7.968629773484165
28,34,cap-116,cap-131,False,0.08290961282450017,9.469554822871425
29,0,cap-118,cap-1,False,0.3198296567052899,30.398334855310782
29,1,cap-118,cap-3,False,0.3125755697255556,29.7271901544479
29,2,cap-118,cap-5,False,0.3302388624621937,29.652559299434948
29,3,cap-118,cap-7,False,0.347038880336222,31.60895100485378
29,4,cap-118,cap-21,False,0.3751614463297452,31.542497214479653
29,5,cap-118,cap-23,False,0.37394529556431294,31.04528497520032
29,6,cap-118,cap-29,False,0.35656395917434547,31.832017803781284
29,7,cap-118,cap-31,False,0.3546987341227784,28.600003953248518
29,8,cap-118,cap-33,False,0.35823395143244036,25.33652596920617
29,9,cap-118,cap-35,False,0.3584991152508325,19.56289089102526
29,10,cap-118,cap-37,False,0.3828153443061015,12.411613601100287
29,11,cap-118,cap-39,False,0.4066634017451729,10.10320287738984
29,12,cap-118,cap-42,False,0.3981827373758262,11.149545737935062
29,13,cap-118,cap-44,False,0.39140002644322314,11.412926995347178
29,14,cap-118,cap-48,False,0.4192597455460639,11.613132424961165
29,15,cap-118,cap-50,False,0.40409794434207175,10.316091894706148
29,16,cap-118,cap-52,False,0.4006605218944364,10.199878174128019
29,17,cap-118,cap-54,False,0.3796106122259911,10.718094301163084
29,18,cap-118,cap-56,False,0.3793926852827572,5.660341878539344
29,19,cap-118,cap-74,True,0.33045260956476274,33.15058282454277
29,20,cap-118,cap-78,True,0.3245213263611541,32.36846932042922
29,21,cap-118,cap-80,True,0.32068153305651836,30.93601923593918
29,22,cap-118,cap-96,False,0.19761151687393633,19.651465947435067
29,23,cap-118,cap-103,False,0.11384520576894822,10.531448766919207
29,24,cap-118,cap-105,False,0.09919662184661542,7.834262701910498
29,25,cap-118,cap-107,False,0.08712814324292309,5.3932592352497055
29,26,cap-118,cap-109,False,0.07031888163647185,4.610933513116562
29,27,cap-118,cap-114,False,0.026663481660779444,2.7961568817163083
29,28,cap-118,cap-116,False,0.009932559506453763,1.7831299183288265
29,29,cap-118,cap-118,False,0.0,0.0
29,30,cap-118,cap-122,False,0.0255757837950598,1.1922154807600618
29,31,cap-118,cap-124,False,0.016264327549711043,1.108341127416231
29,32,cap-118,cap-126,False,0.037075839973282766,2.8768031216232046
29,33,cap-118,cap-128,False,0.062287339786368405,7.92915125144132
29,34,cap-118,cap-131,False,0.08767254871552779,9.768609872433807
30,0,cap-122,cap-1,False,0.3348709384368083,31.313797882363524
30,1,cap-122,cap-3,False,0.3273652674600615,30.62064049788687
30,2,cap-122,cap-5,False,0.3445461779146811,30.559539192089577
30,3,cap-122,cap-7,False,0.363016133936219,32.55970989171429
30,4,cap-122,cap-21,False,0.388633409957433,32.45483334673852
30,5,cap-122,cap-23,False,0.38531554549909497,31.91366597123553
30,6,cap-122,cap-29,False,0.3675433312904293,32.643553842941316
30,7,cap-122,cap-31,False,0.36408373141064676,29.40332082817183
30,8,cap-122,cap-33,False,0.3670683227618263,26.16729378193637
30,9,cap-122,cap-35,False,0.36422096816157173,20.465685529775158
30,10,cap-122,cap-37,False,0.38594904838694755,13.346140583512438
30,11,cap-122,cap-39,False,0.4091400894512031,11.127503442321881
30,12,cap-122,cap-42,False,0.40068169861842334,11.951865084098376
30,13,cap-122,cap-44,False,0.3930978709866157,12.161226990802286
30,14,cap-122,cap-48,False,0.41999660379030546,12.324451944407112
30,15,cap-122,cap-50,False,0.4047972201632636,11.109112047060052
30,16,cap-122,cap-52,False,0.3991237171625933,10.77512014486962
30,17,cap-122,cap-54,False,0.3782081576554249,11.197885749108087
30,18,cap-122,cap-56,False,0.37696175381226593,6.472371190468311
30,19,cap-122,cap-74,True,0.3558996263582169,34.135048867021716
30,20,cap-122,cap-78,True,0.3498654652159556,33.37144969753343
30,21,cap-122,cap-80,True,0.3460144673206543,31.947492136708693
30,22,cap-122,cap-96,False,0.2215714544054523,20.796700929408697
30,23,cap-122,cap-103,False,0.13794906374820703,11.639711128577243
30,24,cap-122,cap-105,False,0.12367004912285787,8.936725763761064
30,25,cap-122,cap-107,False,0.11202904304758798,6.385767008802278
30,26,cap-122,cap-109,False,0.09519166879137392,5.723822177838314
30,27,cap-122,cap-114,False,0.05142339769100464,3.721023002397211
30,28,cap-122,cap-116,False,0.02452226182499641,2.546165302897985
30,29,cap-122,cap-118,False,0.0255757837950598,1.1922154807600618
30,30,cap-122,cap-122,False,0.0,0.008036315873790884
30,31,cap-122,cap-124,False,0.03132489387652475,2.162231146218605
30,32,cap-122,cap-126,False,0.04604488684698704,3.928937685799487
30,33,cap-122,cap-128,False,0.0774530170096871,8.812520843750406
30,34,cap-122,cap-131,False,0.1061753764340894,10.737422809066214
31,0,cap-124,cap-1,False,0.33237964908245526,29.623030692039812
31,1,cap-124,cap-3,False,0.3251654869900155,28.914597932506553
31,2,cap-124,cap-5,False,0.3430562540506448,28.86921716350523
31,3,cap-124,cap-7,False,0.3590233760830386,30.811000756820977
31,4,cap-124,cap-21,False,0.3886039779524857,30.82624261355105
31,5,cap-124,cap-23,False,0.3880362700262401,30.43754130048225
31,6,cap-124,cap-29,False,0.37064876967435856,31.311482883813394
31,7,cap-124,cap-31,False,0.3694213600311537,28.09245094385965
31,8,cap-124,cap-33,False,0.37325520611048907,24.82136336740046
31,9,cap-124,cap-35,False,0.374211554979485,19.108391036745125
31,10,cap-124,cap-37,False,0.3986810598059444,11.766480149625759
31,11,cap-124,cap-39,False,0.42250560106151175,9.29949566175713
31,12,cap-124,cap-42,False,0.41358592563586577,10.071256296156498
31,13,cap-124,cap-44,False,0.406609828242245,10.37796490416971
31,14,cap-124,cap-48,False,0.4343462424630394,10.593437120979226
31,15,cap-124,cap-50,False,0.41918420494567216,9.262256265133965
31,16,cap-124,cap-52,False,0.4158087125398382,9.291306849806332
31,17,cap-124,cap-54,False,0.3945905667570909,9.803544895495522
31,18,cap-124,cap-56,False,0.39421338123865024,4.625540741121473
31,19,cap-124,cap-74,True,0.3281402375219046,32.071478205584896
31,20,cap-124,cap-78,True,0.3216158258355376,31.299090609032085
31,21,cap-124,cap-80,True,0.317754027189349,29.86900272400735
31,22,cap-124,cap-96,False,0.1937382059871689,18.677930717118137
31,23,cap-124,cap-103,False,0.11022756082906794,9.506257632557217
31,24,cap-124,cap-105,False,0.09640627754396375,6.867218220658736
31,25,cap-124,cap-107,False,0.08462303880611512,4.690720470745007
31,26,cap-124,cap-109,False,0.0686632852127784,3.873408094889343
31,27,cap-124,cap-114,False,0.02479465815390651,2.2233837895773862
31,28,cap-124,cap-116,False,0.008026329166561444,1.6859166226557405
31,29,cap-124,cap-118,False,0.016264327549711043,1.108341127416231
31,30,cap-124,cap-122,False,0.03132489387652475,2.162231146218605
31,31,cap-124,cap-124,False,0.0,0.0
31,32,cap-124,cap-126,False,0.021400977957108883,1.780899563325849
31,33,cap-124,cap-128,False,0.04774990020318992,6.885733212783127
31,34,cap-124,cap-131,False,0.07522802008177291,8.679252488157987
32,0,cap-126,cap-1,False,0.35015920979736087,28.31916165862827
32,1,cap-126,cap-3,False,0.3431533479295158,27.573611179048026
32,2,cap-126,cap-5,False,0.36122531291390575,27.560193550938937
32,3,cap-126,cap-7,False,0.3762454763955481,29.458603481139825
32,4,cap-126,cap-21,False,0.4053873188845679,29.598957157769323
32,5,cap-126,cap-23,False,0.4050314062117001,29.37272423012608
32,6,cap-126,cap-29,False,0.3873106555607551,30.383711215877636
32,7,cap-126,cap-31,False,0.3871004542938997,27.19364477403454
32,8,cap-126,cap-33,False,0.39180826457403434,23.910503050076077
32,9,cap-126,cap-35,False,0.39407014125923856,18.27051001251666
32,10,cap-126,cap-37,False,0.41953306225017983,10.721669431511602
32,11,cap-126,cap-39,False,0.44351413935442224,8.003895721033933
32,12,cap-126,cap-42,False,0.43486828724090093,8.464194317672135
32,13,cap-126,cap-44,False,0.4279766225487223,8.870596866293473
32,14,cap-126,cap-48,False,0.45574014199781165,9.130332893737364
32,15,cap-126,cap-50,False,0.44057912830645357,7.707214784907562
32,16,cap-126,cap-52,False,0.4371649429972805,8.101476916118699
32,17,cap-126,cap-54,False,0.4159377534693889,8.650607313747317
32,18,cap-126,cap-56,False,0.4154750337664588,3.2083649605044022
32,19,cap-126,cap-74,True,0.3270461700607976,30.33175574636925
32,20,cap-126,cap-78,True,0.31976635287483346,29.56320936755552
32,21,cap-126,cap-80,True,0.31585606844056374,28.13237782526212
32,22,cap-126,cap-96,False,0.18944870368049166,17.007621274914282
32,23,cap-126,cap-103,False,0.1078611280991099,7.794239730330672
32,24,cap-126,cap-105,False,0.09583032133394288,5.281555964251675
32,25,cap-126,cap-107,False,0.0855728050152431,3.7924445374594233
32,26,cap-126,cap-109,False,0.07142932005296906,2.913475393719653
32,27,cap-126,cap-114,False,0.036328110345375184,2.2250300999862436
32,28,cap-126,cap-116,False,0.028519174125271086,2.671545145874881
32,29,cap-126,cap-118,False,0.037075839973282766,2.8768031216232046
32,30,cap-126,cap-122,False,0.04604488684698704,3.928937685799487
32,31,cap-126,cap-124,False,0.021400977957108883,1.780899563325849
32,32,cap-126,cap-126,False,0.0,0.01702298975396689
32,33,cap-126,cap-128,False,0.03371344377389594,5.323767867735327
32,34,cap-126,cap-131,False,0.0635344863926457,6.955339344820892
33,0,cap-128,cap-1,False,0.35271058066681477,27.56953721394127
33,1,cap-128,cap-3,False,0.3459090183955113,26.614160147554003
33,2,cap-128,cap-5,False,0.36452025678954075,26.789633973011806
33,3,cap-128,cap-7,False,0.37691250711234403,28.482918355217723
33,4,cap-128,cap-21,False,0.4117151462164373,29.182394658733756
33,5,cap-128,cap-23,False,0.41446321011322734,29.618789212395367
33,6,cap-128,cap-29,False,0.3975494028491096,31.105127005882753
33,7,cap-128,cap-31,False,0.3991278192053083,28.082638386239974
33,8,cap-128,cap-33,False,0.4040669759491396,24.850558149898678
33,9,cap-128,cap-35,False,0.4091863193740026,19.62311739283213
33,10,cap-128,cap-37,False,0.4360601898706946,12.036839836704049
33,11,cap-128,cap-39,False,0.46028828619325385,8.85165331175849
33,12,cap-128,cap-42,False,0.45046606615968837,5.5458423782457436
33,13,cap-128,cap-44,False,0.4437967736490448,6.808972801002036
33,14,cap-128,cap-48,False,0.471968272413848,7.160229146031439
33,15,cap-128,cap-50,False,0.45690104930557096,5.721701830685903
33,16,cap-128,cap-52,False,0.4555550481733222,7.685909149032772
33,17,cap-128,cap-54,False,0.4339579015810073,7.438361599985915
33,18,cap-128,cap-56,False,0.43410570907090884,4.666818120022148
33,19,cap-128,cap-74,True,0.3014861825233684,26.62330305538299
33,20,cap-128,cap-78,True,0.2935262545631506,25.99599184707145
33,21,cap-128,cap-80,True,0.2896582173397283,24.60475609723305
33,22,cap-128,cap-96,False,0.16690651014439703,14.401102754755378
33,23,cap-128,cap-103,False,0.08934989013275767,6.00556230725063
33,24,cap-128,cap-105,False,0.07972453779612867,5.6237165069145245
33,25,cap-128,cap-107,False,0.07055446158412752,7.23305067784065
33,26,cap-128,cap-109,False,0.06180775716354708,6.605162245128661
33,27,cap-128,cap-114,False,0.04622180543507657,7.267999477256759
33,28,cap-128,cap-116,False,0.055719133152733996,7.968629773484165
33,29,cap-128,cap-118,False,0.062287339786368405,7.92915125144132
33,30,cap-128,cap-122,False,0.0774530170096871,8.812520843750406
33,31,cap-128,cap-124,False,0.04774990020318992,6.885733212783127
33,32,cap-128,cap-126,False,0.03371344377389594,5.323767867735327
33,33,cap-128,cap-128,False,0.0,0.015281526040080515
33,34,cap-128,cap-131,False,0.0307330715083013,2.4109537072274647
34,0,cap-131,cap-1,False,0.35159240021939026,25.54236120867104
34,1,cap-131,cap-3,False,0.345225666319038,24.562020895032312
34,2,cap-131,cap-5,False,0.3641498706211102,24.767518700537316
34,3,cap-131,cap-7,False,0.3739496210441514,26.387176902201045
34,4,cap-131,cap-21,False,0.41181617811371857,27.225518439336888
34,5,cap-131,cap-23,False,0.41709805529918187,27.853540373871972
34,6,cap-131,cap-29,False,0.400793013536237,29.486996085307904
34,7,cap-131,cap-31,False,0.4043520682038714,26.54756447324469
34,8,cap-131,cap-33,False,0.4099718785165256,23.367717294473717
34,9,cap-131,cap-35,False,0.41844193067972857,18.429689319348103
34,10,cap-131,cap-37,False,0.44757672978481816,11.056598484972023
34,11,cap-131,cap-39,False,0.47220322494288397,7.947550378808298
34,12,cap-131,cap-42,False,0.4622289949069331,4.221974419954812
34,13,cap-131,cap-44,False,0.4562647569698982,5.6571003912563755
34,14,cap-131,cap-48,False,0.4850466043343819,6.087869980098813
34,15,cap-131,cap-50,False,0.47012531516057865,4.704120832938649
34,16,cap-131,cap-52,False,0.4708577076977371,7.294269634674083
34,17,cap-131,cap-54,False,0.44921369860837645,7.237425286777813
34,18,cap-131,cap-56,False,0.4502012699201302,5.527704296798363
34,19,cap-131,cap-74,True,0.27416163423675466,24.266004092498438
34,20,cap-131,cap-78,True,0.26569540803237646,23.615846890310664
34,21,cap-131,cap-80,True,0.2618463845924387,22.21695496419791
34,22,cap-131,cap-96,False,0.14208606168367496,12.14545917583718
34,23,cap-131,cap-103,False,0.07169220853472336,4.355925106578206
34,24,cap-131,cap-105,False,0.06607905409581849,5.151814438206932
34,25,cap-131,cap-107,False,0.06010530964468046,7.74327971189605
34,26,cap-131,cap-109,False,0.05923634376700863,7.393328149026738
34,27,cap-131,cap-114,False,0.06560856353118491,8.53948449996997
34,28,cap-131,cap-116,False,0.08290961282450017,9.469554822871425
34,29,cap-131,cap-118,False,0.08767254871552779,9.768609872433807
34,30,cap-131,cap-122,False,0.1061753764340894,10.737422809066214
34,31,cap-131,cap-124,False,0.07522802008177291,8.679252488157987
34,32,cap-131,cap-126,False,0.0635344863926457,6.955339344820892
34,33,cap-131,cap-128,False,0.0307330715083013,2.4109537072274647
34,34,cap-131,cap-131,False,0.0,0.0
